work_id,keyword,score,source
W3043664194,Neuromorphic engineering,0.9757150411605835,keyword
W3043664194,Computer architecture,0.5849460363388062,keyword
W3043664194,Terminal (telecommunication),0.5669457316398621,keyword
W3043664194,Computer science,0.5668380260467529,keyword
W3043664194,Computation,0.5647910833358765,keyword
W3043664194,Transistor,0.5094316601753235,keyword
W3043664194,Silicon nanowires,0.48229506611824036,keyword
W3043664194,Nanowire,0.4746302366256714,keyword
W3043664194,Materials science,0.4711006283760071,keyword
W3043664194,Power (physics),0.42244577407836914,keyword
W3043664194,Artificial neural network,0.3810153305530548,keyword
W3043664194,Nanotechnology,0.3546801209449768,keyword
W3043664194,Electronic engineering,0.3407788574695587,keyword
W3043664194,Artificial intelligence,0.3336617946624756,keyword
W3043664194,Electrical engineering,0.213327556848526,keyword
W3043664194,Voltage,0.17916715145111084,keyword
W3043664194,Engineering,0.16384407877922058,keyword
W3043664194,Computer network,0.15841004252433777,keyword
W3043664194,Physics,0.1163141131401062,keyword
W3043664194,Algorithm,0.08789703249931335,keyword
W3043664194,Advanced Memory and Neural Computing,1.0,topic
W3043664194,Neuroscience and Neural Engineering,0.9975000023841858,topic
W3043664194,Ferroelectric and Negative Capacitance Devices,0.9968000054359436,topic
W3135718280,Neuromorphic engineering,0.8239642381668091,keyword
W3135718280,Materials science,0.7783195972442627,keyword
W3135718280,Nanowire,0.5947636365890503,keyword
W3135718280,Transistor,0.5884097218513489,keyword
W3135718280,Long-term potentiation,0.5535651445388794,keyword
W3135718280,Synapse,0.5279416441917419,keyword
W3135718280,Optoelectronics,0.5212417244911194,keyword
W3135718280,Ferroelectricity,0.5088058114051819,keyword
W3135718280,Synaptic plasticity,0.4824005365371704,keyword
W3135718280,Resistor,0.4316733479499817,keyword
W3135718280,Electrical engineering,0.30545610189437866,keyword
W3135718280,Computer science,0.28143414855003357,keyword
W3135718280,Neuroscience,0.2443658411502838,keyword
W3135718280,Voltage,0.20950394868850708,keyword
W3135718280,Artificial neural network,0.20844900608062744,keyword
W3135718280,Artificial intelligence,0.10241082310676575,keyword
W3135718280,Engineering,0.08726489543914795,keyword
W3135718280,Chemistry,0.07840141654014587,keyword
W3135718280,Advanced Memory and Neural Computing,1.0,topic
W3135718280,Ferroelectric and Negative Capacitance Devices,0.9998999834060669,topic
W3135718280,Neuroscience and Neural Engineering,0.9994000196456909,topic
W4308001804,Neuromorphic engineering,0.8785490989685059,keyword
W4308001804,Materials science,0.7604413628578186,keyword
W4308001804,Nanowire,0.6837905645370483,keyword
W4308001804,Optoelectronics,0.6446925401687622,keyword
W4308001804,Synapse,0.4268338680267334,keyword
W4308001804,Nanotechnology,0.3831162452697754,keyword
W4308001804,Computer science,0.30211877822875977,keyword
W4308001804,Artificial neural network,0.2057870626449585,keyword
W4308001804,Neuroscience,0.11002632975578308,keyword
W4308001804,Artificial intelligence,0.07990890741348267,keyword
W4308001804,Advanced Memory and Neural Computing,1.0,topic
W4308001804,Photoreceptor and optogenetics research,0.9987000226974487,topic
W4308001804,Neural Networks and Reservoir Computing,0.9950000047683716,topic
W3157683527,Emulation,0.8003124594688416,keyword
W3157683527,Materials science,0.7010942697525024,keyword
W3157683527,Neuromorphic engineering,0.6838012933731079,keyword
W3157683527,Nanowire,0.6803818941116333,keyword
W3157683527,Transistor,0.5310367345809937,keyword
W3157683527,Neurotransmission,0.5041724443435669,keyword
W3157683527,Nanotechnology,0.45516833662986755,keyword
W3157683527,Neuroscience,0.39444831013679504,keyword
W3157683527,Computer science,0.36276549100875854,keyword
W3157683527,Artificial neural network,0.268155574798584,keyword
W3157683527,Electrical engineering,0.21849963068962097,keyword
W3157683527,Voltage,0.17538920044898987,keyword
W3157683527,Artificial intelligence,0.14708641171455383,keyword
W3157683527,Psychology,0.13119128346443176,keyword
W3157683527,Medicine,0.08592697978019714,keyword
W3157683527,Engineering,0.07778182625770569,keyword
W3157683527,Advanced Memory and Neural Computing,1.0,topic
W3157683527,Neuroscience and Neural Engineering,0.9997000098228455,topic
W3157683527,EEG and Brain-Computer Interfaces,0.9990000128746033,topic
W4387116150,Materials science,0.8422458171844482,keyword
W4387116150,Nanowire,0.6615830659866333,keyword
W4387116150,Optoelectronics,0.6426985859870911,keyword
W4387116150,Annealing (glass),0.5821639895439148,keyword
W4387116150,Transistor,0.5449865460395813,keyword
W4387116150,Dielectric,0.5039789080619812,keyword
W4387116150,Neuromorphic engineering,0.47259506583213806,keyword
W4387116150,Threshold voltage,0.4476446807384491,keyword
W4387116150,Stress (linguistics),0.4307393431663513,keyword
W4387116150,Gate dielectric,0.43006110191345215,keyword
W4387116150,Nanotechnology,0.42859071493148804,keyword
W4387116150,Voltage,0.2087298333644867,keyword
W4387116150,Computer science,0.1382814645767212,keyword
W4387116150,Electrical engineering,0.13046690821647644,keyword
W4387116150,Composite material,0.10110330581665039,keyword
W4387116150,Artificial neural network,0.08566856384277344,keyword
W4387116150,Advanced Memory and Neural Computing,1.0,topic
W4387116150,Semiconductor materials and devices,0.9998999834060669,topic
W4387116150,Ferroelectric and Negative Capacitance Devices,0.9997000098228455,topic
W4396888282,Materials science,0.7787835597991943,keyword
W4396888282,Photocurrent,0.7568873763084412,keyword
W4396888282,Nanowire,0.7528290748596191,keyword
W4396888282,Heterojunction,0.6909158229827881,keyword
W4396888282,Optoelectronics,0.5744959115982056,keyword
W4396888282,Perovskite (structure),0.5667958855628967,keyword
W4396888282,Neuromorphic engineering,0.5034031271934509,keyword
W4396888282,Nanotechnology,0.48692023754119873,keyword
W4396888282,Photonics,0.45550087094306946,keyword
W4396888282,Memristor,0.4241848587989807,keyword
W4396888282,Computer science,0.32161521911621094,keyword
W4396888282,Electronic engineering,0.2475017011165619,keyword
W4396888282,Artificial neural network,0.19720017910003662,keyword
W4396888282,Chemistry,0.10821288824081421,keyword
W4396888282,Advanced Memory and Neural Computing,0.9998000264167786,topic
W4396888282,Photoreceptor and optogenetics research,0.9968000054359436,topic
W4396888282,Perovskite Materials and Applications,0.995199978351593,topic
W3000389053,Metaplasticity,0.7729436755180359,keyword
W3000389053,Nonsynaptic plasticity,0.7255282402038574,keyword
W3000389053,Synaptic plasticity,0.7062719464302063,keyword
W3000389053,Neural facilitation,0.644006073474884,keyword
W3000389053,Long-term potentiation,0.6417131423950195,keyword
W3000389053,Homosynaptic plasticity,0.5994170904159546,keyword
W3000389053,Plasticity,0.5557512044906616,keyword
W3000389053,Materials science,0.48783043026924133,keyword
W3000389053,Synaptic scaling,0.4837660789489746,keyword
W3000389053,Neuroscience,0.47910431027412415,keyword
W3000389053,Spike-timing-dependent plasticity,0.4563198685646057,keyword
W3000389053,Excitatory postsynaptic potential,0.45208942890167236,keyword
W3000389053,Neurotransmission,0.4148465394973755,keyword
W3000389053,Biology,0.1981673240661621,keyword
W3000389053,Inhibitory postsynaptic potential,0.11764070391654968,keyword
W3000389053,Advanced Memory and Neural Computing,1.0,topic
W3000389053,Conducting polymers and applications,0.9991999864578247,topic
W3000389053,Neuroscience and Neural Engineering,0.9972000122070312,topic
W3161616159,Materials science,0.6408286094665527,keyword
W3161616159,Nanowire,0.6185950040817261,keyword
W3161616159,Neuromorphic engineering,0.5949971675872803,keyword
W3161616159,Transistor,0.5921086072921753,keyword
W3161616159,Optoelectronics,0.5618072152137756,keyword
W3161616159,Dual (grammatical number),0.5397864580154419,keyword
W3161616159,Long-term potentiation,0.5275266170501709,keyword
W3161616159,Coupling (piping),0.43693244457244873,keyword
W3161616159,Logic gate,0.4305419921875,keyword
W3161616159,Capacitive coupling,0.42665213346481323,keyword
W3161616159,Computer science,0.39396846294403076,keyword
W3161616159,Electronic engineering,0.35263121128082275,keyword
W3161616159,Electrical engineering,0.3427433967590332,keyword
W3161616159,Voltage,0.23324739933013916,keyword
W3161616159,Engineering,0.1748213768005371,keyword
W3161616159,Artificial neural network,0.1295391321182251,keyword
W3161616159,Chemistry,0.08989483118057251,keyword
W3161616159,Advanced Memory and Neural Computing,1.0,topic
W3161616159,Ferroelectric and Negative Capacitance Devices,0.9994000196456909,topic
W3161616159,Semiconductor materials and devices,0.9990000128746033,topic
W4353045975,Neuromorphic engineering,0.9917340278625488,keyword
W4353045975,Von Neumann architecture,0.6754559278488159,keyword
W4353045975,Memristor,0.6164736747741699,keyword
W4353045975,Computer science,0.6124230623245239,keyword
W4353045975,Computer architecture,0.4726152718067169,keyword
W4353045975,Neuroscience,0.3424491286277771,keyword
W4353045975,Artificial neural network,0.340615838766098,keyword
W4353045975,Artificial intelligence,0.2864028811454773,keyword
W4353045975,Electronic engineering,0.2784866690635681,keyword
W4353045975,Engineering,0.18678826093673706,keyword
W4353045975,Biology,0.08146536350250244,keyword
W4353045975,Advanced Memory and Neural Computing,1.0,topic
W4353045975,Neural Networks and Reservoir Computing,0.9991000294685364,topic
W4353045975,Ferroelectric and Negative Capacitance Devices,0.998199999332428,topic
W4408224953,Nanowire,0.5580205321311951,keyword
W4408224953,Transistor,0.5413557887077332,keyword
W4408224953,SIGNAL (programming language),0.48802509903907776,keyword
W4408224953,Computer science,0.4863503575325012,keyword
W4408224953,Signal processing,0.4845937490463257,keyword
W4408224953,Materials science,0.45165857672691345,keyword
W4408224953,Nanotechnology,0.38866856694221497,keyword
W4408224953,Neuroscience,0.3822038173675537,keyword
W4408224953,Computer architecture,0.3698456883430481,keyword
W4408224953,Electronic engineering,0.36143189668655396,keyword
W4408224953,Electrical engineering,0.35689878463745117,keyword
W4408224953,Computer hardware,0.22877934575080872,keyword
W4408224953,Engineering,0.20516616106033325,keyword
W4408224953,Voltage,0.1403614580631256,keyword
W4408224953,Digital signal processing,0.11321514844894409,keyword
W4408224953,Psychology,0.10892245173454285,keyword
W4408224953,Advanced Memory and Neural Computing,0.9997000098228455,topic
W4408224953,Neuroscience and Neural Engineering,0.9937999844551086,topic
W4408224953,EEG and Brain-Computer Interfaces,0.9912999868392944,topic
W4224983273,Nanowire,0.8430344462394714,keyword
W4224983273,Materials science,0.8002802729606628,keyword
W4224983273,Optoelectronics,0.5227378010749817,keyword
W4224983273,Transistor,0.5176123380661011,keyword
W4224983273,Nanotechnology,0.506168782711029,keyword
W4224983273,Long-term potentiation,0.4962936043739319,keyword
W4224983273,Computer science,0.3311309814453125,keyword
W4224983273,Voltage,0.253462016582489,keyword
W4224983273,Electrical engineering,0.18273720145225525,keyword
W4224983273,Chemistry,0.07969382405281067,keyword
W4224983273,Advanced Memory and Neural Computing,1.0,topic
W4224983273,Neural Networks and Reservoir Computing,0.9972000122070312,topic
W4224983273,Ferroelectric and Negative Capacitance Devices,0.9965000152587891,topic
W4399379699,Materials science,0.664695680141449,keyword
W4399379699,Transistor,0.5286315679550171,keyword
W4399379699,Neuromuscular junction,0.4641246795654297,keyword
W4399379699,Optoelectronics,0.43216753005981445,keyword
W4399379699,Nanowire,0.42971447110176086,keyword
W4399379699,Nanotechnology,0.4090663194656372,keyword
W4399379699,Neuroscience,0.3864714801311493,keyword
W4399379699,Electrical engineering,0.20741486549377441,keyword
W4399379699,Voltage,0.13086196780204773,keyword
W4399379699,Engineering,0.12919744849205017,keyword
W4399379699,Biology,0.09251788258552551,keyword
W4399379699,Analytical Chemistry and Sensors,0.995199978351593,topic
W4399379699,Advanced Memory and Neural Computing,0.9950000047683716,topic
W4399379699,Neuroscience and Neural Engineering,0.9854999780654907,topic
W4393233451,Transistor,0.7186846733093262,keyword
W4393233451,Materials science,0.6842061281204224,keyword
W4393233451,Nanowire,0.6058087944984436,keyword
W4393233451,Optoelectronics,0.5828655362129211,keyword
W4393233451,Heterojunction,0.5667392015457153,keyword
W4393233451,Perovskite (structure),0.48715850710868835,keyword
W4393233451,Computer science,0.4270375967025757,keyword
W4393233451,Nanotechnology,0.33662596344947815,keyword
W4393233451,Chemistry,0.16709038615226746,keyword
W4393233451,Electrical engineering,0.15165838599205017,keyword
W4393233451,Engineering,0.1308555006980896,keyword
W4393233451,Voltage,0.1026025116443634,keyword
W4393233451,Advanced Memory and Neural Computing,1.0,topic
W4393233451,Photoreceptor and optogenetics research,0.9983999729156494,topic
W4393233451,Conducting polymers and applications,0.9966999888420105,topic
W3181563526,Neuromorphic engineering,0.8164349794387817,keyword
W3181563526,Long-term potentiation,0.7634319067001343,keyword
W3181563526,Nanowire,0.68626469373703,keyword
W3181563526,Materials science,0.6576460003852844,keyword
W3181563526,CMOS,0.601242184638977,keyword
W3181563526,Transistor,0.5871115326881409,keyword
W3181563526,MNIST database,0.5659744739532471,keyword
W3181563526,Optoelectronics,0.5216230154037476,keyword
W3181563526,Computer science,0.402576744556427,keyword
W3181563526,Nanotechnology,0.3623870611190796,keyword
W3181563526,Electronic engineering,0.3571974039077759,keyword
W3181563526,Electrical engineering,0.34162604808807373,keyword
W3181563526,Artificial neural network,0.29214149713516235,keyword
W3181563526,Voltage,0.1859849989414215,keyword
W3181563526,Artificial intelligence,0.18187004327774048,keyword
W3181563526,Engineering,0.1790980100631714,keyword
W3181563526,Chemistry,0.13027745485305786,keyword
W3181563526,Advanced Memory and Neural Computing,1.0,topic
W3181563526,Ferroelectric and Negative Capacitance Devices,0.9995999932289124,topic
W3181563526,Neuroscience and Neural Engineering,0.9988999962806702,topic
W3199352316,Neuromorphic engineering,0.8618260622024536,keyword
W3199352316,Long-term potentiation,0.6566137671470642,keyword
W3199352316,Synaptic weight,0.6391894817352295,keyword
W3199352316,Materials science,0.6049715280532837,keyword
W3199352316,Optoelectronics,0.5150951743125916,keyword
W3199352316,Computer science,0.4281710684299469,keyword
W3199352316,Controllability,0.4281563460826874,keyword
W3199352316,Artificial neural network,0.323352575302124,keyword
W3199352316,Artificial intelligence,0.12552765011787415,keyword
W3199352316,Chemistry,0.1234554648399353,keyword
W3199352316,Advanced Memory and Neural Computing,1.0,topic
W3199352316,Neuroscience and Neural Engineering,0.9988999962806702,topic
W3199352316,Ferroelectric and Negative Capacitance Devices,0.996999979019165,topic
W4386324869,Neuromorphic engineering,0.9318772554397583,keyword
W4386324869,Materials science,0.6326661109924316,keyword
W4386324869,Nanowire,0.6073029637336731,keyword
W4386324869,Neural facilitation,0.6025348901748657,keyword
W4386324869,Synapse,0.574905514717102,keyword
W4386324869,Synaptic weight,0.5367974042892456,keyword
W4386324869,Energy consumption,0.5297910571098328,keyword
W4386324869,Photonics,0.5031723380088806,keyword
W4386324869,Computer science,0.4993925094604492,keyword
W4386324869,Neuroscience,0.4778677821159363,keyword
W4386324869,Artificial neural network,0.4697055518627167,keyword
W4386324869,Synaptic plasticity,0.4620373249053955,keyword
W4386324869,Spiking neural network,0.42817479372024536,keyword
W4386324869,Optoelectronics,0.40506237745285034,keyword
W4386324869,Nanotechnology,0.36137357354164124,keyword
W4386324869,Artificial intelligence,0.3523291051387787,keyword
W4386324869,Electrical engineering,0.16298788785934448,keyword
W4386324869,Chemistry,0.1270730197429657,keyword
W4386324869,Excitatory postsynaptic potential,0.12504899501800537,keyword
W4386324869,Engineering,0.11749139428138733,keyword
W4386324869,Psychology,0.10671922564506531,keyword
W4386324869,Advanced Memory and Neural Computing,1.0,topic
W4386324869,Neural Networks and Reservoir Computing,0.9988999962806702,topic
W4386324869,Photoreceptor and optogenetics research,0.9976000189781189,topic
W4404590646,Materials science,0.8785973787307739,keyword
W4404590646,Nanowire,0.7007676362991333,keyword
W4404590646,Biometrics,0.6284312009811401,keyword
W4404590646,Perovskite (structure),0.6025682687759399,keyword
W4404590646,Polarization (electrochemistry),0.5598576664924622,keyword
W4404590646,Transistor,0.5292296409606934,keyword
W4404590646,Optoelectronics,0.459328830242157,keyword
W4404590646,Nanotechnology,0.3514130115509033,keyword
W4404590646,Computer science,0.12612587213516235,keyword
W4404590646,Electrical engineering,0.11452311277389526,keyword
W4404590646,Artificial intelligence,0.089358389377594,keyword
W4404590646,Voltage,0.08681890368461609,keyword
W4404590646,Chemical engineering,0.07335415482521057,keyword
W4404590646,Advanced Memory and Neural Computing,0.9998999834060669,topic
W4404590646,Perovskite Materials and Applications,0.9998000264167786,topic
W4404590646,Nanowire Synthesis and Applications,0.9986000061035156,topic
W3042277388,Memristor,0.8531964421272278,keyword
W3042277388,Neuromorphic engineering,0.6240606307983398,keyword
W3042277388,Materials science,0.5962409973144531,keyword
W3042277388,Spice,0.5762683749198914,keyword
W3042277388,Nanowire,0.5129373073577881,keyword
W3042277388,Long-term potentiation,0.49538862705230713,keyword
W3042277388,Voltage,0.4639762043952942,keyword
W3042277388,Thermal conduction,0.44307392835617065,keyword
W3042277388,Optoelectronics,0.4096418619155884,keyword
W3042277388,Physics,0.38025563955307007,keyword
W3042277388,Condensed matter physics,0.3758465051651001,keyword
W3042277388,Electronic engineering,0.33827245235443115,keyword
W3042277388,Computer science,0.2218891680240631,keyword
W3042277388,Quantum mechanics,0.15162596106529236,keyword
W3042277388,Chemistry,0.14347073435783386,keyword
W3042277388,Artificial neural network,0.12413614988327026,keyword
W3042277388,Engineering,0.11940288543701172,keyword
W3042277388,Advanced Memory and Neural Computing,1.0,topic
W3042277388,Neuroscience and Neural Engineering,0.9994999766349792,topic
W3042277388,Ferroelectric and Negative Capacitance Devices,0.9969000220298767,topic
W4383816383,Neuromorphic engineering,0.7947367429733276,keyword
W4383816383,Memristor,0.6572346687316895,keyword
W4383816383,Nanowire,0.5558741092681885,keyword
W4383816383,Computer science,0.5442521572113037,keyword
W4383816383,Materials science,0.535156786441803,keyword
W4383816383,Artificial neural network,0.4846935570240021,keyword
W4383816383,Von Neumann architecture,0.46942952275276184,keyword
W4383816383,Computer architecture,0.3782455623149872,keyword
W4383816383,Artificial intelligence,0.3302401900291443,keyword
W4383816383,Nanotechnology,0.30607134103775024,keyword
W4383816383,Electronic engineering,0.2813180685043335,keyword
W4383816383,Engineering,0.13044658303260803,keyword
W4383816383,Advanced Memory and Neural Computing,1.0,topic
W4383816383,CCD and CMOS Imaging Sensors,0.9979000091552734,topic
W4383816383,Transition Metal Oxide Nanomaterials,0.9952999949455261,topic
W4317884351,Materials science,0.9140744805335999,keyword
W4317884351,Nanowire,0.7103642225265503,keyword
W4317884351,Heterojunction,0.600540280342102,keyword
W4317884351,Optoelectronics,0.5499758124351501,keyword
W4317884351,Transistor,0.5274296402931213,keyword
W4317884351,Nanotechnology,0.5018668174743652,keyword
W4317884351,Semiconductor,0.4842092990875244,keyword
W4317884351,Electrical engineering,0.11211860179901123,keyword
W4317884351,Voltage,0.09549400210380554,keyword
W4317884351,Advanced Memory and Neural Computing,1.0,topic
W4317884351,CCD and CMOS Imaging Sensors,0.9955000281333923,topic
W4317884351,Transition Metal Oxide Nanomaterials,0.9947999715805054,topic
W3204457379,Reservoir computing,0.890219509601593,keyword
W3204457379,Neuromorphic engineering,0.8314388990402222,keyword
W3204457379,Computer science,0.7160646915435791,keyword
W3204457379,Nanowire,0.5546009540557861,keyword
W3204457379,Crossbar switch,0.5307552814483643,keyword
W3204457379,Memristor,0.5171541571617126,keyword
W3204457379,Realization (probability),0.4811371862888336,keyword
W3204457379,Computer architecture,0.46918725967407227,keyword
W3204457379,Topology (electrical circuits),0.39327967166900635,keyword
W3204457379,Artificial neural network,0.3732632100582123,keyword
W3204457379,Distributed computing,0.37305977940559387,keyword
W3204457379,Artificial intelligence,0.3458065390586853,keyword
W3204457379,Nanotechnology,0.2461889684200287,keyword
W3204457379,Electronic engineering,0.18820738792419434,keyword
W3204457379,Materials science,0.18811485171318054,keyword
W3204457379,Recurrent neural network,0.1482645571231842,keyword
W3204457379,Engineering,0.104474276304245,keyword
W3204457379,Telecommunications,0.10327234864234924,keyword
W3204457379,Electrical engineering,0.09914708137512207,keyword
W3204457379,Advanced Memory and Neural Computing,1.0,topic
W3204457379,Neural Networks and Reservoir Computing,0.9998000264167786,topic
W3204457379,Neural dynamics and brain function,0.9980999827384949,topic
W3005122425,Nanowire,0.7575260996818542,keyword
W3005122425,Transistor,0.7555404901504517,keyword
W3005122425,Materials science,0.7291501760482788,keyword
W3005122425,Neuromorphic engineering,0.6579040288925171,keyword
W3005122425,Nanotechnology,0.4583120048046112,keyword
W3005122425,Memristor,0.4508046507835388,keyword
W3005122425,Optoelectronics,0.43029534816741943,keyword
W3005122425,Filter (signal processing),0.4106210172176361,keyword
W3005122425,Electronic engineering,0.3251489996910095,keyword
W3005122425,Artificial neural network,0.2922310531139374,keyword
W3005122425,Electrical engineering,0.27419930696487427,keyword
W3005122425,Computer science,0.2638264298439026,keyword
W3005122425,Voltage,0.20786643028259277,keyword
W3005122425,Engineering,0.20366251468658447,keyword
W3005122425,Artificial intelligence,0.11830058693885803,keyword
W3005122425,Advanced Memory and Neural Computing,1.0,topic
W3005122425,Neuroscience and Neural Engineering,0.9986000061035156,topic
W3005122425,Photoreceptor and optogenetics research,0.9965999722480774,topic
W3041522446,Materials science,0.8796812295913696,keyword
W3041522446,Nanowire,0.7661725282669067,keyword
W3041522446,Nanotechnology,0.5282192230224609,keyword
W3041522446,Synapse,0.48896801471710205,keyword
W3041522446,Transistor,0.47962650656700134,keyword
W3041522446,Bending,0.4261947274208069,keyword
W3041522446,Optoelectronics,0.4025604724884033,keyword
W3041522446,Composite material,0.34000372886657715,keyword
W3041522446,Electrical engineering,0.10854583978652954,keyword
W3041522446,Advanced Memory and Neural Computing,1.0,topic
W3041522446,Perovskite Materials and Applications,0.9991999864578247,topic
W3041522446,Advanced Sensor and Energy Harvesting Materials,0.9988999962806702,topic
W4307640647,Materials science,0.7875094413757324,keyword
W4307640647,Optoelectronics,0.6589479446411133,keyword
W4307640647,Neuromorphic engineering,0.5675675272941589,keyword
W4307640647,Long-term potentiation,0.5284188985824585,keyword
W4307640647,Nanowire,0.5072116851806641,keyword
W4307640647,Transistor,0.5070745944976807,keyword
W4307640647,Synaptic plasticity,0.47259125113487244,keyword
W4307640647,Synaptic weight,0.44302380084991455,keyword
W4307640647,Postsynaptic Current,0.4236640930175781,keyword
W4307640647,Voltage,0.4092194437980652,keyword
W4307640647,Nanotechnology,0.3718821406364441,keyword
W4307640647,Electrical engineering,0.28748762607574463,keyword
W4307640647,Neuroscience,0.23650243878364563,keyword
W4307640647,Computer science,0.1535862386226654,keyword
W4307640647,Patch clamp,0.13030216097831726,keyword
W4307640647,Electrophysiology,0.12722957134246826,keyword
W4307640647,Chemistry,0.08955222368240356,keyword
W4307640647,Artificial neural network,0.0887121856212616,keyword
W4307640647,Advanced Memory and Neural Computing,1.0,topic
W4307640647,Neuroscience and Neural Engineering,0.9991000294685364,topic
W4307640647,Photoreceptor and optogenetics research,0.9966999888420105,topic
W3210211693,Materials science,0.7413263320922852,keyword
W3210211693,Term (time),0.6866067051887512,keyword
W3210211693,Nanowire,0.6256998777389526,keyword
W3210211693,Computation,0.6019784212112427,keyword
W3210211693,Transistor,0.5423984527587891,keyword
W3210211693,Synaptic plasticity,0.5303260684013367,keyword
W3210211693,Nanotechnology,0.5268204212188721,keyword
W3210211693,Optoelectronics,0.4542657732963562,keyword
W3210211693,Computer science,0.4132012724876404,keyword
W3210211693,Electrical engineering,0.17623600363731384,keyword
W3210211693,Engineering,0.11308881640434265,keyword
W3210211693,Physics,0.1053415834903717,keyword
W3210211693,Chemistry,0.09551328420639038,keyword
W3210211693,Algorithm,0.06401056051254272,keyword
W3210211693,Voltage,0.05990111827850342,keyword
W3210211693,Advanced Memory and Neural Computing,1.0,topic
W3210211693,Transition Metal Oxide Nanomaterials,0.9986000061035156,topic
W3210211693,Neuroscience and Neural Engineering,0.9975000023841858,topic
W4386830977,Materials science,0.7630451917648315,keyword
W4386830977,Transistor,0.6742917895317078,keyword
W4386830977,Optoelectronics,0.5911062955856323,keyword
W4386830977,Nanowire,0.5026745796203613,keyword
W4386830977,Synaptic plasticity,0.48616740107536316,keyword
W4386830977,Excitatory postsynaptic potential,0.47944679856300354,keyword
W4386830977,Neural facilitation,0.42976754903793335,keyword
W4386830977,Nanotechnology,0.3572777509689331,keyword
W4386830977,Voltage,0.327501505613327,keyword
W4386830977,Electrical engineering,0.22385439276695251,keyword
W4386830977,Neuroscience,0.22123846411705017,keyword
W4386830977,Inhibitory postsynaptic potential,0.13455873727798462,keyword
W4386830977,Chemistry,0.130964457988739,keyword
W4386830977,Psychology,0.07159844040870667,keyword
W4386830977,Engineering,0.07014745473861694,keyword
W4386830977,Advanced Memory and Neural Computing,1.0,topic
W4386830977,Neuroscience and Neural Engineering,0.9995999932289124,topic
W4386830977,Ferroelectric and Negative Capacitance Devices,0.9984999895095825,topic
W4385416056,Neuromorphic engineering,0.9355717897415161,keyword
W4385416056,Synapse,0.6283336877822876,keyword
W4385416056,Computer science,0.559859037399292,keyword
W4385416056,Materials science,0.5339564085006714,keyword
W4385416056,Synaptic weight,0.5087800621986389,keyword
W4385416056,Nanowire,0.47751039266586304,keyword
W4385416056,Long-term potentiation,0.44448989629745483,keyword
W4385416056,Neuroscience,0.3945535719394684,keyword
W4385416056,Artificial intelligence,0.38513684272766113,keyword
W4385416056,Optoelectronics,0.35709643363952637,keyword
W4385416056,Artificial neural network,0.33938831090927124,keyword
W4385416056,Chemistry,0.12060174345970154,keyword
W4385416056,Biology,0.08130070567131042,keyword
W4385416056,Advanced Memory and Neural Computing,1.0,topic
W4385416056,Photoreceptor and optogenetics research,0.9972000122070312,topic
W4385416056,Neural Networks and Reservoir Computing,0.9950000047683716,topic
W4391733927,Trapping,0.7607266902923584,keyword
W4391733927,Nanowire,0.7253401875495911,keyword
W4391733927,Hysteresis,0.7187814116477966,keyword
W4391733927,Optoelectronics,0.5334352254867554,keyword
W4391733927,Voltage,0.5263230204582214,keyword
W4391733927,Current (fluid),0.5003402233123779,keyword
W4391733927,Materials science,0.4915696084499359,keyword
W4391733927,Nanotechnology,0.44964444637298584,keyword
W4391733927,Charge (physics),0.4389907121658325,keyword
W4391733927,Electrical engineering,0.2521194517612457,keyword
W4391733927,Condensed matter physics,0.19542747735977173,keyword
W4391733927,Physics,0.17997825145721436,keyword
W4391733927,Advanced Memory and Neural Computing,1.0,topic
W4391733927,Neural dynamics and brain function,0.9994999766349792,topic
W4391733927,Neuroscience and Neural Engineering,0.9994999766349792,topic
W4402189208,Neuromorphic engineering,0.9119166135787964,keyword
W4402189208,Materials science,0.6251429319381714,keyword
W4402189208,Synapse,0.561083972454071,keyword
W4402189208,Nanowire,0.5578480958938599,keyword
W4402189208,Optoelectronics,0.47064632177352905,keyword
W4402189208,Synaptic plasticity,0.426950067281723,keyword
W4402189208,Semiconductor,0.426433801651001,keyword
W4402189208,Nanotechnology,0.392574667930603,keyword
W4402189208,Computer science,0.3179774284362793,keyword
W4402189208,Neuroscience,0.2859935760498047,keyword
W4402189208,Chemistry,0.20492690801620483,keyword
W4402189208,Biology,0.13445547223091125,keyword
W4402189208,Artificial neural network,0.10091701149940491,keyword
W4402189208,Receptor,0.0825330913066864,keyword
W4402189208,Artificial intelligence,0.08222880959510803,keyword
W4402189208,Advanced Memory and Neural Computing,0.9998999834060669,topic
W4402189208,Photoreceptor and optogenetics research,0.9940999746322632,topic
W4402189208,Neuroscience and Neural Engineering,0.983299970626831,topic
W4408850222,Neuromorphic engineering,0.9310139417648315,keyword
W4408850222,Nanowire,0.6425207853317261,keyword
W4408850222,Materials science,0.5922203063964844,keyword
W4408850222,Image denoising,0.4484887719154358,keyword
W4408850222,Image (mathematics),0.4319768249988556,keyword
W4408850222,Computer science,0.3533416986465454,keyword
W4408850222,Nanotechnology,0.3510724902153015,keyword
W4408850222,Composite material,0.3421730399131775,keyword
W4408850222,Artificial intelligence,0.2829546630382538,keyword
W4408850222,Artificial neural network,0.21441933512687683,keyword
W4408850222,Advanced Memory and Neural Computing,0.9998999834060669,topic
W4408850222,Neuroscience and Neural Engineering,0.9976000189781189,topic
W4408850222,Nanowire Synthesis and Applications,0.9958000183105469,topic
W4362721936,Neuromorphic engineering,0.7908340096473694,keyword
W4362721936,Computer science,0.5828036665916443,keyword
W4362721936,Artificial intelligence,0.5544101595878601,keyword
W4362721936,Computer vision,0.5479674935340881,keyword
W4362721936,Materials science,0.4942372143268585,keyword
W4362721936,Human eye,0.4854755699634552,keyword
W4362721936,Optics,0.4782071113586426,keyword
W4362721936,Adaptive optics,0.47250211238861084,keyword
W4362721936,Color filter array,0.45685771107673645,keyword
W4362721936,Color vision,0.44085922837257385,keyword
W4362721936,Primary color,0.43234750628471375,keyword
W4362721936,Filter (signal processing),0.4141237139701843,keyword
W4362721936,Color gel,0.4000686705112457,keyword
W4362721936,Artificial neural network,0.3034217059612274,keyword
W4362721936,Physics,0.16305890679359436,keyword
W4362721936,Nanotechnology,0.15801984071731567,keyword
W4362721936,Layer (electronics),0.10296735167503357,keyword
W4362721936,Advanced Memory and Neural Computing,0.9993000030517578,topic
W4362721936,Photoreceptor and optogenetics research,0.998199999332428,topic
W4362721936,CCD and CMOS Imaging Sensors,0.9962000250816345,topic
W4401595867,Silicon carbide,0.6888720393180847,keyword
W4401595867,Nanowire,0.6815038919448853,keyword
W4401595867,Adaptation (eye),0.591522753238678,keyword
W4401595867,Materials science,0.5770419836044312,keyword
W4401595867,Silicon nanowires,0.5578737854957581,keyword
W4401595867,Photoelectric effect,0.546693742275238,keyword
W4401595867,Neuroscience,0.5157523155212402,keyword
W4401595867,Nanotechnology,0.43521690368652344,keyword
W4401595867,Artificial neural network,0.41117021441459656,keyword
W4401595867,Optoelectronics,0.3583260774612427,keyword
W4401595867,Computer science,0.32573580741882324,keyword
W4401595867,Artificial intelligence,0.2057967185974121,keyword
W4401595867,Psychology,0.18757060170173645,keyword
W4401595867,Composite material,0.08836376667022705,keyword
W4401595867,Advanced Memory and Neural Computing,1.0,topic
W4401595867,Neural Networks and Reservoir Computing,0.9983000159263611,topic
W4401595867,CCD and CMOS Imaging Sensors,0.9977999925613403,topic
W4389058764,Materials science,0.8321331739425659,keyword
W4389058764,Optoelectronics,0.6627877354621887,keyword
W4389058764,Transistor,0.6004082560539246,keyword
W4389058764,Nanowire,0.5214387774467468,keyword
W4389058764,Dielectric,0.46429476141929626,keyword
W4389058764,Nanotechnology,0.42679959535598755,keyword
W4389058764,Gate dielectric,0.4203830063343048,keyword
W4389058764,Electrical engineering,0.1731836199760437,keyword
W4389058764,Voltage,0.15887874364852905,keyword
W4389058764,Advanced Memory and Neural Computing,1.0,topic
W4389058764,Neuroscience and Neural Engineering,0.9994000196456909,topic
W4389058764,CCD and CMOS Imaging Sensors,0.9988999962806702,topic
W4281764731,Electronic skin,0.6423584222793579,keyword
W4281764731,Computer science,0.6046061515808105,keyword
W4281764731,Transistor,0.5390419960021973,keyword
W4281764731,Excitatory postsynaptic potential,0.5246315598487854,keyword
W4281764731,Neuroscience,0.5044912099838257,keyword
W4281764731,Robot,0.45673322677612305,keyword
W4281764731,Synapse,0.4326869249343872,keyword
W4281764731,Neuromorphic engineering,0.4157974123954773,keyword
W4281764731,Materials science,0.3767740726470947,keyword
W4281764731,Inhibitory postsynaptic potential,0.36453697085380554,keyword
W4281764731,Artificial intelligence,0.3000717759132385,keyword
W4281764731,Artificial neural network,0.2972288727760315,keyword
W4281764731,Nanotechnology,0.23906612396240234,keyword
W4281764731,Electrical engineering,0.17385071516036987,keyword
W4281764731,Biology,0.1431092917919159,keyword
W4281764731,Engineering,0.12954041361808777,keyword
W4281764731,Voltage,0.10848122835159302,keyword
W4281764731,Advanced Memory and Neural Computing,1.0,topic
W4281764731,Advanced Sensor and Energy Harvesting Materials,0.9993000030517578,topic
W4281764731,Neuroscience and Neural Engineering,0.9993000030517578,topic
W3175543427,Neuromorphic engineering,0.9465039968490601,keyword
W3175543427,Edge of chaos,0.9223788976669312,keyword
W3175543427,Computer science,0.5908937454223633,keyword
W3175543427,Enhanced Data Rates for GSM Evolution,0.5499465465545654,keyword
W3175543427,Nanowire,0.51165372133255,keyword
W3175543427,Noise (video),0.5039030909538269,keyword
W3175543427,Artificial neural network,0.4728553295135498,keyword
W3175543427,Information processing,0.45753031969070435,keyword
W3175543427,Complex system,0.43191292881965637,keyword
W3175543427,Complex dynamics,0.4293038845062256,keyword
W3175543427,Statistical physics,0.41408973932266235,keyword
W3175543427,Physics,0.396321177482605,keyword
W3175543427,Artificial intelligence,0.3849051594734192,keyword
W3175543427,Neuroscience,0.37235385179519653,keyword
W3175543427,Topology (electrical circuits),0.33377230167388916,keyword
W3175543427,Biology,0.14502474665641785,keyword
W3175543427,Mathematics,0.10292980074882507,keyword
W3175543427,Optoelectronics,0.09451410174369812,keyword
W3175543427,Advanced Memory and Neural Computing,0.9998999834060669,topic
W3175543427,Neural dynamics and brain function,0.9998999834060669,topic
W3175543427,stochastic dynamics and bifurcation,0.9987999796867371,topic
W4308787062,Long-term potentiation,0.9080783128738403,keyword
W4308787062,Optoelectronics,0.6749150156974792,keyword
W4308787062,Nanowire,0.6336358785629272,keyword
W4308787062,Materials science,0.6267604231834412,keyword
W4308787062,Transistor,0.5793448686599731,keyword
W4308787062,Neuromorphic engineering,0.5137346982955933,keyword
W4308787062,Field-effect transistor,0.5087884068489075,keyword
W4308787062,Voltage,0.3463532328605652,keyword
W4308787062,Electrical engineering,0.2836587429046631,keyword
W4308787062,Chemistry,0.19640183448791504,keyword
W4308787062,Computer science,0.15953272581100464,keyword
W4308787062,Engineering,0.0992293655872345,keyword
W4308787062,Artificial neural network,0.0688786506652832,keyword
W4308787062,Advanced Memory and Neural Computing,1.0,topic
W4308787062,Semiconductor materials and devices,0.9994000196456909,topic
W4308787062,Ferroelectric and Negative Capacitance Devices,0.9990000128746033,topic
W4366603664,Metaplasticity,0.7687482833862305,keyword
W4366603664,Working memory,0.6359723210334778,keyword
W4366603664,Neuroscience,0.6212314963340759,keyword
W4366603664,Task (project management),0.5990385413169861,keyword
W4366603664,Neuromorphic engineering,0.5844228863716125,keyword
W4366603664,Synaptic plasticity,0.5658926963806152,keyword
W4366603664,Computer science,0.5572888851165771,keyword
W4366603664,Cognition,0.4818874001502991,keyword
W4366603664,Synapse,0.4534003436565399,keyword
W4366603664,Artificial intelligence,0.3624242842197418,keyword
W4366603664,Psychology,0.3120483160018921,keyword
W4366603664,Artificial neural network,0.30900681018829346,keyword
W4366603664,Biology,0.16819241642951965,keyword
W4366603664,Engineering,0.09638664126396179,keyword
W4366603664,Advanced Memory and Neural Computing,0.9998999834060669,topic
W4366603664,Neural dynamics and brain function,0.9997000098228455,topic
W4366603664,Neuroscience and Neural Engineering,0.9987000226974487,topic
W4292156427,Neuromorphic engineering,0.8555525541305542,keyword
W4292156427,Neuroprosthetics,0.7096875905990601,keyword
W4292156427,Neurorehabilitation,0.6990740895271301,keyword
W4292156427,Neuroscience,0.6223226189613342,keyword
W4292156427,Proprioception,0.4412652552127838,keyword
W4292156427,Efferent,0.4178146719932556,keyword
W4292156427,Biomedical engineering,0.3991779088973999,keyword
W4292156427,Computer science,0.3939841687679291,keyword
W4292156427,Materials science,0.3819440007209778,keyword
W4292156427,Afferent,0.28051337599754333,keyword
W4292156427,Medicine,0.25745102763175964,keyword
W4292156427,Artificial neural network,0.14954206347465515,keyword
W4292156427,Artificial intelligence,0.1403043568134308,keyword
W4292156427,Psychology,0.13629788160324097,keyword
W4292156427,Rehabilitation,0.09112852811813354,keyword
W4292156427,Advanced Sensor and Energy Harvesting Materials,0.9998000264167786,topic
W4292156427,Advanced Memory and Neural Computing,0.9998000264167786,topic
W4292156427,Neuroscience and Neural Engineering,0.9995999932289124,topic
W3033458297,Computer science,0.6670709848403931,keyword
W3033458297,Nanowire,0.6546642780303955,keyword
W3033458297,Realization (probability),0.630752682685852,keyword
W3033458297,Artificial neural network,0.5190118551254272,keyword
W3033458297,Terminal (telecommunication),0.4825293719768524,keyword
W3033458297,Biological neural network,0.4522151052951813,keyword
W3033458297,Memristor,0.4238203763961792,keyword
W3033458297,Crossbar switch,0.4181072413921356,keyword
W3033458297,Topology (electrical circuits),0.39365270733833313,keyword
W3033458297,Artificial intelligence,0.3688749372959137,keyword
W3033458297,Nanotechnology,0.35339051485061646,keyword
W3033458297,Neuroscience,0.3323197364807129,keyword
W3033458297,Materials science,0.19148308038711548,keyword
W3033458297,Electronic engineering,0.16345378756523132,keyword
W3033458297,Engineering,0.13088425993919373,keyword
W3033458297,Electrical engineering,0.12224119901657104,keyword
W3033458297,Biology,0.1076602041721344,keyword
W3033458297,Telecommunications,0.10021576285362244,keyword
W3033458297,Machine learning,0.09896886348724365,keyword
W3033458297,Advanced Memory and Neural Computing,1.0,topic
W3033458297,Neural dynamics and brain function,0.9991000294685364,topic
W3033458297,Photoreceptor and optogenetics research,0.9987000226974487,topic
W3210398018,Neuromorphic engineering,0.8667192459106445,keyword
W3210398018,Materials science,0.8573304414749146,keyword
W3210398018,Nanowire,0.680033802986145,keyword
W3210398018,Optoelectronics,0.6031913161277771,keyword
W3210398018,Memristor,0.5796283483505249,keyword
W3210398018,Modulation (music),0.5177809000015259,keyword
W3210398018,Long-term potentiation,0.439956933259964,keyword
W3210398018,Ferroelectricity,0.43515336513519287,keyword
W3210398018,Artificial neural network,0.40797314047813416,keyword
W3210398018,Electronic engineering,0.34617817401885986,keyword
W3210398018,Nanotechnology,0.328945517539978,keyword
W3210398018,Computer science,0.22831761837005615,keyword
W3210398018,Artificial intelligence,0.11282843351364136,keyword
W3210398018,Dielectric,0.08234763145446777,keyword
W3210398018,Advanced Memory and Neural Computing,1.0,topic
W3210398018,Ferroelectric and Negative Capacitance Devices,0.9994999766349792,topic
W3210398018,Transition Metal Oxide Nanomaterials,0.9979000091552734,topic
W4384344223,Neuromorphic engineering,0.8608500957489014,keyword
W4384344223,Materials science,0.6717671155929565,keyword
W4384344223,Graphene,0.6202081441879272,keyword
W4384344223,Synapse,0.5965527296066284,keyword
W4384344223,Neural facilitation,0.542975902557373,keyword
W4384344223,Heterojunction,0.5399467945098877,keyword
W4384344223,Nanowire,0.5278981328010559,keyword
W4384344223,Computer science,0.5217893123626709,keyword
W4384344223,Optoelectronics,0.44827672839164734,keyword
W4384344223,Photonics,0.44600123167037964,keyword
W4384344223,Nanotechnology,0.3761850595474243,keyword
W4384344223,Artificial intelligence,0.3360186219215393,keyword
W4384344223,Neuroscience,0.3121342658996582,keyword
W4384344223,Artificial neural network,0.2916030287742615,keyword
W4384344223,Excitatory postsynaptic potential,0.12996429204940796,keyword
W4384344223,Biology,0.10591161251068115,keyword
W4384344223,Advanced Memory and Neural Computing,1.0,topic
W4384344223,Neural Networks and Reservoir Computing,0.9979000091552734,topic
W4384344223,Photoreceptor and optogenetics research,0.9972000122070312,topic
W4399387465,Neuromorphic engineering,0.9633314609527588,keyword
W4399387465,Computer science,0.5702570080757141,keyword
W4399387465,Artificial neural network,0.4618586003780365,keyword
W4399387465,Dendrite (mathematics),0.4256639778614044,keyword
W4399387465,Computation,0.4182148873806,keyword
W4399387465,Artificial intelligence,0.36389368772506714,keyword
W4399387465,Neuroscience,0.3495561480522156,keyword
W4399387465,Biology,0.12550032138824463,keyword
W4399387465,Algorithm,0.10486733913421631,keyword
W4399387465,Advanced Memory and Neural Computing,0.9998999834060669,topic
W4399387465,Neural dynamics and brain function,0.998199999332428,topic
W4399387465,CCD and CMOS Imaging Sensors,0.998199999332428,topic
W4410116785,Nanowire,0.758672833442688,keyword
W4410116785,Materials science,0.6688802242279053,keyword
W4410116785,Optoelectronics,0.5145496726036072,keyword
W4410116785,Phase (matter),0.4815100133419037,keyword
W4410116785,Nanotechnology,0.4808860123157501,keyword
W4410116785,Composite material,0.34537947177886963,keyword
W4410116785,Chemistry,0.16802731156349182,keyword
W4410116785,Advanced Memory and Neural Computing,1.0,topic
W4410116785,Nanowire Synthesis and Applications,0.9988999962806702,topic
W4410116785,Ferroelectric and Negative Capacitance Devices,0.9980999827384949,topic
W3159512279,Exocytosis,0.8268140554428101,keyword
W3159512279,Chemistry,0.7701139450073242,keyword
W3159512279,Amperometry,0.7593815326690674,keyword
W3159512279,Hippocampal formation,0.7513265013694763,keyword
W3159512279,Glutamate receptor,0.5969951748847961,keyword
W3159512279,Biophysics,0.5836113095283508,keyword
W3159512279,Vesicle,0.5209097266197205,keyword
W3159512279,Neurotransmission,0.45172518491744995,keyword
W3159512279,Neurotransmitter,0.446257621049881,keyword
W3159512279,Synaptic vesicle,0.4245578348636627,keyword
W3159512279,Biochemistry,0.3264200985431671,keyword
W3159512279,Neuroscience,0.24742212891578674,keyword
W3159512279,Electrochemistry,0.1716548502445221,keyword
W3159512279,Membrane,0.17096221446990967,keyword
W3159512279,Electrode,0.1256883144378662,keyword
W3159512279,Biology,0.10538089275360107,keyword
W3159512279,Neuroscience and Neuropharmacology Research,0.9998000264167786,topic
W3159512279,Lipid Membrane Structure and Behavior,0.9993000030517578,topic
W3159512279,Neuroscience and Neural Engineering,0.9991000294685364,topic
W4414067487,Nanowire,0.6316999793052673,keyword
W4414067487,Artificial neural network,0.6190999746322632,keyword
W4414067487,Plasmon,0.598800003528595,keyword
W4414067487,Silicon carbide,0.5353999733924866,keyword
W4414067487,Neuromorphic engineering,0.4546999931335449,keyword
W4414067487,Nanosensor,0.34610000252723694,keyword
W4414067487,Fano resonance,0.30169999599456787,keyword
W4414067487,Surface plasmon resonance,0.30000001192092896,keyword
W4414067487,Advanced Memory and Neural Computing,0.9998999834060669,topic
W4414067487,Neural Networks and Reservoir Computing,0.9939000010490417,topic
W4414067487,Transition Metal Oxide Nanomaterials,0.9886000156402588,topic
W3128225373,Materials science,0.7395673990249634,keyword
W3128225373,Neurotransmission,0.5859151482582092,keyword
W3128225373,Transistor,0.44959819316864014,keyword
W3128225373,Long-term potentiation,0.444731742143631,keyword
W3128225373,Neurotransmitter,0.4311322569847107,keyword
W3128225373,Neuroscience,0.36879944801330566,keyword
W3128225373,Nanotechnology,0.36062294244766235,keyword
W3128225373,Optoelectronics,0.3438340723514557,keyword
W3128225373,Biophysics,0.33608758449554443,keyword
W3128225373,Receptor,0.14408192038536072,keyword
W3128225373,Electrical engineering,0.14233922958374023,keyword
W3128225373,Chemistry,0.13889282941818237,keyword
W3128225373,Biology,0.10821181535720825,keyword
W3128225373,Voltage,0.1039024293422699,keyword
W3128225373,Advanced Memory and Neural Computing,0.9994999766349792,topic
W3128225373,Conducting polymers and applications,0.9970999956130981,topic
W3128225373,Neural dynamics and brain function,0.9966999888420105,topic
W3176739181,Materials science,0.7866263389587402,keyword
W3176739181,Neuromorphic engineering,0.7726856470108032,keyword
W3176739181,Photonics,0.6708250045776367,keyword
W3176739181,Synapse,0.5913413763046265,keyword
W3176739181,Nanowire,0.5910940766334534,keyword
W3176739181,Optoelectronics,0.5097498297691345,keyword
W3176739181,Modulation (music),0.47839343547821045,keyword
W3176739181,Plasticity,0.44425442814826965,keyword
W3176739181,Nanotechnology,0.3325381278991699,keyword
W3176739181,Neuroscience,0.1704721450805664,keyword
W3176739181,Computer science,0.15677720308303833,keyword
W3176739181,Physics,0.11478132009506226,keyword
W3176739181,Biology,0.0898122489452362,keyword
W3176739181,Artificial neural network,0.08490842580795288,keyword
W3176739181,Acoustics,0.08269959688186646,keyword
W3176739181,Advanced Memory and Neural Computing,1.0,topic
W3176739181,Photoreceptor and optogenetics research,0.9990000128746033,topic
W3176739181,Neural Networks and Reservoir Computing,0.9986000061035156,topic
W3209785462,Neuromorphic engineering,0.9639437198638916,keyword
W3209785462,Materials science,0.7641141414642334,keyword
W3209785462,Synapse,0.6834483742713928,keyword
W3209785462,Nanowire,0.6609252691268921,keyword
W3209785462,Optoelectronics,0.5905702710151672,keyword
W3209785462,MNIST database,0.5314280986785889,keyword
W3209785462,Bioelectronics,0.4872349798679352,keyword
W3209785462,Transistor,0.4718831777572632,keyword
W3209785462,Artificial neural network,0.42301130294799805,keyword
W3209785462,Long-term potentiation,0.42283928394317627,keyword
W3209785462,Computer science,0.3757326602935791,keyword
W3209785462,Neuroscience,0.3612910509109497,keyword
W3209785462,Nanotechnology,0.3512139320373535,keyword
W3209785462,Electrical engineering,0.2426464855670929,keyword
W3209785462,Voltage,0.2199976146221161,keyword
W3209785462,Artificial intelligence,0.18827632069587708,keyword
W3209785462,Biosensor,0.10079050064086914,keyword
W3209785462,Advanced Memory and Neural Computing,1.0,topic
W3209785462,CCD and CMOS Imaging Sensors,0.996999979019165,topic
W3209785462,Photoreceptor and optogenetics research,0.995199978351593,topic
W4392198341,Neuromorphic engineering,0.8886340856552124,keyword
W4392198341,Memristor,0.7583218812942505,keyword
W4392198341,Computer science,0.6323859095573425,keyword
W4392198341,Associative learning,0.5761931538581848,keyword
W4392198341,Content-addressable memory,0.5576178431510925,keyword
W4392198341,Associative property,0.4191818833351135,keyword
W4392198341,Materials science,0.3693581819534302,keyword
W4392198341,Artificial intelligence,0.3641166687011719,keyword
W4392198341,Artificial neural network,0.3545677065849304,keyword
W4392198341,Neuroscience,0.25829601287841797,keyword
W4392198341,Electronic engineering,0.22988685965538025,keyword
W4392198341,Engineering,0.09849497675895691,keyword
W4392198341,Advanced Memory and Neural Computing,1.0,topic
W4392198341,Photoreceptor and optogenetics research,0.9980000257492065,topic
W4392198341,Neuroscience and Neural Engineering,0.9957000017166138,topic
W3018709870,Neuromorphic engineering,0.6428652405738831,keyword
W3018709870,Materials science,0.6394170522689819,keyword
W3018709870,Synapse,0.6164118647575378,keyword
W3018709870,Sensory system,0.5448933839797974,keyword
W3018709870,Transmission (telecommunications),0.5078077912330627,keyword
W3018709870,Gauge factor,0.48232385516166687,keyword
W3018709870,Piezoresistive effect,0.4760070741176605,keyword
W3018709870,Computer science,0.45608872175216675,keyword
W3018709870,Neuroscience,0.4114609360694885,keyword
W3018709870,Tactile sensor,0.4101867377758026,keyword
W3018709870,Nanotechnology,0.3807348906993866,keyword
W3018709870,Optoelectronics,0.3405001759529114,keyword
W3018709870,Artificial intelligence,0.22451552748680115,keyword
W3018709870,Telecommunications,0.19521671533584595,keyword
W3018709870,Artificial neural network,0.1597360372543335,keyword
W3018709870,Robot,0.14348170161247253,keyword
W3018709870,Biology,0.14342349767684937,keyword
W3018709870,Advanced Sensor and Energy Harvesting Materials,0.9998999834060669,topic
W3018709870,Advanced Memory and Neural Computing,0.9998000264167786,topic
W3018709870,Tactile and Sensory Interactions,0.9952999949455261,topic
W4312400766,Long-term potentiation,0.9385446906089783,keyword
W4312400766,Materials science,0.8600059151649475,keyword
W4312400766,Ultraviolet,0.7287699580192566,keyword
W4312400766,Optoelectronics,0.5909225940704346,keyword
W4312400766,Oxide,0.5730286836624146,keyword
W4312400766,Semiconductor,0.4950815737247467,keyword
W4312400766,Transistor,0.47826087474823,keyword
W4312400766,Laser,0.42265358567237854,keyword
W4312400766,Nanotechnology,0.3487411141395569,keyword
W4312400766,Electrical engineering,0.115560382604599,keyword
W4312400766,Optics,0.10668477416038513,keyword
W4312400766,Metallurgy,0.09115427732467651,keyword
W4312400766,Biology,0.07422131299972534,keyword
W4312400766,Advanced Memory and Neural Computing,1.0,topic
W4312400766,Neural Networks and Reservoir Computing,0.9975000023841858,topic
W4312400766,Photoreceptor and optogenetics research,0.9968000054359436,topic
W3177030655,Porphyrin,0.8133128881454468,keyword
W3177030655,Materials science,0.7130453586578369,keyword
W3177030655,Nanowire,0.6604547500610352,keyword
W3177030655,Silicon nanowires,0.6308350563049316,keyword
W3177030655,Field-effect transistor,0.6097502112388611,keyword
W3177030655,Optoelectronics,0.5092357397079468,keyword
W3177030655,Silicon,0.49855947494506836,keyword
W3177030655,Nanotechnology,0.49749091267585754,keyword
W3177030655,Transistor,0.47878941893577576,keyword
W3177030655,Synapse,0.4194229245185852,keyword
W3177030655,Photochemistry,0.15662068128585815,keyword
W3177030655,Chemistry,0.1369025707244873,keyword
W3177030655,Electrical engineering,0.08009347319602966,keyword
W3177030655,Advanced Memory and Neural Computing,0.9998999834060669,topic
W3177030655,Neuroscience and Neural Engineering,0.9973000288009644,topic
W3177030655,Photoreceptor and optogenetics research,0.9962999820709229,topic
W4409355722,Neuromorphic engineering,0.937991738319397,keyword
W4409355722,Materials science,0.8983560800552368,keyword
W4409355722,Photoconductivity,0.6468417644500732,keyword
W4409355722,Heterojunction,0.60193932056427,keyword
W4409355722,Nanowire,0.5246251225471497,keyword
W4409355722,Optoelectronics,0.4495507478713989,keyword
W4409355722,Nanotechnology,0.41700994968414307,keyword
W4409355722,Artificial neural network,0.24841880798339844,keyword
W4409355722,Artificial intelligence,0.09734567999839783,keyword
W4409355722,Computer science,0.08400484919548035,keyword
W4409355722,Advanced Memory and Neural Computing,0.9998000264167786,topic
W4409355722,CCD and CMOS Imaging Sensors,0.9961000084877014,topic
W4409355722,Neural dynamics and brain function,0.9857000112533569,topic
W4311059171,Materials science,0.8790879249572754,keyword
W4311059171,Heterojunction,0.790196418762207,keyword
W4311059171,Photoconductivity,0.7759566307067871,keyword
W4311059171,Optoelectronics,0.7229961156845093,keyword
W4311059171,Nanowire,0.6471650004386902,keyword
W4311059171,Advanced Memory and Neural Computing,1.0,topic
W4311059171,Photoreceptor and optogenetics research,0.9994999766349792,topic
W4311059171,Neuroscience and Neural Engineering,0.9980000257492065,topic
W4414106268,Neuromorphic engineering,0.7792999744415283,keyword
W4414106268,Memristor,0.6456000208854675,keyword
W4414106268,Synapse,0.6413999795913696,keyword
W4414106268,Nanowire,0.5616999864578247,keyword
W4414106268,Neural facilitation,0.5482000112533569,keyword
W4414106268,Excitatory postsynaptic potential,0.49219998717308044,keyword
W4414106268,Synaptic weight,0.4440999925136566,keyword
W4414106268,Artificial neural network,0.43869999051094055,keyword
W4414106268,Transistor,0.43130001425743103,keyword
W4414106268,Advanced Memory and Neural Computing,0.9998999834060669,topic
W4414106268,Neural Networks and Reservoir Computing,0.9977999925613403,topic
W4414106268,Photoreceptor and optogenetics research,0.9965000152587891,topic
W4413054991,Nanowire,0.738098680973053,keyword
W4413054991,Materials science,0.7218338251113892,keyword
W4413054991,Optoelectronics,0.5662230253219604,keyword
W4413054991,Photodiode,0.5283328294754028,keyword
W4413054991,Neuromorphic engineering,0.49916791915893555,keyword
W4413054991,Threshold voltage,0.4412544369697571,keyword
W4413054991,Voltage,0.30851036310195923,keyword
W4413054991,Physics,0.15343070030212402,keyword
W4413054991,Transistor,0.140400230884552,keyword
W4413054991,Computer science,0.10042315721511841,keyword
W4413054991,Artificial neural network,0.09713396430015564,keyword
W4413054991,Advanced Memory and Neural Computing,1.0,topic
W4413054991,Neuroscience and Neural Engineering,0.9990000128746033,topic
W4413054991,ZnO doping and properties,0.9976000189781189,topic
W4406484922,Morphing,0.9639866352081299,keyword
W4406484922,Neuromorphic engineering,0.8753862380981445,keyword
W4406484922,Computer science,0.6093852519989014,keyword
W4406484922,Artificial intelligence,0.28186947107315063,keyword
W4406484922,Artificial neural network,0.14383071660995483,keyword
W4406484922,Advanced Materials and Mechanics,0.9997000098228455,topic
W4406484922,Advanced Memory and Neural Computing,0.9976000189781189,topic
W4406484922,Advanced Sensor and Energy Harvesting Materials,0.9911999702453613,topic
W4394762748,Neuromorphic engineering,0.9566847681999207,keyword
W4394762748,Materials science,0.5875435471534729,keyword
W4394762748,Computer science,0.5257958769798279,keyword
W4394762748,Nanowire,0.45030131936073303,keyword
W4394762748,Neural facilitation,0.44395753741264343,keyword
W4394762748,Artificial neural network,0.44368916749954224,keyword
W4394762748,Reservoir computing,0.4394153952598572,keyword
W4394762748,Neuroscience,0.3491811156272888,keyword
W4394762748,Optoelectronics,0.2985067665576935,keyword
W4394762748,Artificial intelligence,0.2694166600704193,keyword
W4394762748,Recurrent neural network,0.13739007711410522,keyword
W4394762748,Biology,0.08995890617370605,keyword
W4394762748,Advanced Memory and Neural Computing,1.0,topic
W4394762748,Photoreceptor and optogenetics research,0.9972000122070312,topic
W4394762748,Neural Networks and Reservoir Computing,0.9965000152587891,topic
W4417290053,Neuromorphic engineering,0.9135000109672546,keyword
W4417290053,Photodetection,0.7433000206947327,keyword
W4417290053,Nanowire,0.6972000002861023,keyword
W4417290053,Heterojunction,0.6273000240325928,keyword
W4417290053,Photonics,0.5680000185966492,keyword
W4417290053,Semiconductor,0.4284000098705292,keyword
W4417290053,Charge carrier,0.414000004529953,keyword
W4417290053,Neural Networks and Reservoir Computing,0.49709999561309814,topic
W4417290053,Advanced Memory and Neural Computing,0.18729999661445618,topic
W4417290053,2D Materials and Applications,0.054099999368190765,topic
W4302362435,Josephson effect,0.6132023930549622,keyword
W4302362435,Optoelectronics,0.5710976719856262,keyword
W4302362435,Detector,0.5423293113708496,keyword
W4302362435,Photonics,0.5203980207443237,keyword
W4302362435,Nanowire,0.5016813278198242,keyword
W4302362435,Physics,0.49997496604919434,keyword
W4302362435,Photon,0.4646002948284149,keyword
W4302362435,Computer science,0.39666372537612915,keyword
W4302362435,Superconductivity,0.35419023036956787,keyword
W4302362435,Optics,0.17746952176094055,keyword
W4302362435,Neural Networks and Reservoir Computing,0.9998999834060669,topic
W4302362435,Advanced Memory and Neural Computing,0.9993000030517578,topic
W4302362435,Photonic and Optical Devices,0.9962999820709229,topic
W4372053009,Materials science,0.8880813717842102,keyword
W4372053009,Optoelectronics,0.6097965240478516,keyword
W4372053009,Long-term potentiation,0.6093080639839172,keyword
W4372053009,Oxide,0.5755358338356018,keyword
W4372053009,Transistor,0.508861780166626,keyword
W4372053009,Semiconductor,0.499500036239624,keyword
W4372053009,Nanowire,0.4852723777294159,keyword
W4372053009,Ultraviolet,0.45454806089401245,keyword
W4372053009,Metal,0.41420796513557434,keyword
W4372053009,Nanotechnology,0.3581993579864502,keyword
W4372053009,Electrical engineering,0.19930359721183777,keyword
W4372053009,Voltage,0.1185714602470398,keyword
W4372053009,Metallurgy,0.09527155756950378,keyword
W4372053009,Advanced Memory and Neural Computing,1.0,topic
W4372053009,Photoreceptor and optogenetics research,0.9965999722480774,topic
W4372053009,Transition Metal Oxide Nanomaterials,0.9965000152587891,topic
W3122977762,Materials science,0.7962290048599243,keyword
W3122977762,Memristor,0.7832964062690735,keyword
W3122977762,Neuromorphic engineering,0.6924726366996765,keyword
W3122977762,Nanowire,0.6431918144226074,keyword
W3122977762,Excitatory postsynaptic potential,0.6150494813919067,keyword
W3122977762,Oscillation (cell signaling),0.4817773997783661,keyword
W3122977762,Optoelectronics,0.43904775381088257,keyword
W3122977762,Postsynaptic potential,0.4235369563102722,keyword
W3122977762,Emulation,0.41404783725738525,keyword
W3122977762,Nanotechnology,0.41135841608047485,keyword
W3122977762,Neuroscience,0.20320618152618408,keyword
W3122977762,Electronic engineering,0.19944533705711365,keyword
W3122977762,Computer science,0.13780272006988525,keyword
W3122977762,Artificial neural network,0.11865612864494324,keyword
W3122977762,Inhibitory postsynaptic potential,0.10262027382850647,keyword
W3122977762,Advanced Memory and Neural Computing,1.0,topic
W3122977762,Photoreceptor and optogenetics research,0.9991999864578247,topic
W3122977762,Neuroscience and Neural Engineering,0.9984999895095825,topic
W3022677657,Nanowire,0.822386622428894,keyword
W3022677657,Materials science,0.6707001328468323,keyword
W3022677657,Fabrication,0.6524263024330139,keyword
W3022677657,Nanotechnology,0.6016762852668762,keyword
W3022677657,Indium,0.5241677761077881,keyword
W3022677657,Enhanced Data Rates for GSM Evolution,0.4554469585418701,keyword
W3022677657,Optoelectronics,0.45021891593933105,keyword
W3022677657,Transistor,0.44047820568084717,keyword
W3022677657,Voltage,0.31631505489349365,keyword
W3022677657,Electrical engineering,0.2417445182800293,keyword
W3022677657,Computer science,0.2231273353099823,keyword
W3022677657,Telecommunications,0.15462040901184082,keyword
W3022677657,Engineering,0.12288054823875427,keyword
W3022677657,Advanced Memory and Neural Computing,1.0,topic
W3022677657,Nanowire Synthesis and Applications,0.996999979019165,topic
W3022677657,Neuroscience and Neural Engineering,0.9965000152587891,topic
W4220959761,Ambipolar diffusion,0.8247493505477905,keyword
W4220959761,Neurotransmission,0.5955260992050171,keyword
W4220959761,Computer science,0.424589067697525,keyword
W4220959761,Psychology,0.42298126220703125,keyword
W4220959761,Control (management),0.4192373752593994,keyword
W4220959761,Neuroscience,0.4114452302455902,keyword
W4220959761,Transistor,0.411429762840271,keyword
W4220959761,Chemistry,0.38186317682266235,keyword
W4220959761,Electrical engineering,0.1845986247062683,keyword
W4220959761,Engineering,0.17623701691627502,keyword
W4220959761,Physics,0.15937668085098267,keyword
W4220959761,Artificial intelligence,0.14824503660202026,keyword
W4220959761,Biochemistry,0.09026798605918884,keyword
W4220959761,Receptor,0.05735403299331665,keyword
W4220959761,Advanced Memory and Neural Computing,1.0,topic
W4220959761,Ferroelectric and Negative Capacitance Devices,0.9980999827384949,topic
W4220959761,Neuroscience and Neural Engineering,0.9976000189781189,topic
W3049309316,Memristor,0.8424733877182007,keyword
W3049309316,Synapse,0.7216265201568604,keyword
W3049309316,Materials science,0.7176517248153687,keyword
W3049309316,Synaptic plasticity,0.5893360376358032,keyword
W3049309316,Nanowire,0.4954599142074585,keyword
W3049309316,Nanotechnology,0.4703376889228821,keyword
W3049309316,Neuroscience,0.3728095591068268,keyword
W3049309316,Optoelectronics,0.36300230026245117,keyword
W3049309316,Chemistry,0.155466228723526,keyword
W3049309316,Electrical engineering,0.1452864110469818,keyword
W3049309316,Biology,0.1242213249206543,keyword
W3049309316,Advanced Memory and Neural Computing,1.0,topic
W3049309316,Photoreceptor and optogenetics research,0.9987000226974487,topic
W3049309316,Neuroscience and Neural Engineering,0.9977999925613403,topic
W4367624905,Exocytosis,0.685977578163147,keyword
W4367624905,Glutamate receptor,0.649007260799408,keyword
W4367624905,Chemistry,0.5481248497962952,keyword
W4367624905,Vesicle,0.5342632532119751,keyword
W4367624905,Synaptic vesicle,0.518525242805481,keyword
W4367624905,Biophysics,0.5086694359779358,keyword
W4367624905,Vesicular transport protein,0.49199339747428894,keyword
W4367624905,Biochemistry,0.4720624089241028,keyword
W4367624905,Excitatory postsynaptic potential,0.47193095088005066,keyword
W4367624905,Neurotransmitter,0.4648735821247101,keyword
W4367624905,Cell biology,0.4625622034072876,keyword
W4367624905,Neuroscience,0.407427579164505,keyword
W4367624905,Biology,0.32165664434432983,keyword
W4367624905,Secretion,0.20114964246749878,keyword
W4367624905,Membrane,0.10465654730796814,keyword
W4367624905,Alzheimer's disease research and treatments,1.0,topic
W4367624905,Neuroscience and Neuropharmacology Research,0.9995999932289124,topic
W4367624905,Cellular transport and secretion,0.9990000128746033,topic
W4402503631,Nano-,0.5384272336959839,keyword
W4402503631,Computer science,0.5188435316085815,keyword
W4402503631,Artificial intelligence,0.41193562746047974,keyword
W4402503631,Nanotechnology,0.33374810218811035,keyword
W4402503631,Engineering,0.18231290578842163,keyword
W4402503631,Materials science,0.1728534996509552,keyword
W4402503631,Advanced Memory and Neural Computing,0.9879999756813049,topic
W4402503631,Molecular Communication and Nanonetworks,0.9487000107765198,topic
W4402503631,Quantum-Dot Cellular Automata,0.9453999996185303,topic
W4220999876,Materials science,0.8325858116149902,keyword
W4220999876,Neuromorphic engineering,0.8289471864700317,keyword
W4220999876,Optoelectronics,0.53615802526474,keyword
W4220999876,Electrode,0.5335052013397217,keyword
W4220999876,Layer (electronics),0.5195615291595459,keyword
W4220999876,Memristor,0.5032798647880554,keyword
W4220999876,Resistive random-access memory,0.5020391941070557,keyword
W4220999876,Nanotechnology,0.46838241815567017,keyword
W4220999876,Nanowire,0.4478682279586792,keyword
W4220999876,Non-volatile memory,0.4319342374801636,keyword
W4220999876,Thin film,0.42514437437057495,keyword
W4220999876,Electronic engineering,0.31822603940963745,keyword
W4220999876,Computer science,0.2978106737136841,keyword
W4220999876,Artificial neural network,0.2386271357536316,keyword
W4220999876,Advanced Memory and Neural Computing,1.0,topic
W4220999876,Transition Metal Oxide Nanomaterials,0.9945999979972839,topic
W4220999876,Neural dynamics and brain function,0.9887999892234802,topic
W4376642281,Materials science,0.7235498428344727,keyword
W4376642281,Nanowire,0.6592796444892883,keyword
W4376642281,Photonics,0.5669300556182861,keyword
W4376642281,Neuromorphic engineering,0.4542548656463623,keyword
W4376642281,Nanotechnology,0.41696077585220337,keyword
W4376642281,Computer science,0.3859027028083801,keyword
W4376642281,Optoelectronics,0.34265124797821045,keyword
W4376642281,Artificial neural network,0.1629827916622162,keyword
W4376642281,Artificial intelligence,0.07705426216125488,keyword
W4376642281,Advanced Memory and Neural Computing,1.0,topic
W4376642281,Neural Networks and Reservoir Computing,0.9987000226974487,topic
W4376642281,Neuroscience and Neural Engineering,0.9976000189781189,topic
W4391611222,Materials science,0.8429819941520691,keyword
W4391611222,Nanowire,0.7478016018867493,keyword
W4391611222,Coaxial,0.6956022381782532,keyword
W4391611222,Neuromorphic engineering,0.5947351455688477,keyword
W4391611222,Electronics,0.5890101194381714,keyword
W4391611222,Nanotechnology,0.5778055191040039,keyword
W4391611222,Optoelectronics,0.5120783448219299,keyword
W4391611222,Transistor,0.49751952290534973,keyword
W4391611222,Photonics,0.4966498017311096,keyword
W4391611222,Semiconductor,0.4332291781902313,keyword
W4391611222,Artificial neural network,0.2325015366077423,keyword
W4391611222,Computer science,0.19135412573814392,keyword
W4391611222,Electrical engineering,0.15303894877433777,keyword
W4391611222,Telecommunications,0.09160780906677246,keyword
W4391611222,Artificial intelligence,0.07575300335884094,keyword
W4391611222,Voltage,0.06733375787734985,keyword
W4391611222,ZnO doping and properties,0.9998999834060669,topic
W4391611222,Advanced Memory and Neural Computing,0.9998999834060669,topic
W4391611222,Nanowire Synthesis and Applications,0.9998000264167786,topic
W4388071659,Neuromorphic engineering,0.9605904817581177,keyword
W4388071659,Spintronics,0.7978044748306274,keyword
W4388071659,Computer science,0.4618889391422272,keyword
W4388071659,Computer architecture,0.4538915157318115,keyword
W4388071659,Materials science,0.4462404251098633,keyword
W4388071659,Nanotechnology,0.3617614805698395,keyword
W4388071659,Physics,0.185103178024292,keyword
W4388071659,Artificial intelligence,0.17732343077659607,keyword
W4388071659,Condensed matter physics,0.12112385034561157,keyword
W4388071659,Artificial neural network,0.07957693934440613,keyword
W4388071659,Ferromagnetism,0.05335921049118042,keyword
W4388071659,Advanced Memory and Neural Computing,1.0,topic
W4388071659,Ferroelectric and Negative Capacitance Devices,0.9987999796867371,topic
W4388071659,Neural Networks and Reservoir Computing,0.998199999332428,topic
W4379797989,Neuromorphic engineering,0.8515985012054443,keyword
W4379797989,Connectome,0.6505316495895386,keyword
W4379797989,Memristor,0.60573410987854,keyword
W4379797989,Electronic circuit,0.5885376930236816,keyword
W4379797989,Nanowire,0.5209901928901672,keyword
W4379797989,Biological neural network,0.5194253921508789,keyword
W4379797989,Computer science,0.4910712242126465,keyword
W4379797989,Nonlinear system,0.4459889829158783,keyword
W4379797989,Field (mathematics),0.42602890729904175,keyword
W4379797989,Neuroscience,0.3675617575645447,keyword
W4379797989,Artificial neural network,0.34885719418525696,keyword
W4379797989,Physics,0.3399087190628052,keyword
W4379797989,Statistical physics,0.3205539584159851,keyword
W4379797989,Nanotechnology,0.3178229331970215,keyword
W4379797989,Artificial intelligence,0.24658262729644775,keyword
W4379797989,Materials science,0.2458256185054779,keyword
W4379797989,Functional connectivity,0.15202313661575317,keyword
W4379797989,Mathematics,0.14782363176345825,keyword
W4379797989,Quantum mechanics,0.11218881607055664,keyword
W4379797989,Machine learning,0.09555971622467041,keyword
W4379797989,Advanced Memory and Neural Computing,1.0,topic
W4379797989,Neural dynamics and brain function,0.9995999932289124,topic
W4379797989,Photoreceptor and optogenetics research,0.9990000128746033,topic
W4403269802,Materials science,0.8911091089248657,keyword
W4403269802,Nanowire,0.7165395021438599,keyword
W4403269802,Polarization (electrochemistry),0.6956444382667542,keyword
W4403269802,Perovskite (structure),0.6206153035163879,keyword
W4403269802,Optoelectronics,0.49706342816352844,keyword
W4403269802,Synapse,0.4341749846935272,keyword
W4403269802,Nanotechnology,0.39908528327941895,keyword
W4403269802,Chemical engineering,0.1094219982624054,keyword
W4403269802,Neuroscience,0.07533866167068481,keyword
W4403269802,Perovskite Materials and Applications,0.9998999834060669,topic
W4403269802,Advanced Memory and Neural Computing,0.9991000294685364,topic
W4403269802,Neural Networks and Reservoir Computing,0.9990000128746033,topic
W4401045908,Neuromorphic engineering,0.8720457553863525,keyword
W4401045908,Transistor,0.6592384576797485,keyword
W4401045908,Computer science,0.6206820011138916,keyword
W4401045908,MNIST database,0.6005892157554626,keyword
W4401045908,Von Neumann architecture,0.5289109945297241,keyword
W4401045908,Materials science,0.4746147692203522,keyword
W4401045908,Nanowire,0.4666125178337097,keyword
W4401045908,Computer data storage,0.42689943313598633,keyword
W4401045908,Nanotechnology,0.4063596725463867,keyword
W4401045908,Optoelectronics,0.3954314589500427,keyword
W4401045908,Electronic engineering,0.3377562165260315,keyword
W4401045908,Artificial intelligence,0.30233317613601685,keyword
W4401045908,Deep learning,0.2934015393257141,keyword
W4401045908,Artificial neural network,0.28982433676719666,keyword
W4401045908,Electrical engineering,0.2846772074699402,keyword
W4401045908,Computer hardware,0.20961278676986694,keyword
W4401045908,Voltage,0.16998231410980225,keyword
W4401045908,Engineering,0.16892534494400024,keyword
W4401045908,Advanced Memory and Neural Computing,1.0,topic
W4401045908,CCD and CMOS Imaging Sensors,0.9973999857902527,topic
W4401045908,Photoreceptor and optogenetics research,0.9970999956130981,topic
W4210956562,Neuromorphic engineering,0.9860941171646118,keyword
W4210956562,Spintronics,0.828933835029602,keyword
W4210956562,Computer science,0.6233184337615967,keyword
W4210956562,Tunnel magnetoresistance,0.5549284219741821,keyword
W4210956562,Electronic circuit,0.5334271192550659,keyword
W4210956562,Computer architecture,0.5062881708145142,keyword
W4210956562,Electronic engineering,0.32097721099853516,keyword
W4210956562,Artificial neural network,0.30822989344596863,keyword
W4210956562,Nanotechnology,0.295052170753479,keyword
W4210956562,Electrical engineering,0.27448469400405884,keyword
W4210956562,Artificial intelligence,0.2715340256690979,keyword
W4210956562,Materials science,0.2515270411968231,keyword
W4210956562,Physics,0.22351160645484924,keyword
W4210956562,Engineering,0.21426114439964294,keyword
W4210956562,Ferromagnetism,0.07992801070213318,keyword
W4210956562,Layer (electronics),0.07914888858795166,keyword
W4210956562,Advanced Memory and Neural Computing,0.9998999834060669,topic
W4210956562,Neural Networks and Reservoir Computing,0.9990000128746033,topic
W4210956562,Ferroelectric and Negative Capacitance Devices,0.998199999332428,topic
W4296079226,Memristor,0.9119585752487183,keyword
W4296079226,Neuromorphic engineering,0.8726506233215332,keyword
W4296079226,CMOS,0.6882234811782837,keyword
W4296079226,Memistor,0.6075767874717712,keyword
W4296079226,Computer science,0.5012478828430176,keyword
W4296079226,Electronic engineering,0.4784517288208008,keyword
W4296079226,Transistor,0.47583651542663574,keyword
W4296079226,Materials science,0.4664931297302246,keyword
W4296079226,Nanowire,0.45181068778038025,keyword
W4296079226,Electrical engineering,0.37795719504356384,keyword
W4296079226,Resistive random-access memory,0.3744736611843109,keyword
W4296079226,Nanotechnology,0.34261494874954224,keyword
W4296079226,Optoelectronics,0.278575599193573,keyword
W4296079226,Artificial neural network,0.2766420841217041,keyword
W4296079226,Voltage,0.2670626938343048,keyword
W4296079226,Engineering,0.24716010689735413,keyword
W4296079226,Artificial intelligence,0.1870424747467041,keyword
W4296079226,Advanced Memory and Neural Computing,1.0,topic
W4296079226,Neuroscience and Neural Engineering,0.9984999895095825,topic
W4296079226,Ferroelectric and Negative Capacitance Devices,0.9984999895095825,topic
W4386624250,Nanowire,0.7533441781997681,keyword
W4386624250,Materials science,0.7071877121925354,keyword
W4386624250,Synapse,0.6642597913742065,keyword
W4386624250,Photoelectric effect,0.6542851328849792,keyword
W4386624250,Nanoparticle,0.6285960078239441,keyword
W4386624250,Optoelectronics,0.5527297258377075,keyword
W4386624250,Nanotechnology,0.48347359895706177,keyword
W4386624250,Plasticity,0.44248098134994507,keyword
W4386624250,Neuroscience,0.10447648167610168,keyword
W4386624250,Biology,0.09864020347595215,keyword
W4386624250,Composite material,0.08516225218772888,keyword
W4386624250,Advanced Memory and Neural Computing,1.0,topic
W4386624250,Neuroscience and Neural Engineering,0.9983999729156494,topic
W4386624250,Advanced Sensor and Energy Harvesting Materials,0.9908000230789185,topic
W4386782842,Materials science,0.862017810344696,keyword
W4386782842,Memristor,0.7728157639503479,keyword
W4386782842,Nanowire,0.7348372340202332,keyword
W4386782842,Nanotechnology,0.6519317626953125,keyword
W4386782842,Neuromorphic engineering,0.5991244316101074,keyword
W4386782842,Nitride,0.5456595420837402,keyword
W4386782842,Gallium nitride,0.48335570096969604,keyword
W4386782842,Etching (microfabrication),0.4687170088291168,keyword
W4386782842,Optoelectronics,0.4411745071411133,keyword
W4386782842,Non-volatile memory,0.4157642722129822,keyword
W4386782842,Electronic engineering,0.19753804802894592,keyword
W4386782842,Computer science,0.12659156322479248,keyword
W4386782842,Artificial neural network,0.11270776391029358,keyword
W4386782842,Layer (electronics),0.10041362047195435,keyword
W4386782842,Advanced Memory and Neural Computing,1.0,topic
W4386782842,Photoreceptor and optogenetics research,0.9983999729156494,topic
W4386782842,Neuroscience and Neural Engineering,0.9979000091552734,topic
W4407916238,Neuromorphic engineering,0.9174258708953857,keyword
W4407916238,Excited state,0.6815715432167053,keyword
W4407916238,Materials science,0.5882635116577148,keyword
W4407916238,Energy consumption,0.562793493270874,keyword
W4407916238,Nano-,0.5174746513366699,keyword
W4407916238,Optoelectronics,0.49340859055519104,keyword
W4407916238,Low energy,0.43026870489120483,keyword
W4407916238,Computer science,0.3708275258541107,keyword
W4407916238,Nanotechnology,0.3596957325935364,keyword
W4407916238,Artificial neural network,0.330649733543396,keyword
W4407916238,Artificial intelligence,0.24669107794761658,keyword
W4407916238,Physics,0.24346289038658142,keyword
W4407916238,Engineering,0.1440427601337433,keyword
W4407916238,Electrical engineering,0.13492220640182495,keyword
W4407916238,Composite material,0.09653103351593018,keyword
W4407916238,Atomic physics,0.08198341727256775,keyword
W4407916238,Advanced Memory and Neural Computing,1.0,topic
W4407916238,Transition Metal Oxide Nanomaterials,0.9973999857902527,topic
W4407916238,Semiconductor materials and devices,0.9952999949455261,topic
W3133680053,Neuromorphic engineering,0.9552001953125,keyword
W3133680053,Computer science,0.5688817501068115,keyword
W3133680053,Artificial intelligence,0.4563690721988678,keyword
W3133680053,Neuroscience,0.43780025839805603,keyword
W3133680053,Memristor,0.42646995186805725,keyword
W3133680053,Computer architecture,0.39237457513809204,keyword
W3133680053,Artificial neural network,0.3859761357307434,keyword
W3133680053,Biology,0.16696637868881226,keyword
W3133680053,Engineering,0.15416842699050903,keyword
W3133680053,Electronic engineering,0.10046780109405518,keyword
W3133680053,Advanced Memory and Neural Computing,1.0,topic
W3133680053,Photoreceptor and optogenetics research,0.9973999857902527,topic
W3133680053,Neural dynamics and brain function,0.9958999752998352,topic
W3048330281,Microelectrode,0.7259551286697388,keyword
W3048330281,Electrode,0.6555261611938477,keyword
W3048330281,Materials science,0.6389850974082947,keyword
W3048330281,Nanotechnology,0.5915647149085999,keyword
W3048330281,Biological neural network,0.5635635256767273,keyword
W3048330281,Neuroscience,0.5304903984069824,keyword
W3048330281,Multielectrode array,0.47132614254951477,keyword
W3048330281,Depolarization,0.4603883922100067,keyword
W3048330281,Nanostructure,0.45145922899246216,keyword
W3048330281,Hippocampal formation,0.4513118863105774,keyword
W3048330281,Interfacing,0.43537116050720215,keyword
W3048330281,Biophysics,0.35777854919433594,keyword
W3048330281,Computer science,0.24577346444129944,keyword
W3048330281,Chemistry,0.22413551807403564,keyword
W3048330281,Biology,0.19780755043029785,keyword
W3048330281,Neuroscience and Neural Engineering,1.0,topic
W3048330281,Advanced Memory and Neural Computing,0.9983999729156494,topic
W3048330281,Photoreceptor and optogenetics research,0.9954000115394592,topic
W3198894669,Neuromorphic engineering,0.6864170432090759,keyword
W3198894669,Quantum,0.5758354067802429,keyword
W3198894669,Computer science,0.5564829111099243,keyword
W3198894669,Von Neumann architecture,0.44559669494628906,keyword
W3198894669,Quantum computer,0.4359118342399597,keyword
W3198894669,Quantum dot,0.4192643165588379,keyword
W3198894669,Quantum network,0.41554027795791626,keyword
W3198894669,Neuroscience,0.4123653769493103,keyword
W3198894669,Nanotechnology,0.37363097071647644,keyword
W3198894669,Artificial neural network,0.3369410037994385,keyword
W3198894669,Artificial intelligence,0.2979241609573364,keyword
W3198894669,Materials science,0.28356629610061646,keyword
W3198894669,Physics,0.2766645550727844,keyword
W3198894669,Quantum mechanics,0.16237887740135193,keyword
W3198894669,Biology,0.1324462592601776,keyword
W3198894669,Advanced Memory and Neural Computing,1.0,topic
W3198894669,Electronic and Structural Properties of Oxides,0.9987000226974487,topic
W3198894669,Neural Networks and Reservoir Computing,0.9987000226974487,topic
W4252915691,Chemistry,0.8306845426559448,keyword
W4252915691,Exocytosis,0.8266297578811646,keyword
W4252915691,Amperometry,0.7551389932632446,keyword
W4252915691,Hippocampal formation,0.7414678335189819,keyword
W4252915691,Biophysics,0.6036970615386963,keyword
W4252915691,Glutamate receptor,0.5775542259216309,keyword
W4252915691,Vesicle,0.5177735090255737,keyword
W4252915691,Neurotransmission,0.43661150336265564,keyword
W4252915691,Neurotransmitter,0.4274338483810425,keyword
W4252915691,Synaptic vesicle,0.417322039604187,keyword
W4252915691,Biochemistry,0.3055856227874756,keyword
W4252915691,Electrochemistry,0.2069915533065796,keyword
W4252915691,Neuroscience,0.2003609538078308,keyword
W4252915691,Membrane,0.18807116150856018,keyword
W4252915691,Electrode,0.14002138376235962,keyword
W4252915691,Biology,0.06738278269767761,keyword
W4252915691,Neuroscience and Neuropharmacology Research,0.9998999834060669,topic
W4252915691,Lipid Membrane Structure and Behavior,0.9993000030517578,topic
W4252915691,Neuroscience and Neural Engineering,0.9991000294685364,topic
W4402625559,Nanowire,0.8658369183540344,keyword
W4402625559,Transistor,0.7404297590255737,keyword
W4402625559,Electrolyte,0.7107359170913696,keyword
W4402625559,Materials science,0.6330232620239258,keyword
W4402625559,Nanotechnology,0.5800888538360596,keyword
W4402625559,Optoelectronics,0.40998557209968567,keyword
W4402625559,Computer science,0.34983354806900024,keyword
W4402625559,Electronic engineering,0.32300877571105957,keyword
W4402625559,Electrical engineering,0.2462080717086792,keyword
W4402625559,Engineering,0.22771814465522766,keyword
W4402625559,Electrode,0.2053704559803009,keyword
W4402625559,Physics,0.19069916009902954,keyword
W4402625559,Voltage,0.1205657422542572,keyword
W4402625559,Advanced Memory and Neural Computing,0.9998999834060669,topic
W4402625559,Neuroscience and Neural Engineering,0.9994999766349792,topic
W4402625559,Analytical Chemistry and Sensors,0.9986000061035156,topic
W4403389042,Materials science,0.8982137441635132,keyword
W4403389042,Photodetector,0.8306359052658081,keyword
W4403389042,Nanowire,0.7619573473930359,keyword
W4403389042,Optoelectronics,0.7037970423698425,keyword
W4403389042,Photonics,0.6523929834365845,keyword
W4403389042,Synapse,0.5540576577186584,keyword
W4403389042,Dual function,0.5127440690994263,keyword
W4403389042,Dual (grammatical number),0.5091020464897156,keyword
W4403389042,In situ,0.5059170126914978,keyword
W4403389042,Wavelength,0.49755242466926575,keyword
W4403389042,Nanotechnology,0.38471055030822754,keyword
W4403389042,Nanowire Synthesis and Applications,1.0,topic
W4403389042,Photonic and Optical Devices,0.9987999796867371,topic
W4403389042,Thin-Film Transistor Technologies,0.9983999729156494,topic
W4409830655,Photodetection,0.9181268215179443,keyword
W4409830655,Neuromorphic engineering,0.8173449039459229,keyword
W4409830655,Graphene,0.7382529973983765,keyword
W4409830655,Materials science,0.7108827829360962,keyword
W4409830655,Nanowire,0.6837072372436523,keyword
W4409830655,Heterojunction,0.6542413234710693,keyword
W4409830655,Nanotechnology,0.6296442747116089,keyword
W4409830655,Nano-,0.5153750777244568,keyword
W4409830655,Optoelectronics,0.5036463141441345,keyword
W4409830655,Photodetector,0.18532708287239075,keyword
W4409830655,Computer science,0.1300053596496582,keyword
W4409830655,Advanced Memory and Neural Computing,1.0,topic
W4409830655,Graphene research and applications,0.9994000196456909,topic
W4409830655,2D Materials and Applications,0.9994000196456909,topic
W4309331793,Materials science,0.7404363751411438,keyword
W4309331793,Optoelectronics,0.6943717002868652,keyword
W4309331793,Nanowire,0.6899614334106445,keyword
W4309331793,Heterojunction,0.6557040214538574,keyword
W4309331793,Neuromorphic engineering,0.6381288766860962,keyword
W4309331793,Transistor,0.575425386428833,keyword
W4309331793,Nanotechnology,0.4326178729534149,keyword
W4309331793,Indium gallium arsenide,0.4217434525489807,keyword
W4309331793,Gallium arsenide,0.3321923613548279,keyword
W4309331793,Artificial neural network,0.22403287887573242,keyword
W4309331793,Electrical engineering,0.16616234183311462,keyword
W4309331793,Computer science,0.15133899450302124,keyword
W4309331793,Voltage,0.10658308863639832,keyword
W4309331793,Engineering,0.07817879319190979,keyword
W4309331793,Advanced Memory and Neural Computing,1.0,topic
W4309331793,Neural Networks and Reservoir Computing,0.9991999864578247,topic
W4309331793,Ferroelectric and Negative Capacitance Devices,0.9986000061035156,topic
W3199199118,Responsivity,0.785025954246521,keyword
W3199199118,Materials science,0.7700315713882446,keyword
W3199199118,Optoelectronics,0.7310156226158142,keyword
W3199199118,Photodiode,0.6771938800811768,keyword
W3199199118,Nanowire,0.5380904078483582,keyword
W3199199118,Neural facilitation,0.5222238302230835,keyword
W3199199118,Synapse,0.44570836424827576,keyword
W3199199118,Transistor,0.42651334404945374,keyword
W3199199118,Long-term potentiation,0.41872453689575195,keyword
W3199199118,Voltage,0.40514761209487915,keyword
W3199199118,Photodetector,0.29209041595458984,keyword
W3199199118,Electrical engineering,0.15862399339675903,keyword
W3199199118,Chemistry,0.09197631478309631,keyword
W3199199118,Advanced Memory and Neural Computing,1.0,topic
W3199199118,CCD and CMOS Imaging Sensors,0.9976999759674072,topic
W3199199118,Transition Metal Oxide Nanomaterials,0.9970999956130981,topic
W4413111083,Neuromorphic engineering,0.8411407470703125,keyword
W4413111083,Photodetection,0.6528677940368652,keyword
W4413111083,Optoelectronics,0.6242883801460266,keyword
W4413111083,Materials science,0.6079793572425842,keyword
W4413111083,Computer science,0.5436022877693176,keyword
W4413111083,Photodetector,0.4810376465320587,keyword
W4413111083,Omnidirectional antenna,0.46592092514038086,keyword
W4413111083,Artificial intelligence,0.17542558908462524,keyword
W4413111083,Artificial neural network,0.1552596390247345,keyword
W4413111083,Telecommunications,0.13140633702278137,keyword
W4413111083,Advanced Memory and Neural Computing,0.9998999834060669,topic
W4413111083,Neural Networks and Reservoir Computing,0.9987000226974487,topic
W4413111083,Photoreceptor and optogenetics research,0.9972000122070312,topic
W4406380768,Neuromorphic engineering,0.9445112347602844,keyword
W4406380768,Materials science,0.5898174047470093,keyword
W4406380768,Optoelectronics,0.5314181447029114,keyword
W4406380768,Computer science,0.5152921676635742,keyword
W4406380768,Photonics,0.4728456139564514,keyword
W4406380768,Photodiode,0.44511494040489197,keyword
W4406380768,Nanowire,0.4354630708694458,keyword
W4406380768,Nanotechnology,0.36166656017303467,keyword
W4406380768,Electronic engineering,0.3203076422214508,keyword
W4406380768,Artificial neural network,0.2954091429710388,keyword
W4406380768,Artificial intelligence,0.15258729457855225,keyword
W4406380768,Engineering,0.10575124621391296,keyword
W4406380768,Neural Networks and Reservoir Computing,0.9998000264167786,topic
W4406380768,Advanced Memory and Neural Computing,0.9995999932289124,topic
W4406380768,Photoreceptor and optogenetics research,0.9972000122070312,topic
W3000591787,Neuromorphic engineering,0.9859081506729126,keyword
W3000591787,Computer science,0.6394423246383667,keyword
W3000591787,Electronics,0.5314098000526428,keyword
W3000591787,Transistor,0.4500012993812561,keyword
W3000591787,Computer architecture,0.4106563329696655,keyword
W3000591787,Artificial neural network,0.3942260146141052,keyword
W3000591787,Artificial intelligence,0.2927587926387787,keyword
W3000591787,Electrical engineering,0.23387840390205383,keyword
W3000591787,Voltage,0.23270156979560852,keyword
W3000591787,Engineering,0.15385469794273376,keyword
W3000591787,Advanced Memory and Neural Computing,1.0,topic
W3000591787,Neuroscience and Neural Engineering,0.9983000159263611,topic
W3000591787,Ferroelectric and Negative Capacitance Devices,0.996999979019165,topic
W4205774365,Neuromorphic engineering,0.9176248908042908,keyword
W4205774365,Materials science,0.7601787447929382,keyword
W4205774365,Nanotechnology,0.6688680052757263,keyword
W4205774365,Nanowire,0.6059932708740234,keyword
W4205774365,Fabrication,0.5778380632400513,keyword
W4205774365,Substrate (aquarium),0.5118722319602966,keyword
W4205774365,Resistive touchscreen,0.47930780053138733,keyword
W4205774365,Optoelectronics,0.47775402665138245,keyword
W4205774365,Chemical vapor deposition,0.45229777693748474,keyword
W4205774365,Electrode,0.411266028881073,keyword
W4205774365,Computer science,0.258263498544693,keyword
W4205774365,Artificial neural network,0.1424241065979004,keyword
W4205774365,Chemistry,0.09840816259384155,keyword
W4205774365,Advanced Memory and Neural Computing,1.0,topic
W4205774365,Neural dynamics and brain function,0.9916999936103821,topic
W4205774365,Transition Metal Oxide Nanomaterials,0.9915000200271606,topic
W4391879295,Materials science,0.8264467120170593,keyword
W4391879295,Nanowire,0.6606809496879578,keyword
W4391879295,Humidity,0.6380046606063843,keyword
W4391879295,Moisture,0.6102577447891235,keyword
W4391879295,Synaptic plasticity,0.5115986466407776,keyword
W4391879295,Long-term potentiation,0.4993278980255127,keyword
W4391879295,Nanotechnology,0.401790976524353,keyword
W4391879295,Composite material,0.22464942932128906,keyword
W4391879295,Meteorology,0.07982063293457031,keyword
W4391879295,Advanced Memory and Neural Computing,1.0,topic
W4391879295,Ferroelectric and Negative Capacitance Devices,0.9994000196456909,topic
W4391879295,Conducting polymers and applications,0.9991000294685364,topic
W4313320399,Autonomic nervous system,0.7827333807945251,keyword
W4313320399,Neuroscience,0.6014984846115112,keyword
W4313320399,Nervous system,0.5260736346244812,keyword
W4313320399,Parasympathetic nervous system,0.4434199035167694,keyword
W4313320399,Sympathetic nervous system,0.44078516960144043,keyword
W4313320399,Neurophysiology,0.42072394490242004,keyword
W4313320399,Materials science,0.3878687620162964,keyword
W4313320399,Computer science,0.34639233350753784,keyword
W4313320399,Heart rate,0.3435479700565338,keyword
W4313320399,Biology,0.28861963748931885,keyword
W4313320399,Medicine,0.26263827085494995,keyword
W4313320399,Internal medicine,0.21730265021324158,keyword
W4313320399,Advanced Memory and Neural Computing,0.9998000264167786,topic
W4313320399,Neuroscience and Neural Engineering,0.9995999932289124,topic
W4313320399,Photoreceptor and optogenetics research,0.9987000226974487,topic
W4365445433,Materials science,0.8258401155471802,keyword
W4365445433,Neuromorphic engineering,0.777873694896698,keyword
W4365445433,Optoelectronics,0.611700713634491,keyword
W4365445433,Ohmic contact,0.4286971986293793,keyword
W4365445433,Photonics,0.42803797125816345,keyword
W4365445433,Nanotechnology,0.359738826751709,keyword
W4365445433,Computer science,0.34622782468795776,keyword
W4365445433,Artificial neural network,0.1958681046962738,keyword
W4365445433,Artificial intelligence,0.14500749111175537,keyword
W4365445433,Advanced Memory and Neural Computing,1.0,topic
W4365445433,Photoreceptor and optogenetics research,0.9980000257492065,topic
W4365445433,Neural dynamics and brain function,0.9968000054359436,topic
W4394872655,Neuromorphic engineering,0.8193845152854919,keyword
W4394872655,Transistor,0.6857844591140747,keyword
W4394872655,Optoelectronics,0.6366869211196899,keyword
W4394872655,Materials science,0.6308683753013611,keyword
W4394872655,Ion,0.47997593879699707,keyword
W4394872655,Leakage (economics),0.4467509388923645,keyword
W4394872655,Dielectric,0.4279305636882782,keyword
W4394872655,Nanotechnology,0.421460896730423,keyword
W4394872655,Computer science,0.4155530333518982,keyword
W4394872655,Electrical engineering,0.30342209339141846,keyword
W4394872655,Voltage,0.29218313097953796,keyword
W4394872655,Artificial neural network,0.19552192091941833,keyword
W4394872655,Physics,0.19268396496772766,keyword
W4394872655,Engineering,0.10645607113838196,keyword
W4394872655,Advanced Memory and Neural Computing,1.0,topic
W4394872655,Analytical Chemistry and Sensors,0.9962000250816345,topic
W4394872655,Neural Networks and Reservoir Computing,0.995199978351593,topic
W3035520652,Neuromorphic engineering,0.7498000264167786,keyword
W3035520652,Detector,0.7468000054359436,keyword
W3035520652,Photonics,0.683899998664856,keyword
W3035520652,Artificial neural network,0.49549999833106995,keyword
W3035520652,Electronic circuit,0.47929999232292175,keyword
W3035520652,Function (biology),0.4223000109195709,keyword
W3035520652,Synaptic weight,0.41760000586509705,keyword
W3035520652,Biasing,0.4043000042438507,keyword
W3035520652,Characterization (materials science),0.4034999907016754,keyword
W3035520652,Neural Networks and Reservoir Computing,0.9085999727249146,topic
W3035520652,Advanced Memory and Neural Computing,0.023099999874830246,topic
W3035520652,Neural dynamics and brain function,0.013700000010430813,topic
W4307841125,Neuromorphic engineering,0.8939555883407593,keyword
W4307841125,Transistor,0.625374436378479,keyword
W4307841125,Computer science,0.5638648867607117,keyword
W4307841125,Materials science,0.5180323719978333,keyword
W4307841125,Linearity,0.4952475130558014,keyword
W4307841125,Crossbar switch,0.4818076491355896,keyword
W4307841125,Synapse,0.46599093079566956,keyword
W4307841125,Optoelectronics,0.4630458652973175,keyword
W4307841125,Conductance,0.45255768299102783,keyword
W4307841125,CMOS,0.4216885566711426,keyword
W4307841125,Thermionic emission,0.4209189713001251,keyword
W4307841125,Logic gate,0.4181102514266968,keyword
W4307841125,Artificial neural network,0.35772833228111267,keyword
W4307841125,Electronic engineering,0.350328266620636,keyword
W4307841125,Electrical engineering,0.31859034299850464,keyword
W4307841125,Physics,0.27699145674705505,keyword
W4307841125,Voltage,0.23466482758522034,keyword
W4307841125,Engineering,0.1648012399673462,keyword
W4307841125,Artificial intelligence,0.13494166731834412,keyword
W4307841125,Algorithm,0.10087117552757263,keyword
W4307841125,Electron,0.08178704977035522,keyword
W4307841125,Advanced Memory and Neural Computing,1.0,topic
W4307841125,Ferroelectric and Negative Capacitance Devices,0.9984999895095825,topic
W4307841125,Neural Networks and Reservoir Computing,0.9980999827384949,topic
W3092216269,Wearable computer,0.700333297252655,keyword
W3092216269,Soft robotics,0.6927195191383362,keyword
W3092216269,Robot,0.6134867072105408,keyword
W3092216269,Human–computer interaction,0.5868382453918457,keyword
W3092216269,Robotics,0.5799539089202881,keyword
W3092216269,Computer science,0.5400463342666626,keyword
W3092216269,Artificial intelligence,0.5382980704307556,keyword
W3092216269,Wearable technology,0.5223856568336487,keyword
W3092216269,Yarn,0.4956096410751343,keyword
W3092216269,Soft materials,0.46296313405036926,keyword
W3092216269,Clothing,0.4436776340007782,keyword
W3092216269,Materials science,0.3996681571006775,keyword
W3092216269,Nanotechnology,0.343619167804718,keyword
W3092216269,Embedded system,0.2463303804397583,keyword
W3092216269,Advanced Sensor and Energy Harvesting Materials,1.0,topic
W3092216269,Advanced Materials and Mechanics,0.9976000189781189,topic
W3092216269,Electrospun Nanofibers in Biomedical Applications,0.9890000224113464,topic
W4401887251,Neuromorphic engineering,0.8822147846221924,keyword
W4401887251,Graphene,0.8515474796295166,keyword
W4401887251,Materials science,0.7637768983840942,keyword
W4401887251,Transistor,0.6917580962181091,keyword
W4401887251,Nanotechnology,0.5878093242645264,keyword
W4401887251,Nanowire,0.5361376404762268,keyword
W4401887251,Ambipolar diffusion,0.5158045291900635,keyword
W4401887251,Scalability,0.5068803429603577,keyword
W4401887251,Optoelectronics,0.5039293169975281,keyword
W4401887251,Electronics,0.5022585391998291,keyword
W4401887251,Fabrication,0.46939390897750854,keyword
W4401887251,Flexible electronics,0.4133046269416809,keyword
W4401887251,Graphene nanoribbons,0.41326600313186646,keyword
W4401887251,Computer science,0.2256476879119873,keyword
W4401887251,Voltage,0.1600218117237091,keyword
W4401887251,Electrical engineering,0.156363844871521,keyword
W4401887251,Artificial neural network,0.11887460947036743,keyword
W4401887251,Physics,0.10655984282493591,keyword
W4401887251,Engineering,0.06436830759048462,keyword
W4401887251,Advanced Memory and Neural Computing,1.0,topic
W4401887251,Neuroscience and Neural Engineering,0.9976999759674072,topic
W4401887251,Quantum-Dot Cellular Automata,0.9958000183105469,topic
W4306250432,Materials science,0.8229353427886963,keyword
W4306250432,Optoelectronics,0.7067652940750122,keyword
W4306250432,Nanowire,0.7021037340164185,keyword
W4306250432,Passivation,0.6664605140686035,keyword
W4306250432,Ferroelectricity,0.5939573049545288,keyword
W4306250432,Field-effect transistor,0.5245292782783508,keyword
W4306250432,Transistor,0.4988241195678711,keyword
W4306250432,Indium arsenide,0.4863584637641907,keyword
W4306250432,Nanotechnology,0.4014650583267212,keyword
W4306250432,Gallium arsenide,0.2924567461013794,keyword
W4306250432,Voltage,0.20582622289657593,keyword
W4306250432,Electrical engineering,0.19016999006271362,keyword
W4306250432,Layer (electronics),0.11636292934417725,keyword
W4306250432,Dielectric,0.11299997568130493,keyword
W4306250432,Advanced Memory and Neural Computing,1.0,topic
W4306250432,Ferroelectric and Negative Capacitance Devices,1.0,topic
W4306250432,Semiconductor materials and devices,0.9984999895095825,topic
W4387884104,Materials science,0.8919773101806641,keyword
W4387884104,Heterojunction,0.7549225687980652,keyword
W4387884104,Nanowire,0.7294930219650269,keyword
W4387884104,Synapse,0.6806560158729553,keyword
W4387884104,Pentacene,0.6739838719367981,keyword
W4387884104,Photonics,0.5653067231178284,keyword
W4387884104,Optoelectronics,0.5591179728507996,keyword
W4387884104,Nanotechnology,0.5553551912307739,keyword
W4387884104,Composite number,0.5220732092857361,keyword
W4387884104,Imprinting (psychology),0.49363911151885986,keyword
W4387884104,Layer (electronics),0.15697714686393738,keyword
W4387884104,Composite material,0.1398431956768036,keyword
W4387884104,Thin-film transistor,0.12200659513473511,keyword
W4387884104,Biology,0.0781923234462738,keyword
W4387884104,Neuroscience,0.0754731297492981,keyword
W4387884104,Advanced Memory and Neural Computing,1.0,topic
W4387884104,Organic Electronics and Photovoltaics,0.9993000030517578,topic
W4387884104,Conducting polymers and applications,0.9991000294685364,topic
W4405074555,Neuromorphic engineering,0.949648380279541,keyword
W4405074555,Materials science,0.6871906518936157,keyword
W4405074555,Long-term potentiation,0.6742451190948486,keyword
W4405074555,Synapse,0.5640536546707153,keyword
W4405074555,Optoelectronics,0.5316541790962219,keyword
W4405074555,Synaptic weight,0.49466630816459656,keyword
W4405074555,Excitatory postsynaptic potential,0.4767628312110901,keyword
W4405074555,Nanowire,0.47151291370391846,keyword
W4405074555,Neural facilitation,0.4524499177932739,keyword
W4405074555,Computer science,0.4500272572040558,keyword
W4405074555,Synaptic plasticity,0.4486958980560303,keyword
W4405074555,Postsynaptic Current,0.42178115248680115,keyword
W4405074555,Nanotechnology,0.36083275079727173,keyword
W4405074555,Neuroscience,0.317746639251709,keyword
W4405074555,Artificial neural network,0.2684088945388794,keyword
W4405074555,Artificial intelligence,0.20297741889953613,keyword
W4405074555,Chemistry,0.1310543715953827,keyword
W4405074555,Advanced Memory and Neural Computing,0.9998999834060669,topic
W4405074555,Photoreceptor and optogenetics research,0.9973000288009644,topic
W4405074555,Neural Networks and Reservoir Computing,0.996999979019165,topic
W4402076230,Materials science,0.7662652730941772,keyword
W4402076230,Memristor,0.702786922454834,keyword
W4402076230,Perception,0.6385264992713928,keyword
W4402076230,Tactile perception,0.6046474575996399,keyword
W4402076230,Nanotechnology,0.36577388644218445,keyword
W4402076230,Electrical engineering,0.24438905715942383,keyword
W4402076230,Engineering,0.12108471989631653,keyword
W4402076230,Neuroscience,0.07654687762260437,keyword
W4402076230,Psychology,0.05965161323547363,keyword
W4402076230,Advanced Memory and Neural Computing,0.9998999834060669,topic
W4402076230,Neuroscience and Neural Engineering,0.9990000128746033,topic
W4402076230,Neural dynamics and brain function,0.9937999844551086,topic
W4400688524,Materials science,0.8032711744308472,keyword
W4400688524,Conductance,0.6037296652793884,keyword
W4400688524,Spider silk,0.5891246199607849,keyword
W4400688524,Quantum,0.48701125383377075,keyword
W4400688524,SILK,0.4829842150211334,keyword
W4400688524,Spider,0.44213706254959106,keyword
W4400688524,Nanotechnology,0.4313797354698181,keyword
W4400688524,Neuroscience,0.36980634927749634,keyword
W4400688524,Biology,0.13730692863464355,keyword
W4400688524,Condensed matter physics,0.13501322269439697,keyword
W4400688524,Composite material,0.11903530359268188,keyword
W4400688524,Ecology,0.09646952152252197,keyword
W4400688524,Quantum mechanics,0.08404478430747986,keyword
W4400688524,Advanced Memory and Neural Computing,1.0,topic
W4400688524,Neuroscience and Neural Engineering,0.9983999729156494,topic
W4400688524,Ferroelectric and Negative Capacitance Devices,0.9977999925613403,topic
W4393547079,Neuromorphic engineering,0.9848469495773315,keyword
W4393547079,Nanowire,0.637760579586029,keyword
W4393547079,Synapse,0.6308441758155823,keyword
W4393547079,Materials science,0.5639404058456421,keyword
W4393547079,Nanotechnology,0.49487489461898804,keyword
W4393547079,Memristor,0.48899614810943604,keyword
W4393547079,Perovskite (structure),0.46275967359542847,keyword
W4393547079,Computer science,0.44222480058670044,keyword
W4393547079,Computer architecture,0.43111470341682434,keyword
W4393547079,Optoelectronics,0.334800124168396,keyword
W4393547079,Artificial neural network,0.29834264516830444,keyword
W4393547079,Electronic engineering,0.2786915898323059,keyword
W4393547079,Neuroscience,0.2666533589363098,keyword
W4393547079,Artificial intelligence,0.24643275141716003,keyword
W4393547079,Engineering,0.22174164652824402,keyword
W4393547079,Psychology,0.08518043160438538,keyword
W4393547079,Chemical engineering,0.06720596551895142,keyword
W4393547079,Advanced Memory and Neural Computing,1.0,topic
W4393547079,Neural Networks and Reservoir Computing,0.9983999729156494,topic
W4393547079,Ferroelectric and Negative Capacitance Devices,0.998199999332428,topic
W3174385126,Neuromorphic engineering,0.956969141960144,keyword
W3174385126,Optoelectronics,0.5518449544906616,keyword
W3174385126,Computer science,0.5346317291259766,keyword
W3174385126,Materials science,0.35513800382614136,keyword
W3174385126,Nanotechnology,0.3315609395503998,keyword
W3174385126,Artificial intelligence,0.25649887323379517,keyword
W3174385126,Artificial neural network,0.11690974235534668,keyword
W3174385126,Advanced Memory and Neural Computing,0.9998000264167786,topic
W3174385126,CCD and CMOS Imaging Sensors,0.9990000128746033,topic
W3174385126,Gas Sensing Nanomaterials and Sensors,0.98580002784729,topic
W4205740463,Electronics,0.7408152222633362,keyword
W4205740463,Flexible electronics,0.5814938545227051,keyword
W4205740463,Transistor,0.5266064405441284,keyword
W4205740463,Field (mathematics),0.4451422691345215,keyword
W4205740463,Organic electronics,0.4336725175380707,keyword
W4205740463,Nanotechnology,0.4128414988517761,keyword
W4205740463,Computer science,0.40779879689216614,keyword
W4205740463,Electrical engineering,0.35575371980667114,keyword
W4205740463,Engineering,0.33332645893096924,keyword
W4205740463,Manufacturing engineering,0.32974153757095337,keyword
W4205740463,Materials science,0.2807020843029022,keyword
W4205740463,Voltage,0.11134693026542664,keyword
W4205740463,Advanced Sensor and Energy Harvesting Materials,1.0,topic
W4205740463,Conducting polymers and applications,0.9995999932289124,topic
W4205740463,Organic Electronics and Photovoltaics,0.9980999827384949,topic
W4409387563,Neuromorphic engineering,0.9754541516304016,keyword
W4409387563,Materials science,0.5773138403892517,keyword
W4409387563,Nano-,0.5482665300369263,keyword
W4409387563,Optoelectronics,0.46351659297943115,keyword
W4409387563,Computer science,0.4231679439544678,keyword
W4409387563,Artificial neural network,0.39660850167274475,keyword
W4409387563,Nanotechnology,0.33531707525253296,keyword
W4409387563,Electronic engineering,0.3233400583267212,keyword
W4409387563,Artificial intelligence,0.21300363540649414,keyword
W4409387563,Engineering,0.16847410798072815,keyword
W4409387563,Composite material,0.0800357460975647,keyword
W4409387563,Advanced Memory and Neural Computing,1.0,topic
W4409387563,Neural Networks and Reservoir Computing,0.9958000183105469,topic
W4409387563,Ferroelectric and Negative Capacitance Devices,0.9926999807357788,topic
W4391304303,Materials science,0.8876652717590332,keyword
W4391304303,Memristor,0.8336282968521118,keyword
W4391304303,Monolayer,0.715367317199707,keyword
W4391304303,Nanotechnology,0.6743707656860352,keyword
W4391304303,Nanowire,0.5860310792922974,keyword
W4391304303,Silver nanoparticle,0.5683460831642151,keyword
W4391304303,Nanoparticle,0.5205358266830444,keyword
W4391304303,Self-assembly,0.4788122773170471,keyword
W4391304303,Self-assembled monolayer,0.4772374629974365,keyword
W4391304303,Advanced Memory and Neural Computing,1.0,topic
W4391304303,Neuroscience and Neural Engineering,0.9973999857902527,topic
W4391304303,Molecular Communication and Nanonetworks,0.9959999918937683,topic
W3139108655,Neuromorphic engineering,0.7526006102561951,keyword
W3139108655,Josephson effect,0.7402293682098389,keyword
W3139108655,Electronic circuit,0.6258653998374939,keyword
W3139108655,Computer science,0.5398648381233215,keyword
W3139108655,Spice,0.4783574938774109,keyword
W3139108655,Physics,0.4642297625541687,keyword
W3139108655,Spiking neural network,0.4508197605609894,keyword
W3139108655,Memristor,0.4445381760597229,keyword
W3139108655,Quantum computer,0.41916656494140625,keyword
W3139108655,Topology (electrical circuits),0.38734492659568787,keyword
W3139108655,Superconductivity,0.3791821599006653,keyword
W3139108655,Quantum,0.36423370242118835,keyword
W3139108655,Electrical engineering,0.34618571400642395,keyword
W3139108655,Condensed matter physics,0.20604544878005981,keyword
W3139108655,Artificial neural network,0.172264963388443,keyword
W3139108655,Quantum mechanics,0.10996416211128235,keyword
W3139108655,Artificial intelligence,0.0992174744606018,keyword
W3139108655,Engineering,0.09894570708274841,keyword
W3139108655,Advanced Memory and Neural Computing,1.0,topic
W3139108655,Neural Networks and Reservoir Computing,0.9994999766349792,topic
W3139108655,Ferroelectric and Negative Capacitance Devices,0.9993000030517578,topic
W4384937031,Nanowire,0.9114251732826233,keyword
W4384937031,Materials science,0.7541825175285339,keyword
W4384937031,Nanotechnology,0.619718074798584,keyword
W4384937031,Schottky barrier,0.5563833117485046,keyword
W4384937031,Electrode,0.5348125100135803,keyword
W4384937031,Coating,0.5024616718292236,keyword
W4384937031,Resistive touchscreen,0.4760705828666687,keyword
W4384937031,Layer (electronics),0.42064934968948364,keyword
W4384937031,Optoelectronics,0.3753708004951477,keyword
W4384937031,Computer science,0.15931609272956848,keyword
W4384937031,Chemistry,0.09521129727363586,keyword
W4384937031,Advanced Memory and Neural Computing,1.0,topic
W4384937031,Transition Metal Oxide Nanomaterials,0.9993000030517578,topic
W4384937031,Neuroscience and Neural Engineering,0.998199999332428,topic
W3122124224,Ferroelectricity,0.8270514607429504,keyword
W3122124224,Materials science,0.7209845185279846,keyword
W3122124224,Neuromorphic engineering,0.7157778143882751,keyword
W3122124224,Transistor,0.5165144801139832,keyword
W3122124224,Multiferroics,0.4920010268688202,keyword
W3122124224,Nanowire,0.4823557734489441,keyword
W3122124224,Robustness (evolution),0.4711396098136902,keyword
W3122124224,Chemical physics,0.4364679455757141,keyword
W3122124224,Density functional theory,0.4190386235713959,keyword
W3122124224,Nanotechnology,0.418556272983551,keyword
W3122124224,Optoelectronics,0.39040231704711914,keyword
W3122124224,Condensed matter physics,0.36507904529571533,keyword
W3122124224,Voltage,0.2628280222415924,keyword
W3122124224,Computational chemistry,0.21654725074768066,keyword
W3122124224,Chemistry,0.16180944442749023,keyword
W3122124224,Computer science,0.13030952215194702,keyword
W3122124224,Electrical engineering,0.12633296847343445,keyword
W3122124224,Artificial neural network,0.12302693724632263,keyword
W3122124224,Dielectric,0.11619073152542114,keyword
W3122124224,Physics,0.11556270718574524,keyword
W3122124224,MXene and MAX Phase Materials,0.9997000098228455,topic
W3122124224,Advanced Memory and Neural Computing,0.9994000196456909,topic
W3122124224,2D Materials and Applications,0.9991000294685364,topic
W4393871531,Neuromorphic engineering,0.974889874458313,keyword
W4393871531,Nanowire,0.5780534744262695,keyword
W4393871531,Excitatory postsynaptic potential,0.563348650932312,keyword
W4393871531,Spike (software development),0.5335358381271362,keyword
W4393871531,Computer science,0.49481743574142456,keyword
W4393871531,Channel (broadcasting),0.4750131070613861,keyword
W4393871531,Materials science,0.43658965826034546,keyword
W4393871531,Postsynaptic Current,0.42699185013771057,keyword
W4393871531,CMOS,0.42241761088371277,keyword
W4393871531,Signal processing,0.4111780524253845,keyword
W4393871531,Inhibitory postsynaptic potential,0.3753405809402466,keyword
W4393871531,Electronic engineering,0.35265928506851196,keyword
W4393871531,Artificial neural network,0.34444430470466614,keyword
W4393871531,Optoelectronics,0.3347342908382416,keyword
W4393871531,Neuroscience,0.32781413197517395,keyword
W4393871531,Computer architecture,0.3237583339214325,keyword
W4393871531,Computer hardware,0.22957319021224976,keyword
W4393871531,Artificial intelligence,0.22194397449493408,keyword
W4393871531,Engineering,0.1595272421836853,keyword
W4393871531,Telecommunications,0.13321653008460999,keyword
W4393871531,Biology,0.08566486835479736,keyword
W4393871531,Advanced Memory and Neural Computing,1.0,topic
W4393871531,Neuroscience and Neural Engineering,0.9991000294685364,topic
W4393871531,Neural dynamics and brain function,0.9987999796867371,topic
W4408750371,Neuromorphic engineering,0.9420018196105957,keyword
W4408750371,Materials science,0.847402811050415,keyword
W4408750371,Nanowire,0.5648173093795776,keyword
W4408750371,Nanotechnology,0.5254325270652771,keyword
W4408750371,Artificial neural network,0.30055269598960876,keyword
W4408750371,Computer science,0.20381352305412292,keyword
W4408750371,Artificial intelligence,0.15225118398666382,keyword
W4408750371,Advanced Memory and Neural Computing,1.0,topic
W4408750371,Neural Networks and Reservoir Computing,0.9994000196456909,topic
W4408750371,Ferroelectric and Negative Capacitance Devices,0.9994000196456909,topic
W4399528285,Photoconductivity,0.8928481340408325,keyword
W4399528285,Nanowire,0.7506680488586426,keyword
W4399528285,Photodiode,0.7209808826446533,keyword
W4399528285,Optoelectronics,0.6601895093917847,keyword
W4399528285,Materials science,0.5904213190078735,keyword
W4399528285,Perception,0.49780917167663574,keyword
W4399528285,Psychology,0.12283623218536377,keyword
W4399528285,Neuroscience,0.06652706861495972,keyword
W4399528285,Advanced Memory and Neural Computing,1.0,topic
W4399528285,Neural Networks and Reservoir Computing,0.9983999729156494,topic
W4399528285,CCD and CMOS Imaging Sensors,0.9972000122070312,topic
W4406695418,Materials science,0.7814632654190063,keyword
W4406695418,Retina,0.7441000938415527,keyword
W4406695418,Image processing,0.44395777583122253,keyword
W4406695418,Neuroscience,0.37498825788497925,keyword
W4406695418,Nanotechnology,0.3687586188316345,keyword
W4406695418,Computer vision,0.31115227937698364,keyword
W4406695418,Computer science,0.2903202176094055,keyword
W4406695418,Image (mathematics),0.2689928412437439,keyword
W4406695418,Biology,0.12992221117019653,keyword
W4406695418,Advanced Memory and Neural Computing,0.9998999834060669,topic
W4406695418,Neuroscience and Neural Engineering,0.9991000294685364,topic
W4406695418,Photoreceptor and optogenetics research,0.9984999895095825,topic
W4281479538,Gestalt psychology,0.8823131322860718,keyword
W4281479538,Closure (psychology),0.5121290683746338,keyword
W4281479538,Artificial intelligence,0.5032593607902527,keyword
W4281479538,Long-term potentiation,0.47504687309265137,keyword
W4281479538,Perception,0.44965553283691406,keyword
W4281479538,Neuroscience,0.42043250799179077,keyword
W4281479538,Nanowire,0.41567718982696533,keyword
W4281479538,Computer science,0.4064701199531555,keyword
W4281479538,Physics,0.36073005199432373,keyword
W4281479538,Pattern recognition (psychology),0.34092435240745544,keyword
W4281479538,Materials science,0.33632978796958923,keyword
W4281479538,Psychology,0.3320356011390686,keyword
W4281479538,Cognitive science,0.32210811972618103,keyword
W4281479538,Chemistry,0.2845880389213562,keyword
W4281479538,Nanotechnology,0.2519279718399048,keyword
W4281479538,Advanced Memory and Neural Computing,1.0,topic
W4281479538,Perovskite Materials and Applications,0.9998000264167786,topic
W4281479538,Conducting polymers and applications,0.9988999962806702,topic
W4405338061,Nanomaterials,0.7718108892440796,keyword
W4405338061,Materials science,0.7715548276901245,keyword
W4405338061,Responsivity,0.5950456857681274,keyword
W4405338061,Photodetector,0.5839741826057434,keyword
W4405338061,Optoelectronics,0.5809685587882996,keyword
W4405338061,Nanowire,0.5024383068084717,keyword
W4405338061,Photoconductivity,0.4978928565979004,keyword
W4405338061,Nanotechnology,0.43200981616973877,keyword
W4405338061,Ultraviolet,0.4282107651233673,keyword
W4405338061,Image sensor,0.41742873191833496,keyword
W4405338061,Transmission (telecommunications),0.4100545346736908,keyword
W4405338061,Computer science,0.25343459844589233,keyword
W4405338061,Telecommunications,0.16204264760017395,keyword
W4405338061,Ga2O3 and related materials,1.0,topic
W4405338061,ZnO doping and properties,0.9990000128746033,topic
W4405338061,Advanced Photocatalysis Techniques,0.9980999827384949,topic
W4379466984,Robustness (evolution),0.7135871648788452,keyword
W4379466984,Computer science,0.6818753480911255,keyword
W4379466984,Artificial neural network,0.5814138054847717,keyword
W4379466984,Binary number,0.4954770803451538,keyword
W4379466984,Artificial intelligence,0.44707033038139343,keyword
W4379466984,Stochastic neural network,0.4319442808628082,keyword
W4379466984,Range (aeronautics),0.4104779362678528,keyword
W4379466984,Recurrent neural network,0.1492239236831665,keyword
W4379466984,Mathematics,0.13577109575271606,keyword
W4379466984,Engineering,0.12269338965415955,keyword
W4379466984,Advanced Memory and Neural Computing,0.9998999834060669,topic
W4379466984,Ferroelectric and Negative Capacitance Devices,0.9994000196456909,topic
W4379466984,Magnetic properties of thin films,0.9984999895095825,topic
W4361005864,Materials science,0.8289786577224731,keyword
W4361005864,Memristor,0.6960403919219971,keyword
W4361005864,Optoelectronics,0.5915799140930176,keyword
W4361005864,Atomic layer deposition,0.5907377004623413,keyword
W4361005864,Neural facilitation,0.5194782018661499,keyword
W4361005864,Nanowire,0.517055094242096,keyword
W4361005864,Dielectric,0.5094097256660461,keyword
W4361005864,Resistive random-access memory,0.5037886500358582,keyword
W4361005864,Voltage,0.4873290956020355,keyword
W4361005864,Resistive touchscreen,0.4538286328315735,keyword
W4361005864,Long-term potentiation,0.4144245684146881,keyword
W4361005864,Layer (electronics),0.40606361627578735,keyword
W4361005864,Nanotechnology,0.36594027280807495,keyword
W4361005864,Electronic engineering,0.12328675389289856,keyword
W4361005864,Chemistry,0.11592745780944824,keyword
W4361005864,Electrical engineering,0.07267221808433533,keyword
W4361005864,Advanced Memory and Neural Computing,1.0,topic
W4361005864,Ferroelectric and Negative Capacitance Devices,0.9988999962806702,topic
W4361005864,Neuroscience and Neural Engineering,0.9986000061035156,topic
W4387244285,Flexibility (engineering),0.5832816958427429,keyword
W4387244285,Materials science,0.5431197881698608,keyword
W4387244285,Computer science,0.5356338620185852,keyword
W4387244285,Sensory system,0.48100075125694275,keyword
W4387244285,Nanotechnology,0.471016526222229,keyword
W4387244285,Neuroscience,0.2715630531311035,keyword
W4387244285,Biology,0.1270884871482849,keyword
W4387244285,Advanced Memory and Neural Computing,0.9997000098228455,topic
W4387244285,Conducting polymers and applications,0.9995999932289124,topic
W4387244285,Photochromic and Fluorescence Chemistry,0.9983999729156494,topic
W4408780014,Nanofiber,0.6773579120635986,keyword
W4408780014,Transistor,0.6187633275985718,keyword
W4408780014,Identification (biology),0.571269154548645,keyword
W4408780014,Materials science,0.500765323638916,keyword
W4408780014,Optoelectronics,0.4192531704902649,keyword
W4408780014,Nanotechnology,0.3608609437942505,keyword
W4408780014,Computer science,0.3477756977081299,keyword
W4408780014,Electrical engineering,0.32091236114501953,keyword
W4408780014,Engineering,0.15721315145492554,keyword
W4408780014,Voltage,0.07702445983886719,keyword
W4408780014,Biology,0.07050302624702454,keyword
W4408780014,Conducting polymers and applications,0.9854999780654907,topic
W4408780014,Advanced Chemical Sensor Technologies,0.9799000024795532,topic
W4408780014,Analytical Chemistry and Sensors,0.9570000171661377,topic
W4388639388,Artificial intelligence,0.7170374393463135,keyword
W4388639388,Computer science,0.6240789890289307,keyword
W4388639388,Deep learning,0.5134447813034058,keyword
W4388639388,Robotics,0.4694366455078125,keyword
W4388639388,Applications of artificial intelligence,0.4654897451400757,keyword
W4388639388,Component (thermodynamics),0.4470616281032562,keyword
W4388639388,Human–computer interaction,0.32481682300567627,keyword
W4388639388,Robot,0.22059929370880127,keyword
W4388639388,Advanced Memory and Neural Computing,0.9997000098228455,topic
W4388639388,Advanced Sensor and Energy Harvesting Materials,0.9954000115394592,topic
W4388639388,Ferroelectric and Negative Capacitance Devices,0.9879000186920166,topic
W3194587756,Materials science,0.8898382186889648,keyword
W3194587756,Neuromorphic engineering,0.8407642245292664,keyword
W3194587756,Optoelectronics,0.7208172082901001,keyword
W3194587756,Nanowire,0.7101285457611084,keyword
W3194587756,Photoconductivity,0.6819491386413574,keyword
W3194587756,Substrate (aquarium),0.5785977244377136,keyword
W3194587756,Modulation (music),0.47859570384025574,keyword
W3194587756,Nanotechnology,0.43679165840148926,keyword
W3194587756,Graphite,0.43313318490982056,keyword
W3194587756,Artificial neural network,0.2612183094024658,keyword
W3194587756,Computer science,0.10439357161521912,keyword
W3194587756,Advanced Memory and Neural Computing,0.9998999834060669,topic
W3194587756,Neural Networks and Reservoir Computing,0.9993000030517578,topic
W3194587756,Nanowire Synthesis and Applications,0.9968000054359436,topic
W3185322996,Materials science,0.8135952949523926,keyword
W3185322996,Nanowire,0.7642000913619995,keyword
W3185322996,Memristor,0.7565026879310608,keyword
W3185322996,Optoelectronics,0.7230125665664673,keyword
W3185322996,Transistor,0.6057847142219543,keyword
W3185322996,Field-effect transistor,0.5029825568199158,keyword
W3185322996,Lithography,0.4469645023345947,keyword
W3185322996,Rectification,0.43328818678855896,keyword
W3185322996,Nanotechnology,0.3464531898498535,keyword
W3185322996,Power (physics),0.29859644174575806,keyword
W3185322996,Electronic engineering,0.12121975421905518,keyword
W3185322996,Physics,0.09222826361656189,keyword
W3185322996,Voltage,0.08255934715270996,keyword
W3185322996,Advanced Memory and Neural Computing,1.0,topic
W3185322996,Photoreceptor and optogenetics research,0.996999979019165,topic
W3185322996,Neuroscience and Neural Engineering,0.9962999820709229,topic
W4308485573,Fingerprint (computing),0.7460957765579224,keyword
W4308485573,Memristor,0.6137534976005554,keyword
W4308485573,Ultraviolet,0.5714071989059448,keyword
W4308485573,Computer science,0.5307607054710388,keyword
W4308485573,Fingerprint recognition,0.42499104142189026,keyword
W4308485573,Artificial intelligence,0.3886302709579468,keyword
W4308485573,Nanotechnology,0.3440983295440674,keyword
W4308485573,Pattern recognition (psychology),0.3363153338432312,keyword
W4308485573,Materials science,0.3177553117275238,keyword
W4308485573,Optoelectronics,0.27523189783096313,keyword
W4308485573,Engineering,0.1512022614479065,keyword
W4308485573,Electrical engineering,0.11695471405982971,keyword
W4308485573,Advanced Memory and Neural Computing,1.0,topic
W4308485573,Neural Networks and Reservoir Computing,0.9991999864578247,topic
W4308485573,Wireless Signal Modulation Classification,0.9850000143051147,topic
W4309786649,Materials science,0.8284844160079956,keyword
W4309786649,Optoelectronics,0.7026540040969849,keyword
W4309786649,Neuromorphic engineering,0.6174049377441406,keyword
W4309786649,Nanowire,0.6020350456237793,keyword
W4309786649,Neural facilitation,0.528690755367279,keyword
W4309786649,Responsivity,0.5232547521591187,keyword
W4309786649,Synapse,0.5039839148521423,keyword
W4309786649,Nanoporous,0.4780981242656708,keyword
W4309786649,Transistor,0.464094340801239,keyword
W4309786649,Field-effect transistor,0.4496946930885315,keyword
W4309786649,Infrared,0.42038998007774353,keyword
W4309786649,Excitatory postsynaptic potential,0.34619390964508057,keyword
W4309786649,Nanotechnology,0.3191415071487427,keyword
W4309786649,Photodetector,0.22018489241600037,keyword
W4309786649,Optics,0.14896225929260254,keyword
W4309786649,Artificial neural network,0.09570986032485962,keyword
W4309786649,Chemistry,0.0924062728881836,keyword
W4309786649,Advanced Memory and Neural Computing,1.0,topic
W4309786649,Neural Networks and Reservoir Computing,0.9997000098228455,topic
W4309786649,Photoreceptor and optogenetics research,0.9986000061035156,topic
W4408903378,Nanowire,0.806607723236084,keyword
W4408903378,Infrared,0.6406198143959045,keyword
W4408903378,Crystallite,0.6317547559738159,keyword
W4408903378,Optoelectronics,0.5780404806137085,keyword
W4408903378,Materials science,0.5738806128501892,keyword
W4408903378,Nanotechnology,0.46398261189460754,keyword
W4408903378,Optics,0.33361178636550903,keyword
W4408903378,Metallurgy,0.1375924050807953,keyword
W4408903378,Physics,0.10144215822219849,keyword
W4408903378,Nanowire Synthesis and Applications,1.0,topic
W4408903378,Semiconductor materials and interfaces,0.9991000294685364,topic
W4408903378,Advancements in Semiconductor Devices and Circuit Design,0.998199999332428,topic
W3002245331,Neuron,0.7648991346359253,keyword
W3002245331,Neuroscience,0.693600058555603,keyword
W3002245331,Intracellular,0.6797442436218262,keyword
W3002245331,Biological neural network,0.5848325490951538,keyword
W3002245331,Extracellular,0.5524566769599915,keyword
W3002245331,Stimulation,0.502338171005249,keyword
W3002245331,Premovement neuronal activity,0.4924250543117523,keyword
W3002245331,Biological system,0.38304975628852844,keyword
W3002245331,Biophysics,0.3814038336277008,keyword
W3002245331,Computer science,0.37484121322631836,keyword
W3002245331,Biology,0.2458544373512268,keyword
W3002245331,Cell biology,0.08902904391288757,keyword
W3002245331,Neuroscience and Neural Engineering,1.0,topic
W3002245331,Advanced Memory and Neural Computing,0.9990000128746033,topic
W3002245331,Neural dynamics and brain function,0.9936000108718872,topic
W4226231928,Emulation,0.8130419254302979,keyword
W4226231928,Transistor,0.688014566898346,keyword
W4226231928,Dual (grammatical number),0.6755677461624146,keyword
W4226231928,Computer science,0.48737484216690063,keyword
W4226231928,Information processing,0.45255789160728455,keyword
W4226231928,Materials science,0.41057395935058594,keyword
W4226231928,Nanotechnology,0.3688265383243561,keyword
W4226231928,Optoelectronics,0.36736226081848145,keyword
W4226231928,Electronic engineering,0.33440840244293213,keyword
W4226231928,Neuroscience,0.2969227731227875,keyword
W4226231928,Electrical engineering,0.2626844644546509,keyword
W4226231928,Engineering,0.18116995692253113,keyword
W4226231928,Biology,0.12089240550994873,keyword
W4226231928,Voltage,0.1172427237033844,keyword
W4226231928,Psychology,0.11642169952392578,keyword
W4226231928,Advanced Memory and Neural Computing,0.9998999834060669,topic
W4226231928,Neuroscience and Neural Engineering,0.9980999827384949,topic
W4226231928,Photoreceptor and optogenetics research,0.9977999925613403,topic
W3159064237,Neuromorphic engineering,0.824487566947937,keyword
W3159064237,Materials science,0.6567199230194092,keyword
W3159064237,Transistor,0.482807993888855,keyword
W3159064237,Optoelectronics,0.43916967511177063,keyword
W3159064237,Computer science,0.42854610085487366,keyword
W3159064237,Artificial neural network,0.3318169116973877,keyword
W3159064237,Nanotechnology,0.3270058035850525,keyword
W3159064237,Voltage,0.272325336933136,keyword
W3159064237,Physics,0.18818771839141846,keyword
W3159064237,Artificial intelligence,0.14785555005073547,keyword
W3159064237,Advanced Memory and Neural Computing,1.0,topic
W3159064237,Conducting polymers and applications,0.9995999932289124,topic
W3159064237,Neuroscience and Neural Engineering,0.9980999827384949,topic
W3111140867,Neuromorphic engineering,0.9727472066879272,keyword
W3111140867,Computer science,0.6636940240859985,keyword
W3111140867,Artificial intelligence,0.6504718065261841,keyword
W3111140867,Artificial neural network,0.5460169911384583,keyword
W3111140867,Advanced Memory and Neural Computing,0.9998999834060669,topic
W3111140867,Molecular Communication and Nanonetworks,0.9947999715805054,topic
W3111140867,Neuroscience and Neural Engineering,0.9944000244140625,topic
W3028905307,Bottleneck,0.6734479665756226,keyword
W3028905307,Materials science,0.6579390168190002,keyword
W3028905307,Nanotechnology,0.6260133981704712,keyword
W3028905307,Carbon nanotube,0.5875137448310852,keyword
W3028905307,Nanowire,0.580110490322113,keyword
W3028905307,Von Neumann architecture,0.5695620775222778,keyword
W3028905307,Oxide,0.4365057051181793,keyword
W3028905307,Information storage,0.42383038997650146,keyword
W3028905307,Computer science,0.3226877450942993,keyword
W3028905307,Embedded system,0.1977842152118683,keyword
W3028905307,Advanced Memory and Neural Computing,0.9998999834060669,topic
W3028905307,Transition Metal Oxide Nanomaterials,0.9990000128746033,topic
W3028905307,Conducting polymers and applications,0.9988999962806702,topic
W2998390304,Neuromorphic engineering,0.8545776605606079,keyword
W2998390304,Memristor,0.6287062168121338,keyword
W2998390304,Computer science,0.6165647506713867,keyword
W2998390304,Spiking neural network,0.5892499685287476,keyword
W2998390304,Neuroscience,0.5580280423164368,keyword
W2998390304,Afferent,0.5270883440971375,keyword
W2998390304,Neuroprosthetics,0.5195605754852295,keyword
W2998390304,Artificial neural network,0.2911410927772522,keyword
W2998390304,Artificial intelligence,0.2551638185977936,keyword
W2998390304,Electronic engineering,0.24254518747329712,keyword
W2998390304,Biology,0.15213027596473694,keyword
W2998390304,Engineering,0.1432914137840271,keyword
W2998390304,Advanced Memory and Neural Computing,1.0,topic
W2998390304,Neural dynamics and brain function,0.9990000128746033,topic
W2998390304,Photoreceptor and optogenetics research,0.9983999729156494,topic
W4415349392,Neural stem cell,0.7329999804496765,keyword
W4415349392,Neuromodulation,0.6467999815940857,keyword
W4415349392,Traumatic brain injury,0.5681999921798706,keyword
W4415349392,Barium titanate,0.5651999711990356,keyword
W4415349392,Stem cell,0.5315999984741211,keyword
W4415349392,Transplantation,0.37720000743865967,keyword
W4415349392,Neuron,0.33660000562667847,keyword
W4415349392,Stimulation,0.31439998745918274,keyword
W4415349392,Anesthesia and Neurotoxicity Research,0.9983000159263611,topic
W4415349392,Planarian Biology and Electrostimulation,0.994700014591217,topic
W4415349392,Neuroscience and Neural Engineering,0.9914000034332275,topic
W3110294643,Neuromorphic engineering,0.9554790258407593,keyword
W3110294643,Computer science,0.683935284614563,keyword
W3110294643,Image sensor,0.6470321416854858,keyword
W3110294643,Artificial intelligence,0.5545267462730408,keyword
W3110294643,Image processing,0.5420089960098267,keyword
W3110294643,Computer vision,0.47632795572280884,keyword
W3110294643,Computer hardware,0.34869474172592163,keyword
W3110294643,Image (mathematics),0.23514097929000854,keyword
W3110294643,Artificial neural network,0.17633074522018433,keyword
W3110294643,Advanced Memory and Neural Computing,1.0,topic
W3110294643,Photoreceptor and optogenetics research,0.9988999962806702,topic
W3110294643,CCD and CMOS Imaging Sensors,0.9958000183105469,topic
W4414950529,Neuromorphic engineering,0.8165000081062317,keyword
W4414950529,Heterojunction,0.6956999897956848,keyword
W4414950529,Photocurrent,0.5658000111579895,keyword
W4414950529,Energy consumption,0.4771000146865845,keyword
W4414950529,Dynamic range,0.46059998869895935,keyword
W4414950529,Graphene,0.4458000063896179,keyword
W4414950529,Noise (video),0.4074999988079071,keyword
W4414950529,Artificial neural network,0.38909998536109924,keyword
W4414950529,Nanowire,0.36629998683929443,keyword
W4414950529,Advanced Memory and Neural Computing,1.0,topic
W4414950529,Transition Metal Oxide Nanomaterials,0.9980000257492065,topic
W4414950529,Semiconductor materials and devices,0.9977999925613403,topic
W4414628824,Neuromorphic engineering,0.9117000102996826,keyword
W4414628824,Robot,0.5376999974250793,keyword
W4414628824,Humanoid robot,0.5347999930381775,keyword
W4414628824,Memristor,0.5347999930381775,keyword
W4414628824,Artificial neural network,0.5321999788284302,keyword
W4414628824,Robotics,0.4350000023841858,keyword
W4414628824,Deep learning,0.40630000829696655,keyword
W4414628824,Synapse,0.3898000121116638,keyword
W4414628824,Advanced Memory and Neural Computing,0.9998999834060669,topic
W4414628824,Neuroscience and Neural Engineering,0.9991000294685364,topic
W4414628824,Photoreceptor and optogenetics research,0.9943000078201294,topic
W3204131515,Bioelectronics,0.9665055274963379,keyword
W3204131515,Neuromorphic engineering,0.8312461376190186,keyword
W3204131515,Nanotechnology,0.6366880536079407,keyword
W3204131515,Transistor,0.5717563033103943,keyword
W3204131515,Computer science,0.5339456796646118,keyword
W3204131515,Underpinning,0.5096559524536133,keyword
W3204131515,Biosensor,0.4736919403076172,keyword
W3204131515,Materials science,0.3493010103702545,keyword
W3204131515,Computer architecture,0.3370475172996521,keyword
W3204131515,Artificial intelligence,0.21795964241027832,keyword
W3204131515,Electrical engineering,0.21668821573257446,keyword
W3204131515,Engineering,0.21170824766159058,keyword
W3204131515,Voltage,0.1510489583015442,keyword
W3204131515,Advanced Memory and Neural Computing,0.9998000264167786,topic
W3204131515,Neuroscience and Neural Engineering,0.9998000264167786,topic
W3204131515,Analytical Chemistry and Sensors,0.9997000098228455,topic
W4412553145,Materials science,0.8308872580528259,keyword
W4412553145,Conjugated system,0.8069477081298828,keyword
W4412553145,Wearable computer,0.6394249796867371,keyword
W4412553145,Transistor,0.6364336609840393,keyword
W4412553145,Wearable technology,0.537956714630127,keyword
W4412553145,Nanotechnology,0.5237635970115662,keyword
W4412553145,Polymer,0.5161556005477905,keyword
W4412553145,Optoelectronics,0.35676175355911255,keyword
W4412553145,Computer science,0.22889143228530884,keyword
W4412553145,Electrical engineering,0.2125558853149414,keyword
W4412553145,Composite material,0.15315094590187073,keyword
W4412553145,Embedded system,0.132415771484375,keyword
W4412553145,Voltage,0.10330033302307129,keyword
W4412553145,Engineering,0.10000297427177429,keyword
W4412553145,Advanced Memory and Neural Computing,0.9998000264167786,topic
W4412553145,Neuroscience and Neural Engineering,0.9993000030517578,topic
W4412553145,Photoreceptor and optogenetics research,0.9983999729156494,topic
W4402986254,Neuromorphic engineering,0.9025977849960327,keyword
W4402986254,Memristor,0.7740544080734253,keyword
W4402986254,Computer science,0.6382559537887573,keyword
W4402986254,Robot,0.6249589920043945,keyword
W4402986254,Synapse,0.5362794399261475,keyword
W4402986254,Humanoid robot,0.530670702457428,keyword
W4402986254,Artificial intelligence,0.5136699080467224,keyword
W4402986254,Artificial neural network,0.39316701889038086,keyword
W4402986254,Engineering,0.2369263470172882,keyword
W4402986254,Electrical engineering,0.18048804998397827,keyword
W4402986254,Neuroscience,0.13471955060958862,keyword
W4402986254,Advanced Memory and Neural Computing,1.0,topic
W4402986254,Photoreceptor and optogenetics research,0.9980999827384949,topic
W4402986254,Transition Metal Oxide Nanomaterials,0.9919999837875366,topic
W4398767291,Nanowire,0.6341995596885681,keyword
W4398767291,Materials science,0.46044835448265076,keyword
W4398767291,Geometry,0.3754050135612488,keyword
W4398767291,Nanotechnology,0.28747957944869995,keyword
W4398767291,Mathematics,0.20871269702911377,keyword
W4398767291,Graphene research and applications,0.9997000098228455,topic
W4398767291,Advanced Memory and Neural Computing,0.9994999766349792,topic
W4398767291,Nanowire Synthesis and Applications,0.9990000128746033,topic
W3209232797,Magnonics,0.7913141250610352,keyword
W3209232797,Neuromorphic engineering,0.605832040309906,keyword
W3209232797,Computer science,0.5493655800819397,keyword
W3209232797,Scalability,0.4819221794605255,keyword
W3209232797,Physics,0.2972021698951721,keyword
W3209232797,Artificial intelligence,0.10090208053588867,keyword
W3209232797,Quantum mechanics,0.10051006078720093,keyword
W3209232797,Spin polarization,0.09355431795120239,keyword
W3209232797,Neural Networks and Reservoir Computing,0.9998000264167786,topic
W3209232797,Magnetic properties of thin films,0.9991000294685364,topic
W3209232797,Quantum and electron transport phenomena,0.9991000294685364,topic
W3205881480,Neuromorphic engineering,0.9010631442070007,keyword
W3205881480,Nanowire,0.8309553265571594,keyword
W3205881480,Materials science,0.6662777662277222,keyword
W3205881480,Resistive touchscreen,0.6045952439308167,keyword
W3205881480,Optoelectronics,0.5959282517433167,keyword
W3205881480,Thermal conduction,0.5869309902191162,keyword
W3205881480,Memristor,0.5215641856193542,keyword
W3205881480,Thermionic emission,0.45860251784324646,keyword
W3205881480,Nanotechnology,0.4358741044998169,keyword
W3205881480,Electronic engineering,0.3022967576980591,keyword
W3205881480,Electrical engineering,0.2496587038040161,keyword
W3205881480,Electron,0.21665844321250916,keyword
W3205881480,Physics,0.1961384415626526,keyword
W3205881480,Computer science,0.18070554733276367,keyword
W3205881480,Engineering,0.10235476493835449,keyword
W3205881480,Composite material,0.08014565706253052,keyword
W3205881480,Advanced Memory and Neural Computing,1.0,topic
W3205881480,Ferroelectric and Negative Capacitance Devices,0.9994999766349792,topic
W3205881480,Neuroscience and Neural Engineering,0.9991000294685364,topic
W3156524454,Microglia,0.7796604633331299,keyword
W3156524454,Chemistry,0.7481340169906616,keyword
W3156524454,Dopaminergic,0.695732831954956,keyword
W3156524454,Neuroscience,0.6226115226745605,keyword
W3156524454,Dopamine,0.5459718704223633,keyword
W3156524454,Exocytosis,0.5092095732688904,keyword
W3156524454,Inflammation,0.4441148042678833,keyword
W3156524454,Cell biology,0.3698059320449829,keyword
W3156524454,Biophysics,0.33471834659576416,keyword
W3156524454,Nanotechnology,0.3242654800415039,keyword
W3156524454,Biochemistry,0.17153742909431458,keyword
W3156524454,Secretion,0.1283465027809143,keyword
W3156524454,Biology,0.1228766143321991,keyword
W3156524454,Immunology,0.11069869995117188,keyword
W3156524454,Materials science,0.06683909893035889,keyword
W3156524454,Neuroinflammation and Neurodegeneration Mechanisms,0.9993000030517578,topic
W3156524454,Conducting polymers and applications,0.9991000294685364,topic
W3156524454,Parkinson's Disease Mechanisms and Treatments,0.9876000285148621,topic
W3126503310,Materials science,0.8492330312728882,keyword
W3126503310,Ferroelectricity,0.7903821468353271,keyword
W3126503310,Field-effect transistor,0.6449725031852722,keyword
W3126503310,Transistor,0.6412034034729004,keyword
W3126503310,Semiconductor,0.55157870054245,keyword
W3126503310,Optoelectronics,0.5370890498161316,keyword
W3126503310,Nanotechnology,0.47806456685066223,keyword
W3126503310,Engineering physics,0.44305652379989624,keyword
W3126503310,Neuromorphic engineering,0.4284776747226715,keyword
W3126503310,Electrical engineering,0.21973967552185059,keyword
W3126503310,Computer science,0.1388837993144989,keyword
W3126503310,Voltage,0.09089973568916321,keyword
W3126503310,Engineering,0.07637980580329895,keyword
W3126503310,Ferroelectric and Negative Capacitance Devices,1.0,topic
W3126503310,MXene and MAX Phase Materials,0.9908999800682068,topic
W3126503310,Advanced Memory and Neural Computing,0.9819999933242798,topic
W3216358190,Neuromorphic engineering,0.9716019630432129,keyword
W3216358190,Computer science,0.6732680201530457,keyword
W3216358190,Transistor,0.5430765151977539,keyword
W3216358190,Neuroscience,0.5223934650421143,keyword
W3216358190,Artificial neural network,0.4317411780357361,keyword
W3216358190,Artificial intelligence,0.37263786792755127,keyword
W3216358190,Voltage,0.17356246709823608,keyword
W3216358190,Engineering,0.14532628655433655,keyword
W3216358190,Electrical engineering,0.1356963813304901,keyword
W3216358190,Biology,0.10305666923522949,keyword
W3216358190,Advanced Memory and Neural Computing,1.0,topic
W3216358190,Neuroscience and Neural Engineering,0.9983000159263611,topic
W3216358190,Photoreceptor and optogenetics research,0.9983000159263611,topic
W4221009823,Neuromorphic engineering,0.9841586351394653,keyword
W4221009823,Ultraviolet,0.7269942164421082,keyword
W4221009823,Materials science,0.5971943140029907,keyword
W4221009823,Wafer,0.48361292481422424,keyword
W4221009823,Computer science,0.4777338206768036,keyword
W4221009823,Optoelectronics,0.4631234109401703,keyword
W4221009823,Ultraviolet light,0.4534653425216675,keyword
W4221009823,Artificial neural network,0.4233977198600769,keyword
W4221009823,Nanotechnology,0.3402695953845978,keyword
W4221009823,Artificial intelligence,0.21215087175369263,keyword
W4221009823,Transition Metal Oxide Nanomaterials,0.9998999834060669,topic
W4221009823,Advanced Memory and Neural Computing,0.9995999932289124,topic
W4221009823,Gas Sensing Nanomaterials and Sensors,0.9958000183105469,topic
W3135671352,Neuromorphic engineering,0.8695664405822754,keyword
W3135671352,Triboelectric effect,0.6459825038909912,keyword
W3135671352,Neuroscience,0.5748199224472046,keyword
W3135671352,Sensory system,0.5707208514213562,keyword
W3135671352,Computer science,0.511573851108551,keyword
W3135671352,Contact electrification,0.4235665202140808,keyword
W3135671352,Artificial neural network,0.36581945419311523,keyword
W3135671352,Materials science,0.34165138006210327,keyword
W3135671352,Artificial intelligence,0.3093634843826294,keyword
W3135671352,Biology,0.162926584482193,keyword
W3135671352,Advanced Memory and Neural Computing,1.0,topic
W3135671352,Advanced Sensor and Energy Harvesting Materials,0.9998000264167786,topic
W3135671352,Neuroscience and Neural Engineering,0.9970999956130981,topic
W3085370829,Crossbar switch,0.8198502659797668,keyword
W3085370829,Neuromorphic engineering,0.7689945697784424,keyword
W3085370829,Synapse,0.7313674688339233,keyword
W3085370829,Computer science,0.6070870757102966,keyword
W3085370829,Terminal (telecommunication),0.5854268670082092,keyword
W3085370829,Materials science,0.3829188346862793,keyword
W3085370829,Optoelectronics,0.3279002904891968,keyword
W3085370829,Nanotechnology,0.3262290954589844,keyword
W3085370829,Artificial neural network,0.3075490891933441,keyword
W3085370829,Telecommunications,0.2079974114894867,keyword
W3085370829,Neuroscience,0.17620211839675903,keyword
W3085370829,Artificial intelligence,0.15389668941497803,keyword
W3085370829,Biology,0.09296116232872009,keyword
W3085370829,Advanced Memory and Neural Computing,1.0,topic
W3085370829,Photoreceptor and optogenetics research,0.9972000122070312,topic
W3085370829,Neuroscience and Neural Engineering,0.9941999912261963,topic
W4410568091,Neuromorphic engineering,0.9759311676025391,keyword
W4410568091,Tactile sensor,0.6047340631484985,keyword
W4410568091,Computer science,0.5516796112060547,keyword
W4410568091,Artificial intelligence,0.39572352170944214,keyword
W4410568091,Computer architecture,0.3681563138961792,keyword
W4410568091,Artificial neural network,0.18387937545776367,keyword
W4410568091,Robot,0.05963173508644104,keyword
W4410568091,Advanced Memory and Neural Computing,1.0,topic
W4410568091,Advanced Sensor and Energy Harvesting Materials,0.9994000196456909,topic
W4410568091,Neuroscience and Neural Engineering,0.996999979019165,topic
W3135493399,Nanotechnology,0.6996825933456421,keyword
W3135493399,Materials science,0.22064781188964844,keyword
W3135493399,Advanced Memory and Neural Computing,0.9991000294685364,topic
W3135493399,Advanced Nanomaterials in Catalysis,0.9980999827384949,topic
W3135493399,Conducting polymers and applications,0.9972000122070312,topic
W4417157228,Neuromorphic engineering,0.9018999934196472,keyword
W4417157228,Nanowire,0.5931000113487244,keyword
W4417157228,Modulation (music),0.4068000018596649,keyword
W4417157228,Distortion (music),0.38760000467300415,keyword
W4417157228,Doping,0.38280001282691956,keyword
W4417157228,Transmission (telecommunications),0.3774000108242035,keyword
W4417157228,SIGNAL (programming language),0.366100013256073,keyword
W4417157228,Photonics,0.32089999318122864,keyword
W4417157228,Ga2O3 and related materials,0.6717000007629395,topic
W4417157228,Advanced Memory and Neural Computing,0.03400000184774399,topic
W4417157228,2D Materials and Applications,0.013799999840557575,topic
W4411570936,Materials science,0.6516207456588745,keyword
W4411570936,Nanowire,0.6379659175872803,keyword
W4411570936,Nanotechnology,0.61636883020401,keyword
W4411570936,Channel (broadcasting),0.5347880721092224,keyword
W4411570936,Optoelectronics,0.3673788905143738,keyword
W4411570936,Telecommunications,0.19751733541488647,keyword
W4411570936,Computer science,0.17359840869903564,keyword
W4411570936,Advanced Memory and Neural Computing,1.0,topic
W4411570936,Ferroelectric and Negative Capacitance Devices,0.9984999895095825,topic
W4411570936,Neuroscience and Neural Engineering,0.9980999827384949,topic
W4324311255,Electronics,0.6199421286582947,keyword
W4324311255,Computer science,0.4586072564125061,keyword
W4324311255,Artificial intelligence,0.3252473771572113,keyword
W4324311255,Embedded system,0.3223416209220886,keyword
W4324311255,Engineering,0.32014548778533936,keyword
W4324311255,Electrical engineering,0.22752445936203003,keyword
W4324311255,Advanced Sensor and Energy Harvesting Materials,0.9991000294685364,topic
W4324311255,EEG and Brain-Computer Interfaces,0.9890999794006348,topic
W4324311255,Advanced Chemical Sensor Technologies,0.9794999957084656,topic
W4225391715,Materials science,0.8224207162857056,keyword
W4225391715,Responsivity,0.652811586856842,keyword
W4225391715,Optoelectronics,0.6229775547981262,keyword
W4225391715,Ternary operation,0.5959707498550415,keyword
W4225391715,Perovskite (structure),0.582472026348114,keyword
W4225391715,Neuromorphic engineering,0.5328859090805054,keyword
W4225391715,Organic semiconductor,0.48609375953674316,keyword
W4225391715,Semiconductor,0.449980765581131,keyword
W4225391715,Transistor,0.4353005886077881,keyword
W4225391715,Computer science,0.3927868902683258,keyword
W4225391715,Voltage,0.365335077047348,keyword
W4225391715,Nanotechnology,0.3464413285255432,keyword
W4225391715,Photodetector,0.2993049621582031,keyword
W4225391715,Artificial neural network,0.2809116244316101,keyword
W4225391715,Electrical engineering,0.21014702320098877,keyword
W4225391715,Artificial intelligence,0.18255329132080078,keyword
W4225391715,Perovskite Materials and Applications,1.0,topic
W4225391715,Advanced Memory and Neural Computing,0.9997000098228455,topic
W4225391715,Conducting polymers and applications,0.9973000288009644,topic
W4415455114,Neuromorphic engineering,0.8513000011444092,keyword
W4415455114,Retinal implant,0.6388000249862671,keyword
W4415455114,Nanowire,0.6312999725341797,keyword
W4415455114,Visual prosthesis,0.5486999750137329,keyword
W4415455114,Retinal Prosthesis,0.43950000405311584,keyword
W4415455114,Infrared,0.37059998512268066,keyword
W4415455114,Neural Prosthesis,0.3589000105857849,keyword
W4415455114,Neuroscience and Neural Engineering,0.9998999834060669,topic
W4415455114,Advanced Memory and Neural Computing,0.9998000264167786,topic
W4415455114,Photoreceptor and optogenetics research,0.9986000061035156,topic
W4400940175,Nanowire,0.727724015712738,keyword
W4400940175,Titanium dioxide,0.7026888728141785,keyword
W4400940175,Materials science,0.6524540185928345,keyword
W4400940175,Optoelectronics,0.46803951263427734,keyword
W4400940175,Titanium,0.42857807874679565,keyword
W4400940175,Nanotechnology,0.41285932064056396,keyword
W4400940175,Composite material,0.18514448404312134,keyword
W4400940175,Metallurgy,0.1598145067691803,keyword
W4400940175,Advanced Memory and Neural Computing,1.0,topic
W4400940175,Ferroelectric and Negative Capacitance Devices,0.9959999918937683,topic
W4400940175,Transition Metal Oxide Nanomaterials,0.9950000047683716,topic
W4402129311,Resistive random-access memory,0.9241155385971069,keyword
W4402129311,Neuromorphic engineering,0.8282673954963684,keyword
W4402129311,Materials science,0.7640422582626343,keyword
W4402129311,Optoelectronics,0.5746020078659058,keyword
W4402129311,Emulation,0.5709794759750366,keyword
W4402129311,Long-term potentiation,0.5051780343055725,keyword
W4402129311,Nanotechnology,0.46546199917793274,keyword
W4402129311,Nanomaterials,0.41482895612716675,keyword
W4402129311,Computer science,0.3595384955406189,keyword
W4402129311,Voltage,0.3412366509437561,keyword
W4402129311,Electronic engineering,0.3367350101470947,keyword
W4402129311,Artificial neural network,0.2075130045413971,keyword
W4402129311,Electrical engineering,0.20261156558990479,keyword
W4402129311,Artificial intelligence,0.1107214093208313,keyword
W4402129311,Engineering,0.08689317107200623,keyword
W4402129311,Chemistry,0.08158761262893677,keyword
W4402129311,Advanced Memory and Neural Computing,1.0,topic
W4402129311,Ferroelectric and Negative Capacitance Devices,0.998199999332428,topic
W4402129311,Transition Metal Oxide Nanomaterials,0.9976000189781189,topic
W3198008946,Robotics,0.8591992259025574,keyword
W3198008946,Soft robotics,0.8120404481887817,keyword
W3198008946,Artificial intelligence,0.779037594795227,keyword
W3198008946,Adaptability,0.5747260451316833,keyword
W3198008946,Autonomy,0.5218683481216431,keyword
W3198008946,Soft materials,0.4979104995727539,keyword
W3198008946,Computer science,0.48312899470329285,keyword
W3198008946,Robot,0.45057258009910583,keyword
W3198008946,Evolutionary robotics,0.4111635088920593,keyword
W3198008946,Human–computer interaction,0.3988614082336426,keyword
W3198008946,Cognitive science,0.3275078237056732,keyword
W3198008946,Nanotechnology,0.29989951848983765,keyword
W3198008946,Biology,0.21895480155944824,keyword
W3198008946,Ecology,0.16272121667861938,keyword
W3198008946,Psychology,0.13321489095687866,keyword
W3198008946,Materials science,0.09692966938018799,keyword
W3198008946,Micro and Nano Robotics,0.9998000264167786,topic
W3198008946,Advanced Sensor and Energy Harvesting Materials,0.9988999962806702,topic
W3198008946,Modular Robots and Swarm Intelligence,0.9980999827384949,topic
W4411019789,Neuromorphic engineering,0.9745203256607056,keyword
W4411019789,Nanowire,0.7084031105041504,keyword
W4411019789,Materials science,0.6299515962600708,keyword
W4411019789,Transistor,0.5868810415267944,keyword
W4411019789,Nanotechnology,0.43657466769218445,keyword
W4411019789,Optoelectronics,0.3995652198791504,keyword
W4411019789,Computer science,0.38628673553466797,keyword
W4411019789,Computer architecture,0.34721261262893677,keyword
W4411019789,Electronic engineering,0.3329957127571106,keyword
W4411019789,Artificial neural network,0.3131442070007324,keyword
W4411019789,Electrical engineering,0.3014114499092102,keyword
W4411019789,Engineering,0.21198499202728271,keyword
W4411019789,Artificial intelligence,0.13873347640037537,keyword
W4411019789,Voltage,0.0874081552028656,keyword
W4411019789,Advanced Memory and Neural Computing,0.9995999932289124,topic
W4411019789,Neural Networks and Reservoir Computing,0.9840999841690063,topic
W4411019789,Quantum-Dot Cellular Automata,0.9821000099182129,topic
W3020952717,Neuromorphic engineering,0.7056186199188232,keyword
W3020952717,Computer science,0.6430320739746094,keyword
W3020952717,CMOS,0.59248286485672,keyword
W3020952717,Spiking neural network,0.48109859228134155,keyword
W3020952717,Memristor,0.44692206382751465,keyword
W3020952717,Artificial neural network,0.40001463890075684,keyword
W3020952717,Electronic engineering,0.3943285048007965,keyword
W3020952717,Computer architecture,0.3639097809791565,keyword
W3020952717,Artificial intelligence,0.35447803139686584,keyword
W3020952717,Engineering,0.20157092809677124,keyword
W3020952717,Advanced Memory and Neural Computing,1.0,topic
W3020952717,Neuroscience and Neural Engineering,0.9997000098228455,topic
W3020952717,Neural dynamics and brain function,0.9994000196456909,topic
W3088467998,Nanotechnology,0.7350386381149292,keyword
W3088467998,Materials science,0.6378288865089417,keyword
W3088467998,Transistor,0.6212027668952942,keyword
W3088467998,Neuromorphic engineering,0.5608906745910645,keyword
W3088467998,Fabrication,0.5512691736221313,keyword
W3088467998,Polymer electrolytes,0.4553767144680023,keyword
W3088467998,Electrolyte,0.4442579746246338,keyword
W3088467998,Bioelectronics,0.4186203181743622,keyword
W3088467998,Biosensor,0.28999340534210205,keyword
W3088467998,Voltage,0.28215354681015015,keyword
W3088467998,Computer science,0.27757683396339417,keyword
W3088467998,Electrical engineering,0.17958015203475952,keyword
W3088467998,Electrode,0.17428219318389893,keyword
W3088467998,Chemistry,0.1447383463382721,keyword
W3088467998,Engineering,0.13775545358657837,keyword
W3088467998,Ionic conductivity,0.12625765800476074,keyword
W3088467998,Conducting polymers and applications,1.0,topic
W3088467998,Advanced Memory and Neural Computing,0.9998999834060669,topic
W3088467998,Organic Electronics and Photovoltaics,0.9994999766349792,topic
W4323653529,Commercialization,0.7351593375205994,keyword
W4323653529,Software deployment,0.7131881713867188,keyword
W4323653529,Computer science,0.5437762141227722,keyword
W4323653529,Big data,0.46408578753471375,keyword
W4323653529,Wireless sensor network,0.4539312422275543,keyword
W4323653529,Systems engineering,0.39901530742645264,keyword
W4323653529,Data science,0.3922882080078125,keyword
W4323653529,Engineering management,0.3385758697986603,keyword
W4323653529,Risk analysis (engineering),0.3238281011581421,keyword
W4323653529,Business,0.2429550588130951,keyword
W4323653529,Engineering,0.23783567547798157,keyword
W4323653529,Advanced Sensor and Energy Harvesting Materials,0.9988999962806702,topic
W4323653529,Green IT and Sustainability,0.957099974155426,topic
W4323653529,IoT and Edge/Fog Computing,0.9309999942779541,topic
W4416187665,Photodetection,0.7836999893188477,keyword
W4416187665,Heterojunction,0.4997999966144562,keyword
W4416187665,Responsivity,0.4147999882698059,keyword
W4416187665,Image sensor,0.4122999906539917,keyword
W4416187665,Machine vision,0.4032000005245209,keyword
W4416187665,Photodetector,0.3817000091075897,keyword
W4416187665,Nanowire,0.35499998927116394,keyword
W4416187665,Advanced Sensor and Energy Harvesting Materials,0.9399999976158142,topic
W4416187665,Advanced Memory and Neural Computing,0.02290000021457672,topic
W4416187665,Ferroelectric and Negative Capacitance Devices,0.010599999688565731,topic
W4388296666,Photodetector,0.8536485433578491,keyword
W4388296666,Materials science,0.7703215479850769,keyword
W4388296666,Optoelectronics,0.7594270706176758,keyword
W4388296666,Responsivity,0.7396050095558167,keyword
W4388296666,Photosensitivity,0.5430696606636047,keyword
W4388296666,Charge carrier,0.4912680983543396,keyword
W4388296666,Nanowire,0.4417553246021271,keyword
W4388296666,Semiconductor,0.4218237102031708,keyword
W4388296666,ZnO doping and properties,0.9998000264167786,topic
W4388296666,Ga2O3 and related materials,0.9994000196456909,topic
W4388296666,Nanowire Synthesis and Applications,0.9987000226974487,topic
W4408144056,Neuromorphic engineering,0.9821826219558716,keyword
W4408144056,Interface (matter),0.7171803712844849,keyword
W4408144056,Computer science,0.5416129231452942,keyword
W4408144056,Memristor,0.5202099680900574,keyword
W4408144056,Computer architecture,0.4529796838760376,keyword
W4408144056,Materials science,0.37939006090164185,keyword
W4408144056,Computational science,0.36408549547195435,keyword
W4408144056,Nanotechnology,0.3290635943412781,keyword
W4408144056,Electronic engineering,0.2438092827796936,keyword
W4408144056,Engineering,0.24227339029312134,keyword
W4408144056,Artificial neural network,0.20656391978263855,keyword
W4408144056,Artificial intelligence,0.20598509907722473,keyword
W4408144056,Parallel computing,0.15485939383506775,keyword
W4408144056,Advanced Memory and Neural Computing,1.0,topic
W4408144056,Neuroscience and Neural Engineering,0.9991000294685364,topic
W4408144056,Ferroelectric and Negative Capacitance Devices,0.9987000226974487,topic
W4310364782,Neuromorphic engineering,0.9615331888198853,keyword
W4310364782,Computer science,0.6476502418518066,keyword
W4310364782,Energy consumption,0.6345475316047668,keyword
W4310364782,Photonics,0.6246368288993835,keyword
W4310364782,Artificial neural network,0.5952666997909546,keyword
W4310364782,Power consumption,0.5818809270858765,keyword
W4310364782,Responsivity,0.5809571743011475,keyword
W4310364782,Synapse,0.5180726051330566,keyword
W4310364782,Optical computing,0.501032829284668,keyword
W4310364782,Efficient energy use,0.48734650015830994,keyword
W4310364782,Artificial intelligence,0.47092288732528687,keyword
W4310364782,Synaptic weight,0.4274406135082245,keyword
W4310364782,Optoelectronics,0.4195452928543091,keyword
W4310364782,Electronic engineering,0.39394956827163696,keyword
W4310364782,Power (physics),0.3752927780151367,keyword
W4310364782,Materials science,0.3647152781486511,keyword
W4310364782,Electrical engineering,0.2969721555709839,keyword
W4310364782,Engineering,0.23784172534942627,keyword
W4310364782,Physics,0.21380922198295593,keyword
W4310364782,Telecommunications,0.2132289707660675,keyword
W4310364782,Neuroscience,0.13195514678955078,keyword
W4310364782,Detector,0.10943570733070374,keyword
W4310364782,Advanced Memory and Neural Computing,1.0,topic
W4310364782,Neural Networks and Reservoir Computing,0.9998000264167786,topic
W4310364782,2D Materials and Applications,0.9925000071525574,topic
W4390169428,Neuromorphic engineering,0.9053843021392822,keyword
W4390169428,Nanowire,0.6559074521064758,keyword
W4390169428,Materials science,0.6428490281105042,keyword
W4390169428,Perovskite (structure),0.641227126121521,keyword
W4390169428,Nanostructure,0.5971521139144897,keyword
W4390169428,Nanotechnology,0.5538040995597839,keyword
W4390169428,Homogeneous,0.5167462229728699,keyword
W4390169428,Bottleneck,0.4400521218776703,keyword
W4390169428,Topology (electrical circuits),0.3640674352645874,keyword
W4390169428,Computer science,0.25597214698791504,keyword
W4390169428,Artificial neural network,0.23030298948287964,keyword
W4390169428,Electrical engineering,0.18420377373695374,keyword
W4390169428,Physics,0.16165369749069214,keyword
W4390169428,Engineering,0.12048760056495667,keyword
W4390169428,Artificial intelligence,0.1186206042766571,keyword
W4390169428,Embedded system,0.09705710411071777,keyword
W4390169428,Chemical engineering,0.0888836681842804,keyword
W4390169428,Advanced Memory and Neural Computing,0.9998999834060669,topic
W4390169428,Perovskite Materials and Applications,0.9997000098228455,topic
W4390169428,Conducting polymers and applications,0.9979000091552734,topic
W3166364176,Transistor,0.861649751663208,keyword
W3166364176,Materials science,0.6263315677642822,keyword
W3166364176,Ionic bonding,0.6117143034934998,keyword
W3166364176,Capacitance,0.5688619017601013,keyword
W3166364176,Electronic circuit,0.48084911704063416,keyword
W3166364176,Nanotechnology,0.4756348133087158,keyword
W3166364176,Ion,0.46245551109313965,keyword
W3166364176,Optoelectronics,0.4522954225540161,keyword
W3166364176,Computer science,0.3429911136627197,keyword
W3166364176,Electrical engineering,0.2702443301677704,keyword
W3166364176,Chemistry,0.24296295642852783,keyword
W3166364176,Voltage,0.22049367427825928,keyword
W3166364176,Engineering,0.1552932858467102,keyword
W3166364176,Electrode,0.09660029411315918,keyword
W3166364176,Advanced Memory and Neural Computing,0.9987999796867371,topic
W3166364176,Advanced Sensor and Energy Harvesting Materials,0.9968000054359436,topic
W3166364176,ZnO doping and properties,0.9930999875068665,topic
W4402482874,Memristor,0.847591757774353,keyword
W4402482874,Condensed matter physics,0.7575113773345947,keyword
W4402482874,Ferromagnetism,0.7192586660385132,keyword
W4402482874,Nanowire,0.6904932260513306,keyword
W4402482874,Materials science,0.6845777034759521,keyword
W4402482874,Magnetization,0.588270902633667,keyword
W4402482874,Field (mathematics),0.558869481086731,keyword
W4402482874,Magnetic field,0.43786153197288513,keyword
W4402482874,Physics,0.21331027150154114,keyword
W4402482874,Nanotechnology,0.20897898077964783,keyword
W4402482874,Quantum mechanics,0.08028966188430786,keyword
W4402482874,Advanced Memory and Neural Computing,1.0,topic
W4402482874,Ferroelectric and Negative Capacitance Devices,1.0,topic
W4402482874,MXene and MAX Phase Materials,0.9966999888420105,topic
W3129964628,Triboelectric effect,0.9753512740135193,keyword
W3129964628,Nanogenerator,0.9192334413528442,keyword
W3129964628,Flexibility (engineering),0.6022676229476929,keyword
W3129964628,Solar powered,0.4851844906806946,keyword
W3129964628,Intelligent sensor,0.4490172266960144,keyword
W3129964628,Systems engineering,0.4080977737903595,keyword
W3129964628,Wireless sensor network,0.3986462354660034,keyword
W3129964628,Computer science,0.3970271348953247,keyword
W3129964628,Materials science,0.39302006363868713,keyword
W3129964628,Artificial intelligence,0.34068503975868225,keyword
W3129964628,Nanotechnology,0.3388875126838684,keyword
W3129964628,Electrical engineering,0.32375210523605347,keyword
W3129964628,Engineering,0.20172643661499023,keyword
W3129964628,Voltage,0.15527385473251343,keyword
W3129964628,Solar energy,0.13321611285209656,keyword
W3129964628,Advanced Sensor and Energy Harvesting Materials,1.0,topic
W3129964628,Conducting polymers and applications,0.9961000084877014,topic
W3129964628,Muscle activation and electromyography studies,0.9668999910354614,topic
W4392737580,Extracellular vesicles,0.7747989892959595,keyword
W4392737580,Diagnostic biomarker,0.5715454816818237,keyword
W4392737580,Extracellular vesicle,0.5654400587081909,keyword
W4392737580,Drug delivery,0.5472301244735718,keyword
W4392737580,Microvesicles,0.49206990003585815,keyword
W4392737580,Biology,0.4896577000617981,keyword
W4392737580,Cancer,0.4890519082546234,keyword
W4392737580,Computational biology,0.4481571614742279,keyword
W4392737580,Disease,0.42465639114379883,keyword
W4392737580,microRNA,0.4092390239238739,keyword
W4392737580,Bioinformatics,0.3902064561843872,keyword
W4392737580,Medicine,0.34713608026504517,keyword
W4392737580,Pathology,0.23413515090942383,keyword
W4392737580,Chemistry,0.20054134726524353,keyword
W4392737580,Cell biology,0.17639043927192688,keyword
W4392737580,Gene,0.09658095240592957,keyword
W4392737580,Extracellular vesicles in disease,1.0,topic
W4392737580,MicroRNA in disease regulation,0.9976000189781189,topic
W4392737580,Circular RNAs in diseases,0.9825000166893005,topic
W4360814365,van der Waals force,0.7925134897232056,keyword
W4360814365,Materials science,0.5312796831130981,keyword
W4360814365,Electrolyte,0.4755915403366089,keyword
W4360814365,Wearable computer,0.46822449564933777,keyword
W4360814365,Lift (data mining),0.46413323283195496,keyword
W4360814365,Laser,0.45856061577796936,keyword
W4360814365,Channel (broadcasting),0.4151317775249481,keyword
W4360814365,Nanotechnology,0.34975525736808777,keyword
W4360814365,Computer science,0.312372088432312,keyword
W4360814365,Physics,0.261709064245224,keyword
W4360814365,Electrode,0.24227669835090637,keyword
W4360814365,Chemistry,0.23125052452087402,keyword
W4360814365,Molecule,0.18125683069229126,keyword
W4360814365,Physical chemistry,0.1724005937576294,keyword
W4360814365,Optics,0.1289188265800476,keyword
W4360814365,Telecommunications,0.07762324810028076,keyword
W4360814365,Advanced Memory and Neural Computing,1.0,topic
W4360814365,Ferroelectric and Negative Capacitance Devices,0.9984999895095825,topic
W4360814365,Neural Networks and Reservoir Computing,0.9959999918937683,topic
W4390272121,Bioelectronics,0.9794222116470337,keyword
W4390272121,Nanotechnology,0.6642564535140991,keyword
W4390272121,Ionic bonding,0.6514220237731934,keyword
W4390272121,Materials science,0.6255600452423096,keyword
W4390272121,Conductive polymer,0.5656654834747314,keyword
W4390272121,Neuromorphic engineering,0.5458985567092896,keyword
W4390272121,Electrochromic devices,0.5265864729881287,keyword
W4390272121,Electronics,0.44939807057380676,keyword
W4390272121,Electrochromism,0.43479570746421814,keyword
W4390272121,Organic electronics,0.4282623529434204,keyword
W4390272121,Polymer,0.35144302248954773,keyword
W4390272121,Ion,0.3258782923221588,keyword
W4390272121,Transistor,0.28292930126190186,keyword
W4390272121,Computer science,0.23142588138580322,keyword
W4390272121,Biosensor,0.22489917278289795,keyword
W4390272121,Chemistry,0.21138739585876465,keyword
W4390272121,Electrical engineering,0.16180568933486938,keyword
W4390272121,Electrode,0.1522432267665863,keyword
W4390272121,Voltage,0.12784770131111145,keyword
W4390272121,Organic chemistry,0.06765830516815186,keyword
W4390272121,Engineering,0.06448096036911011,keyword
W4390272121,Conducting polymers and applications,1.0,topic
W4390272121,Organic Electronics and Photovoltaics,0.9995999932289124,topic
W4390272121,Advanced Memory and Neural Computing,0.9991999864578247,topic
W3028800027,Materials science,0.6854783296585083,keyword
W3028800027,Sensory system,0.6654610633850098,keyword
W3028800027,Neuroscience,0.6409866213798523,keyword
W3028800027,Synapse,0.6031091809272766,keyword
W3028800027,Neocortex,0.522779643535614,keyword
W3028800027,Synaptic weight,0.4728795886039734,keyword
W3028800027,Neurite,0.4390672743320465,keyword
W3028800027,Computer science,0.3707965910434723,keyword
W3028800027,Nanotechnology,0.3242529630661011,keyword
W3028800027,Chemistry,0.16094383597373962,keyword
W3028800027,Biology,0.15438121557235718,keyword
W3028800027,Artificial neural network,0.1363716721534729,keyword
W3028800027,Artificial intelligence,0.11979424953460693,keyword
W3028800027,Advanced Memory and Neural Computing,0.9998999834060669,topic
W3028800027,Acoustic Wave Resonator Technologies,0.9980999827384949,topic
W3028800027,Neuroscience and Neural Engineering,0.9976000189781189,topic
W4411799120,Flash (photography),0.7800743579864502,keyword
W4411799120,Transistor,0.6827480792999268,keyword
W4411799120,Trapping,0.6694694757461548,keyword
W4411799120,Nanowire,0.6544162631034851,keyword
W4411799120,Dual (grammatical number),0.6123565435409546,keyword
W4411799120,Voltage,0.5533697605133057,keyword
W4411799120,Charge (physics),0.5472455024719238,keyword
W4411799120,Optoelectronics,0.5312041640281677,keyword
W4411799120,Materials science,0.5300922989845276,keyword
W4411799120,Physics,0.37237948179244995,keyword
W4411799120,Electrical engineering,0.33306288719177246,keyword
W4411799120,Optics,0.1711607277393341,keyword
W4411799120,Engineering,0.1403719186782837,keyword
W4411799120,Quantum mechanics,0.07678249478340149,keyword
W4411799120,Advanced Memory and Neural Computing,1.0,topic
W4411799120,Neuroscience and Neural Engineering,0.9987999796867371,topic
W4411799120,Ferroelectric and Negative Capacitance Devices,0.9939000010490417,topic
W3035615680,Neuromorphic engineering,0.8420172929763794,keyword
W3035615680,Trapping,0.6373775601387024,keyword
W3035615680,van der Waals force,0.6304736137390137,keyword
W3035615680,Materials science,0.6100624203681946,keyword
W3035615680,Transistor,0.5945130586624146,keyword
W3035615680,Nanotechnology,0.5498639345169067,keyword
W3035615680,Non-volatile memory,0.520797610282898,keyword
W3035615680,Charge (physics),0.44872868061065674,keyword
W3035615680,Semiconductor,0.44584548473358154,keyword
W3035615680,Optoelectronics,0.4329301714897156,keyword
W3035615680,Layer (electronics),0.41670113801956177,keyword
W3035615680,Artificial neural network,0.40996596217155457,keyword
W3035615680,Computer science,0.37816256284713745,keyword
W3035615680,Chemical physics,0.33883047103881836,keyword
W3035615680,Chemistry,0.2167527973651886,keyword
W3035615680,Molecule,0.21523329615592957,keyword
W3035615680,Voltage,0.2032555341720581,keyword
W3035615680,Electrical engineering,0.1947171688079834,keyword
W3035615680,Physics,0.17547139525413513,keyword
W3035615680,Artificial intelligence,0.16158631443977356,keyword
W3035615680,Advanced Memory and Neural Computing,1.0,topic
W3035615680,Transition Metal Oxide Nanomaterials,0.9972000122070312,topic
W3035615680,Photoreceptor and optogenetics research,0.996399998664856,topic
W4411008099,Photodetection,0.9816508293151855,keyword
W4411008099,Heterojunction,0.8867924213409424,keyword
W4411008099,Nanowire,0.8201849460601807,keyword
W4411008099,Materials science,0.7881317138671875,keyword
W4411008099,Photodetector,0.788049578666687,keyword
W4411008099,Optoelectronics,0.7325621247291565,keyword
W4411008099,Semiconductor,0.669156014919281,keyword
W4411008099,Nanosheet,0.5814293622970581,keyword
W4411008099,Infrared,0.4184149205684662,keyword
W4411008099,Quantum dot,0.41327133774757385,keyword
W4411008099,Nanotechnology,0.40696555376052856,keyword
W4411008099,Optics,0.19707205891609192,keyword
W4411008099,Physics,0.09036821126937866,keyword
W4411008099,Nanowire Synthesis and Applications,0.9997000098228455,topic
W4411008099,Ga2O3 and related materials,0.9995999932289124,topic
W4411008099,2D Materials and Applications,0.9991000294685364,topic
W4317390660,Bioelectronics,0.8976735472679138,keyword
W4317390660,Transistor,0.7014307379722595,keyword
W4317390660,Nanotechnology,0.6970012187957764,keyword
W4317390660,Materials science,0.5648142695426941,keyword
W4317390660,Electronics,0.5630171298980713,keyword
W4317390660,Neuromorphic engineering,0.5117607116699219,keyword
W4317390660,Organic electronics,0.49796438217163086,keyword
W4317390660,Optoelectronics,0.4435867667198181,keyword
W4317390660,Electrical engineering,0.3197612166404724,keyword
W4317390660,Computer science,0.2646355628967285,keyword
W4317390660,Biosensor,0.2107686996459961,keyword
W4317390660,Voltage,0.17354106903076172,keyword
W4317390660,Engineering,0.12312847375869751,keyword
W4317390660,Conducting polymers and applications,1.0,topic
W4317390660,Advanced Sensor and Energy Harvesting Materials,0.9993000030517578,topic
W4317390660,Organic Electronics and Photovoltaics,0.9987000226974487,topic
W3043485868,RNA,0.8240014314651489,keyword
W3043485868,Extracellular vesicles,0.6425840258598328,keyword
W3043485868,Extracellular vesicle,0.5751972794532776,keyword
W3043485868,Computational biology,0.570348858833313,keyword
W3043485868,microRNA,0.5177839994430542,keyword
W3043485868,Small RNA,0.4541777968406677,keyword
W3043485868,Biology,0.40911659598350525,keyword
W3043485868,Nanotechnology,0.397037148475647,keyword
W3043485868,Chemistry,0.35205426812171936,keyword
W3043485868,Cell biology,0.31110015511512756,keyword
W3043485868,Microvesicles,0.2053782343864441,keyword
W3043485868,Gene,0.20207634568214417,keyword
W3043485868,Genetics,0.18234717845916748,keyword
W3043485868,Materials science,0.14613133668899536,keyword
W3043485868,Extracellular vesicles in disease,1.0,topic
W3043485868,MicroRNA in disease regulation,0.9983000159263611,topic
W3043485868,Circular RNAs in diseases,0.9908000230789185,topic
W4390046601,Materials science,0.8879909515380859,keyword
W4390046601,Memristor,0.7718111276626587,keyword
W4390046601,Nanotechnology,0.49949216842651367,keyword
W4390046601,Engineering physics,0.39286309480667114,keyword
W4390046601,Electrical engineering,0.09955188632011414,keyword
W4390046601,Engineering,0.0668540894985199,keyword
W4390046601,Advanced Memory and Neural Computing,1.0,topic
W4390046601,Neuroscience and Neural Engineering,0.9952999949455261,topic
W4390046601,Ferroelectric and Negative Capacitance Devices,0.9911999702453613,topic
W4313334514,Perovskite (structure),0.8859961032867432,keyword
W4313334514,Quantum dot,0.8797241449356079,keyword
W4313334514,Halide,0.7422991394996643,keyword
W4313334514,Nanomaterials,0.6440749168395996,keyword
W4313334514,Nanotechnology,0.625126838684082,keyword
W4313334514,Materials science,0.611409604549408,keyword
W4313334514,Electronics,0.5448903441429138,keyword
W4313334514,Photoluminescence,0.5076285600662231,keyword
W4313334514,Nanocrystal,0.455637127161026,keyword
W4313334514,Photovoltaic system,0.4478241503238678,keyword
W4313334514,Optoelectronics,0.2400372326374054,keyword
W4313334514,Chemistry,0.2327415943145752,keyword
W4313334514,Inorganic chemistry,0.141849547624588,keyword
W4313334514,Electrical engineering,0.08498278260231018,keyword
W4313334514,Engineering,0.0763171911239624,keyword
W4313334514,Perovskite Materials and Applications,1.0,topic
W4313334514,Quantum Dots Synthesis And Properties,0.9976000189781189,topic
W4313334514,Luminescence and Fluorescent Materials,0.9671000242233276,topic
W4221132945,Physics,0.6427454948425293,keyword
W4221132945,Magnetoresistive random-access memory,0.5455164909362793,keyword
W4221132945,Magnetic storage,0.5446748733520508,keyword
W4221132945,Non-volatile memory,0.48171383142471313,keyword
W4221132945,Domain wall (magnetism),0.4674305319786072,keyword
W4221132945,Computer data storage,0.46011051535606384,keyword
W4221132945,Neuromorphic engineering,0.4338746666908264,keyword
W4221132945,Reading (process),0.4206305146217346,keyword
W4221132945,Semiconductor memory,0.41211187839508057,keyword
W4221132945,Computer science,0.3937804102897644,keyword
W4221132945,Electrical engineering,0.3881053924560547,keyword
W4221132945,Computer hardware,0.34359464049339294,keyword
W4221132945,Optoelectronics,0.27423787117004395,keyword
W4221132945,Magnetic field,0.23519349098205566,keyword
W4221132945,Magnetization,0.17260122299194336,keyword
W4221132945,Magnetic properties of thin films,0.9991999864578247,topic
W4221132945,Advanced Memory and Neural Computing,0.9984999895095825,topic
W4221132945,Advanced Data Storage Technologies,0.9933000206947327,topic
W3164794336,Electrolyte,0.8359827995300293,keyword
W3164794336,Biosensor,0.6329532861709595,keyword
W3164794336,Materials science,0.5619802474975586,keyword
W3164794336,Nanotechnology,0.5606649518013,keyword
W3164794336,Fabrication,0.5221048593521118,keyword
W3164794336,Transistor,0.5163697004318237,keyword
W3164794336,Polymer electrolytes,0.45758381485939026,keyword
W3164794336,Field-effect transistor,0.4237048625946045,keyword
W3164794336,Computer science,0.35181111097335815,keyword
W3164794336,Electrode,0.2946435213088989,keyword
W3164794336,Voltage,0.279775470495224,keyword
W3164794336,Electrical engineering,0.26378029584884644,keyword
W3164794336,Ionic conductivity,0.21293872594833374,keyword
W3164794336,Chemistry,0.20426326990127563,keyword
W3164794336,Engineering,0.1724289059638977,keyword
W3164794336,Analytical Chemistry and Sensors,0.9998999834060669,topic
W3164794336,Advanced Memory and Neural Computing,0.9980999827384949,topic
W3164794336,Gas Sensing Nanomaterials and Sensors,0.9970999956130981,topic
W4366742135,Neuromorphic engineering,0.8637796640396118,keyword
W4366742135,Computer science,0.5827382206916809,keyword
W4366742135,Ultraviolet,0.5761812925338745,keyword
W4366742135,Materials science,0.4990813732147217,keyword
W4366742135,Optoelectronics,0.4902263283729553,keyword
W4366742135,Artificial intelligence,0.4829796850681305,keyword
W4366742135,Image sensor,0.43070662021636963,keyword
W4366742135,Optics,0.41231292486190796,keyword
W4366742135,Computer vision,0.3773822486400604,keyword
W4366742135,Artificial neural network,0.323782742023468,keyword
W4366742135,Physics,0.24978002905845642,keyword
W4366742135,Advanced Memory and Neural Computing,0.9994999766349792,topic
W4366742135,Photoreceptor and optogenetics research,0.9965000152587891,topic
W4366742135,Photochromic and Fluorescence Chemistry,0.9951000213623047,topic
W4416419627,Heterojunction,0.7009999752044678,keyword
W4416419627,Molybdenum disulfide,0.6510999798774719,keyword
W4416419627,Transistor,0.5336999893188477,keyword
W4416419627,Neuromorphic engineering,0.4925000071525574,keyword
W4416419627,Modulation (music),0.45350000262260437,keyword
W4416419627,Quantum dot,0.44530001282691956,keyword
W4416419627,Artificial neural network,0.4205999970436096,keyword
W4416419627,Synapse,0.41100001335144043,keyword
W4416419627,Information processing,0.3443000018596649,keyword
W4416419627,Advanced Memory and Neural Computing,0.9199000000953674,topic
W4416419627,Ferroelectric and Negative Capacitance Devices,0.018400000408291817,topic
W4416419627,Neural Networks and Reservoir Computing,0.009600000455975533,topic
W4393990192,Neuromorphic engineering,0.9828829169273376,keyword
W4393990192,Materials science,0.6575412154197693,keyword
W4393990192,Resistive random-access memory,0.6209992170333862,keyword
W4393990192,Nanowire,0.5934672951698303,keyword
W4393990192,Resistive touchscreen,0.5836502313613892,keyword
W4393990192,Silicon nanowires,0.5836460590362549,keyword
W4393990192,Optoelectronics,0.5228800773620605,keyword
W4393990192,Silicon,0.467002272605896,keyword
W4393990192,Nanotechnology,0.45707401633262634,keyword
W4393990192,Computer science,0.3337162733078003,keyword
W4393990192,Electrical engineering,0.23478904366493225,keyword
W4393990192,Engineering,0.16386404633522034,keyword
W4393990192,Artificial neural network,0.12250107526779175,keyword
W4393990192,Artificial intelligence,0.10287630558013916,keyword
W4393990192,Voltage,0.0936950147151947,keyword
W4393990192,Advanced Memory and Neural Computing,1.0,topic
W4393990192,Neuroscience and Neural Engineering,0.9987000226974487,topic
W4393990192,Ferroelectric and Negative Capacitance Devices,0.9986000061035156,topic
W4414575476,Neuromorphic engineering,0.9690999984741211,keyword
W4414575476,Nanowire,0.7732999920845032,keyword
W4414575476,Synaptic weight,0.49160000681877136,keyword
W4414575476,Artificial neural network,0.46959999203681946,keyword
W4414575476,Energy (signal processing),0.4677000045776367,keyword
W4414575476,Matching (statistics),0.44999998807907104,keyword
W4414575476,Electrode,0.39489999413490295,keyword
W4414575476,Voltage,0.37770000100135803,keyword
W4414575476,Advanced Memory and Neural Computing,1.0,topic
W4414575476,Neural Networks and Reservoir Computing,0.9988999962806702,topic
W4414575476,Ferroelectric and Negative Capacitance Devices,0.9983000159263611,topic
W4415790437,Astrocyte,0.8902999758720398,keyword
W4415790437,Nanowire,0.5964000225067139,keyword
W4415790437,Nanoscopic scale,0.5891000032424927,keyword
W4415790437,In vivo,0.49390000104904175,keyword
W4415790437,Morphology (biology),0.40290001034736633,keyword
W4415790437,In vitro,0.3878999948501587,keyword
W4415790437,Extracellular,0.3700000047683716,keyword
W4415790437,Central nervous system,0.3050999939441681,keyword
W4415790437,Advanced Electron Microscopy Techniques and Applications,0.4973999857902527,topic
W4415790437,Digital Holography and Microscopy,0.1185000017285347,topic
W4415790437,Cell Image Analysis Techniques,0.03700000047683716,topic
W3041554531,Neuromorphic engineering,0.8572536706924438,keyword
W3041554531,MNIST database,0.6886181235313416,keyword
W3041554531,Artificial neural network,0.6139575839042664,keyword
W3041554531,Wearable computer,0.5525243878364563,keyword
W3041554531,Computer science,0.5420532822608948,keyword
W3041554531,Materials science,0.5310105681419373,keyword
W3041554531,Wearable technology,0.5020372867584229,keyword
W3041554531,Bending,0.4925480782985687,keyword
W3041554531,Transistor,0.4872947931289673,keyword
W3041554531,Textile,0.45655080676078796,keyword
W3041554531,Synapse,0.45017242431640625,keyword
W3041554531,Artificial intelligence,0.3763652443885803,keyword
W3041554531,Nanotechnology,0.347908079624176,keyword
W3041554531,Electrical engineering,0.22631973028182983,keyword
W3041554531,Embedded system,0.1738722324371338,keyword
W3041554531,Neuroscience,0.16140878200531006,keyword
W3041554531,Engineering,0.14848986268043518,keyword
W3041554531,Composite material,0.09215787053108215,keyword
W3041554531,Voltage,0.09107458591461182,keyword
W3041554531,Advanced Sensor and Energy Harvesting Materials,0.9998999834060669,topic
W3041554531,Advanced Memory and Neural Computing,0.9998999834060669,topic
W3041554531,Conducting polymers and applications,0.9997000098228455,topic
W3123833583,Multielectrode array,0.7078644037246704,keyword
W3123833583,Microelectrode,0.6982356309890747,keyword
W3123833583,Biological neural network,0.6928396821022034,keyword
W3123833583,Artificial neural network,0.6127100586891174,keyword
W3123833583,Neuroscience,0.5602422952651978,keyword
W3123833583,Computer science,0.5333279371261597,keyword
W3123833583,Neural engineering,0.4885150194168091,keyword
W3123833583,Nerve net,0.48849713802337646,keyword
W3123833583,Neural activity,0.458997517824173,keyword
W3123833583,Dynamics (music),0.4432532787322998,keyword
W3123833583,Optogenetics,0.42494767904281616,keyword
W3123833583,Artificial intelligence,0.23862487077713013,keyword
W3123833583,Chemistry,0.17850372195243835,keyword
W3123833583,Biology,0.14079535007476807,keyword
W3123833583,Physics,0.10266876220703125,keyword
W3123833583,Neuroscience and Neural Engineering,1.0,topic
W3123833583,Photoreceptor and optogenetics research,0.9991999864578247,topic
W3123833583,Advanced Memory and Neural Computing,0.9972000122070312,topic
W4390773918,Materials science,0.6450061202049255,keyword
W4390773918,Optoelectronics,0.6037509441375732,keyword
W4390773918,Nanowire,0.5015156269073486,keyword
W4390773918,Thermionic emission,0.4417572021484375,keyword
W4390773918,Microelectronics,0.4137447774410248,keyword
W4390773918,Memristor,0.41094696521759033,keyword
W4390773918,Nanotechnology,0.3844315707683563,keyword
W4390773918,Electrical engineering,0.38387787342071533,keyword
W4390773918,Physics,0.19829118251800537,keyword
W4390773918,Electron,0.1603272557258606,keyword
W4390773918,Advanced Memory and Neural Computing,1.0,topic
W4390773918,Neuroscience and Neural Engineering,0.9988999962806702,topic
W4390773918,Neural dynamics and brain function,0.9972000122070312,topic
W3197387328,Neuromorphic engineering,0.9111276865005493,keyword
W3197387328,Crossbar switch,0.8439531326293945,keyword
W3197387328,Memristor,0.8234014511108398,keyword
W3197387328,MNIST database,0.7105839252471924,keyword
W3197387328,Perceptron,0.6760746240615845,keyword
W3197387328,Computer science,0.6354033946990967,keyword
W3197387328,Electronic circuit,0.484971284866333,keyword
W3197387328,Electronic engineering,0.428737610578537,keyword
W3197387328,Multilayer perceptron,0.4204336702823639,keyword
W3197387328,Artificial neural network,0.4079745411872864,keyword
W3197387328,Artificial intelligence,0.3506508767604828,keyword
W3197387328,Electrical engineering,0.2068333625793457,keyword
W3197387328,Engineering,0.1001443862915039,keyword
W3197387328,Advanced Memory and Neural Computing,1.0,topic
W3197387328,Neuroscience and Neural Engineering,0.9984999895095825,topic
W3197387328,Ferroelectric and Negative Capacitance Devices,0.9980999827384949,topic
W4399678687,Neuromorphic engineering,0.8780497908592224,keyword
W4399678687,Spiking neural network,0.5396952033042908,keyword
W4399678687,Computer science,0.5392171144485474,keyword
W4399678687,Josephson effect,0.4897925853729248,keyword
W4399678687,Nanowire,0.4588180184364319,keyword
W4399678687,Optoelectronics,0.45846259593963623,keyword
W4399678687,Detector,0.42393773794174194,keyword
W4399678687,Electronic circuit,0.41627514362335205,keyword
W4399678687,Physics,0.3922129273414612,keyword
W4399678687,Computer hardware,0.37403613328933716,keyword
W4399678687,Superconductivity,0.35518473386764526,keyword
W4399678687,Materials science,0.34923577308654785,keyword
W4399678687,Artificial neural network,0.3332898020744324,keyword
W4399678687,Computer architecture,0.32914233207702637,keyword
W4399678687,Electrical engineering,0.2802276611328125,keyword
W4399678687,Engineering,0.17980659008026123,keyword
W4399678687,Artificial intelligence,0.1386646330356598,keyword
W4399678687,Telecommunications,0.12246906757354736,keyword
W4399678687,Advanced Memory and Neural Computing,1.0,topic
W4399678687,Neural Networks and Reservoir Computing,0.9997000098228455,topic
W4399678687,CCD and CMOS Imaging Sensors,0.9939000010490417,topic
W4321018906,Terminal (telecommunication),0.7579368352890015,keyword
W4321018906,Nanotechnology,0.47049474716186523,keyword
W4321018906,Computer science,0.45260894298553467,keyword
W4321018906,Memristor,0.41819679737091064,keyword
W4321018906,Materials science,0.3405280113220215,keyword
W4321018906,Engineering,0.3094164729118347,keyword
W4321018906,Electrical engineering,0.2564546465873718,keyword
W4321018906,Telecommunications,0.2239508330821991,keyword
W4321018906,Advanced Memory and Neural Computing,1.0,topic
W4321018906,2D Materials and Applications,0.9991999864578247,topic
W4321018906,Ferroelectric and Negative Capacitance Devices,0.9988999962806702,topic
W3005708950,Autophagy,0.8905835151672363,keyword
W3005708950,Nanomaterials,0.5710967779159546,keyword
W3005708950,Nanotechnology,0.4991781711578369,keyword
W3005708950,Chemistry,0.45902615785598755,keyword
W3005708950,Programmed cell death,0.424299955368042,keyword
W3005708950,Oxide,0.41069352626800537,keyword
W3005708950,Cell biology,0.35833245515823364,keyword
W3005708950,Materials science,0.3171601891517639,keyword
W3005708950,Biology,0.2172689139842987,keyword
W3005708950,Biochemistry,0.13811174035072327,keyword
W3005708950,Apoptosis,0.0901457667350769,keyword
W3005708950,Autophagy in Disease and Therapy,0.9995999932289124,topic
W3005708950,Advanced Nanomaterials in Catalysis,0.9932000041007996,topic
W3005708950,Nanoparticles: synthesis and applications,0.9891999959945679,topic
W4323929156,Neuromorphic engineering,0.9314186573028564,keyword
W4323929156,Multisensory integration,0.6299671530723572,keyword
W4323929156,Computer science,0.5592171549797058,keyword
W4323929156,Cognition,0.4990963935852051,keyword
W4323929156,Perception,0.4822438657283783,keyword
W4323929156,Artificial intelligence,0.43248724937438965,keyword
W4323929156,Stimulus modality,0.4286346137523651,keyword
W4323929156,Neuroscience,0.35814517736434937,keyword
W4323929156,Artificial neural network,0.21529453992843628,keyword
W4323929156,Biology,0.1485120952129364,keyword
W4323929156,Advanced Memory and Neural Computing,0.9994000196456909,topic
W4323929156,Neural dynamics and brain function,0.9939000010490417,topic
W4323929156,Tactile and Sensory Interactions,0.9936000108718872,topic
W4297542288,Materials science,0.7379484176635742,keyword
W4297542288,Resistive random-access memory,0.6369736790657043,keyword
W4297542288,Conductance,0.5695105791091919,keyword
W4297542288,Memristor,0.5290195941925049,keyword
W4297542288,Bilayer,0.5120599865913391,keyword
W4297542288,Long-term potentiation,0.4857335686683655,keyword
W4297542288,Optoelectronics,0.40818461775779724,keyword
W4297542288,Voltage,0.3795681595802307,keyword
W4297542288,Biophysics,0.3528626561164856,keyword
W4297542288,Chemistry,0.16405674815177917,keyword
W4297542288,Electrical engineering,0.1429431438446045,keyword
W4297542288,Condensed matter physics,0.12931528687477112,keyword
W4297542288,Physics,0.09265005588531494,keyword
W4297542288,Advanced Memory and Neural Computing,1.0,topic
W4297542288,Transition Metal Oxide Nanomaterials,0.9937000274658203,topic
W4297542288,CCD and CMOS Imaging Sensors,0.9908999800682068,topic
W3089089707,Neuromorphic engineering,0.944367527961731,keyword
W3089089707,Computer science,0.6586745977401733,keyword
W3089089707,Enabling,0.5064624547958374,keyword
W3089089707,Data transmission,0.45030248165130615,keyword
W3089089707,Intelligent sensor,0.4343525767326355,keyword
W3089089707,Embedded system,0.42707163095474243,keyword
W3089089707,Internet of Things,0.41351670026779175,keyword
W3089089707,Computer architecture,0.3917258381843567,keyword
W3089089707,Wireless sensor network,0.3468015789985657,keyword
W3089089707,Computer hardware,0.24100130796432495,keyword
W3089089707,Artificial intelligence,0.23825877904891968,keyword
W3089089707,Artificial neural network,0.20890426635742188,keyword
W3089089707,Computer network,0.18704506754875183,keyword
W3089089707,Advanced Memory and Neural Computing,1.0,topic
W3089089707,Analytical Chemistry and Sensors,0.9987999796867371,topic
W3089089707,Gas Sensing Nanomaterials and Sensors,0.9952999949455261,topic
W4316805774,Neuromorphic engineering,0.9470082521438599,keyword
W4316805774,Computer science,0.6454368829727173,keyword
W4316805774,Von Neumann architecture,0.569835364818573,keyword
W4316805774,Memristor,0.5592482089996338,keyword
W4316805774,Artificial neural network,0.5297404527664185,keyword
W4316805774,Signal processing,0.47024884819984436,keyword
W4316805774,Computer architecture,0.44126808643341064,keyword
W4316805774,Artificial intelligence,0.4358084201812744,keyword
W4316805774,Engineering,0.21729841828346252,keyword
W4316805774,Computer hardware,0.1974298059940338,keyword
W4316805774,Electronic engineering,0.17614620923995972,keyword
W4316805774,Digital signal processing,0.14801424741744995,keyword
W4316805774,Advanced Memory and Neural Computing,1.0,topic
W4316805774,Gas Sensing Nanomaterials and Sensors,0.9962000250816345,topic
W4316805774,Transition Metal Oxide Nanomaterials,0.9962000250816345,topic
W4320811321,Computer science,0.7535231113433838,keyword
W4320811321,In-Memory Processing,0.5655642151832581,keyword
W4320811321,Semiconductor memory,0.5357192158699036,keyword
W4320811321,Matrix multiplication,0.5227487087249756,keyword
W4320811321,Resistive random-access memory,0.47608843445777893,keyword
W4320811321,Bottleneck,0.43353432416915894,keyword
W4320811321,Memristor,0.4207046627998352,keyword
W4320811321,Computer architecture,0.41064250469207764,keyword
W4320811321,Computer engineering,0.32357150316238403,keyword
W4320811321,Electronic engineering,0.32157522439956665,keyword
W4320811321,Computer hardware,0.22954010963439941,keyword
W4320811321,Embedded system,0.22464892268180847,keyword
W4320811321,Electrical engineering,0.18597173690795898,keyword
W4320811321,Engineering,0.1409817934036255,keyword
W4320811321,Advanced Memory and Neural Computing,1.0,topic
W4320811321,Ferroelectric and Negative Capacitance Devices,0.9998999834060669,topic
W4320811321,Semiconductor materials and devices,0.9962999820709229,topic
W4309618925,Neuromorphic engineering,0.9555046558380127,keyword
W4309618925,Computer science,0.8386030793190002,keyword
W4309618925,Spiking neural network,0.7717129588127136,keyword
W4309618925,Artificial neural network,0.5397802591323853,keyword
W4309618925,Spike (software development),0.4758172631263733,keyword
W4309618925,Artificial intelligence,0.4679770767688751,keyword
W4309618925,Computer architecture,0.4499987065792084,keyword
W4309618925,Event (particle physics),0.42161670327186584,keyword
W4309618925,Machine learning,0.3401148319244385,keyword
W4309618925,Advanced Memory and Neural Computing,1.0,topic
W4309618925,Ferroelectric and Negative Capacitance Devices,0.996999979019165,topic
W4309618925,Photoreceptor and optogenetics research,0.9962999820709229,topic
W3214815846,Neuromorphic engineering,0.927861213684082,keyword
W3214815846,Materials science,0.613330602645874,keyword
W3214815846,Memristor,0.5714372992515564,keyword
W3214815846,Electronic circuit,0.5303324460983276,keyword
W3214815846,Context (archaeology),0.5239872336387634,keyword
W3214815846,Computer science,0.4812069237232208,keyword
W3214815846,Transistor,0.44028782844543457,keyword
W3214815846,Nanotechnology,0.4383735656738281,keyword
W3214815846,Artificial neural network,0.3150305151939392,keyword
W3214815846,Electronic engineering,0.28241243958473206,keyword
W3214815846,Electrical engineering,0.23629814386367798,keyword
W3214815846,Artificial intelligence,0.18912211060523987,keyword
W3214815846,Voltage,0.15548938512802124,keyword
W3214815846,Engineering,0.10031971335411072,keyword
W3214815846,Advanced Memory and Neural Computing,1.0,topic
W3214815846,Ferroelectric and Negative Capacitance Devices,0.9998000264167786,topic
W3214815846,Transition Metal Oxide Nanomaterials,0.9983000159263611,topic
W3160300804,Nucleic acid,0.8596663475036621,keyword
W3160300804,DNA,0.6894997954368591,keyword
W3160300804,Nanostructure,0.6423594951629639,keyword
W3160300804,Nanotechnology,0.5760112404823303,keyword
W3160300804,Chemistry,0.49079856276512146,keyword
W3160300804,Computational biology,0.45872968435287476,keyword
W3160300804,Combinatorial chemistry,0.3564392328262329,keyword
W3160300804,Biochemistry,0.28652843832969666,keyword
W3160300804,Materials science,0.2757342457771301,keyword
W3160300804,Biology,0.26881861686706543,keyword
W3160300804,Advanced biosensing and bioanalysis techniques,1.0,topic
W3160300804,DNA and Nucleic Acid Chemistry,0.9986000061035156,topic
W3160300804,RNA Interference and Gene Delivery,0.9984999895095825,topic
W4320732201,Neuroscience,0.7579572796821594,keyword
W4320732201,Excitatory postsynaptic potential,0.6690657138824463,keyword
W4320732201,Inhibitory postsynaptic potential,0.5948997139930725,keyword
W4320732201,Olfactory system,0.5625362992286682,keyword
W4320732201,Biological neural network,0.489358127117157,keyword
W4320732201,Synapse,0.48823288083076477,keyword
W4320732201,Stimulus (psychology),0.4415777623653412,keyword
W4320732201,Biology,0.33669328689575195,keyword
W4320732201,Chemistry,0.3231009840965271,keyword
W4320732201,Psychology,0.0795045793056488,keyword
W4320732201,Olfactory and Sensory Function Studies,0.9998999834060669,topic
W4320732201,Advanced Chemical Sensor Technologies,0.9976999759674072,topic
W4320732201,Photochromic and Fluorescence Chemistry,0.9925000071525574,topic
W4280550359,Neuromorphic engineering,0.7310323119163513,keyword
W4280550359,Metaplasticity,0.6604142785072327,keyword
W4280550359,Synaptic plasticity,0.6144195199012756,keyword
W4280550359,Synapse,0.5778073668479919,keyword
W4280550359,Neuroscience,0.57262122631073,keyword
W4280550359,Nonsynaptic plasticity,0.5495230555534363,keyword
W4280550359,Emulation,0.5407838821411133,keyword
W4280550359,Homeostatic plasticity,0.5171329379081726,keyword
W4280550359,Computer science,0.49012264609336853,keyword
W4280550359,Plasticity,0.48552966117858887,keyword
W4280550359,Homosynaptic plasticity,0.4471012353897095,keyword
W4280550359,Synaptic scaling,0.42137789726257324,keyword
W4280550359,Neuroplasticity,0.412982314825058,keyword
W4280550359,Materials science,0.2827567458152771,keyword
W4280550359,Artificial neural network,0.241500586271286,keyword
W4280550359,Biology,0.18893685936927795,keyword
W4280550359,Artificial intelligence,0.12329208850860596,keyword
W4280550359,Psychology,0.10298347473144531,keyword
W4280550359,Advanced Memory and Neural Computing,1.0,topic
W4280550359,Photoreceptor and optogenetics research,0.9988999962806702,topic
W4280550359,Neural dynamics and brain function,0.9986000061035156,topic
W3207111975,Neuromorphic engineering,0.7334908246994019,keyword
W3207111975,Computer science,0.7128324508666992,keyword
W3207111975,Exploit,0.685759961605072,keyword
W3207111975,Microscale chemistry,0.6477633714675903,keyword
W3207111975,Artificial neural network,0.5818052887916565,keyword
W3207111975,Energy (signal processing),0.5520463585853577,keyword
W3207111975,Crossbar switch,0.47818925976753235,keyword
W3207111975,Computer hardware,0.3659467101097107,keyword
W3207111975,Computer architecture,0.3632920980453491,keyword
W3207111975,Artificial intelligence,0.22811740636825562,keyword
W3207111975,Telecommunications,0.1269199550151825,keyword
W3207111975,Physics,0.08333727717399597,keyword
W3207111975,Advanced Memory and Neural Computing,1.0,topic
W3207111975,Ferroelectric and Negative Capacitance Devices,0.9998000264167786,topic
W3207111975,Neuroscience and Neural Engineering,0.9945999979972839,topic
W4224210783,Bionics,0.6400472521781921,keyword
W4224210783,Adaptability,0.5844263434410095,keyword
W4224210783,Process (computing),0.5071849822998047,keyword
W4224210783,Computer science,0.4571426510810852,keyword
W4224210783,Capacitive sensing,0.449188768863678,keyword
W4224210783,Power consumption,0.42681241035461426,keyword
W4224210783,Engineering,0.41004347801208496,keyword
W4224210783,Artificial intelligence,0.3894156813621521,keyword
W4224210783,Nanotechnology,0.36114758253097534,keyword
W4224210783,Human–computer interaction,0.3400724530220032,keyword
W4224210783,Systems engineering,0.32878953218460083,keyword
W4224210783,Power (physics),0.24244427680969238,keyword
W4224210783,Materials science,0.19744732975959778,keyword
W4224210783,Electrical engineering,0.1666448414325714,keyword
W4224210783,Advanced Sensor and Energy Harvesting Materials,1.0,topic
W4224210783,Conducting polymers and applications,0.9983000159263611,topic
W4224210783,Gas Sensing Nanomaterials and Sensors,0.9878000020980835,topic
W3205318724,Memristor,0.6590925455093384,keyword
W3205318724,Computer science,0.5288000702857971,keyword
W3205318724,Collision,0.4772926867008209,keyword
W3205318724,Nanotechnology,0.39472922682762146,keyword
W3205318724,Artificial intelligence,0.34992074966430664,keyword
W3205318724,Materials science,0.23325848579406738,keyword
W3205318724,Computer security,0.12388172745704651,keyword
W3205318724,Engineering,0.11636030673980713,keyword
W3205318724,Electronic engineering,0.10785350203514099,keyword
W3205318724,Advanced Memory and Neural Computing,0.9998999834060669,topic
W3205318724,Neuroscience and Neural Engineering,0.9961000084877014,topic
W3205318724,Photoreceptor and optogenetics research,0.9951000213623047,topic
W4200564755,Neuromorphic engineering,0.9575077295303345,keyword
W4200564755,Robotics,0.6929829716682434,keyword
W4200564755,Artificial intelligence,0.6202752590179443,keyword
W4200564755,Computer science,0.5939013957977295,keyword
W4200564755,Path integration,0.5650683641433716,keyword
W4200564755,Robot,0.5534336566925049,keyword
W4200564755,Human–computer interaction,0.4686431586742401,keyword
W4200564755,Electronics,0.4393308162689209,keyword
W4200564755,Sensory system,0.4300517439842224,keyword
W4200564755,Neuroscience,0.3593646287918091,keyword
W4200564755,Artificial neural network,0.2127569317817688,keyword
W4200564755,Psychology,0.16868823766708374,keyword
W4200564755,Engineering,0.146063894033432,keyword
W4200564755,Electrical engineering,0.08132079243659973,keyword
W4200564755,Advanced Memory and Neural Computing,0.9998999834060669,topic
W4200564755,Conducting polymers and applications,0.9997000098228455,topic
W4200564755,Advanced Sensor and Energy Harvesting Materials,0.9991999864578247,topic
W3127020666,Neuromorphic engineering,0.9873315095901489,keyword
W3127020666,Computer science,0.6193997859954834,keyword
W3127020666,Electronics,0.4954463243484497,keyword
W3127020666,Computer architecture,0.459708034992218,keyword
W3127020666,Transistor,0.43882936239242554,keyword
W3127020666,Memristor,0.43283629417419434,keyword
W3127020666,Artificial intelligence,0.43101227283477783,keyword
W3127020666,Photonics,0.42968010902404785,keyword
W3127020666,Artificial neural network,0.3784743547439575,keyword
W3127020666,Electronic engineering,0.3219696581363678,keyword
W3127020666,Materials science,0.22134068608283997,keyword
W3127020666,Engineering,0.21671977639198303,keyword
W3127020666,Electrical engineering,0.2071656584739685,keyword
W3127020666,Optoelectronics,0.13290467858314514,keyword
W3127020666,Voltage,0.13200035691261292,keyword
W3127020666,Advanced Memory and Neural Computing,1.0,topic
W3127020666,Neural Networks and Reservoir Computing,0.9991000294685364,topic
W3127020666,Photoreceptor and optogenetics research,0.994700014591217,topic
W4292707877,Reconfigurability,0.9684615135192871,keyword
W4292707877,Computer science,0.5626384019851685,keyword
W4292707877,Transistor,0.5141639709472656,keyword
W4292707877,Key (lock),0.49503272771835327,keyword
W4292707877,Electronics,0.46851301193237305,keyword
W4292707877,Nanotechnology,0.4657600224018097,keyword
W4292707877,Field (mathematics),0.4478161334991455,keyword
W4292707877,Emerging technologies,0.41643157601356506,keyword
W4292707877,Electronic engineering,0.3554990887641907,keyword
W4292707877,Computer architecture,0.3517032563686371,keyword
W4292707877,Electrical engineering,0.3315998315811157,keyword
W4292707877,Materials science,0.31443607807159424,keyword
W4292707877,Voltage,0.30591681599617004,keyword
W4292707877,Engineering,0.20807000994682312,keyword
W4292707877,Telecommunications,0.16482815146446228,keyword
W4292707877,2D Materials and Applications,1.0,topic
W4292707877,Advanced Memory and Neural Computing,0.9998000264167786,topic
W4292707877,Ferroelectric and Negative Capacitance Devices,0.9995999932289124,topic
W3084232068,Biophotonics,0.6887350678443909,keyword
W3084232068,Nanophotonics,0.6177182197570801,keyword
W3084232068,Nanotechnology,0.595443844795227,keyword
W3084232068,Computer science,0.48521164059638977,keyword
W3084232068,Medical imaging,0.4547419548034668,keyword
W3084232068,Materials science,0.3000573515892029,keyword
W3084232068,Photonics,0.21702104806900024,keyword
W3084232068,Optoelectronics,0.1596471071243286,keyword
W3084232068,Artificial intelligence,0.11659592390060425,keyword
W3084232068,Metamaterials and Metasurfaces Applications,0.9998999834060669,topic
W3084232068,Plasmonic and Surface Plasmon Research,0.9980000257492065,topic
W3084232068,Random lasers and scattering media,0.9934999942779541,topic
W3210512841,Reliability (semiconductor),0.6903505325317383,keyword
W3210512841,Computer science,0.6463788747787476,keyword
W3210512841,Neuromorphic engineering,0.6369569301605225,keyword
W3210512841,Electronics,0.6062421202659607,keyword
W3210512841,Electronic circuit,0.5098063349723816,keyword
W3210512841,Characterization (materials science),0.5036332011222839,keyword
W3210512841,Resistive touchscreen,0.4856063723564148,keyword
W3210512841,Point (geometry),0.4730117619037628,keyword
W3210512841,Field (mathematics),0.451758474111557,keyword
W3210512841,Artificial neural network,0.3304104506969452,keyword
W3210512841,Artificial intelligence,0.311545729637146,keyword
W3210512841,Electrical engineering,0.2731883227825165,keyword
W3210512841,Engineering,0.182861328125,keyword
W3210512841,Materials science,0.1233568787574768,keyword
W3210512841,Nanotechnology,0.10820171236991882,keyword
W3210512841,Mathematics,0.0990484356880188,keyword
W3210512841,Advanced Memory and Neural Computing,1.0,topic
W3210512841,Ferroelectric and Negative Capacitance Devices,1.0,topic
W3210512841,Semiconductor materials and devices,0.9990000128746033,topic
W4310611281,Materials science,0.5624940395355225,keyword
W4310611281,Computer science,0.5354229807853699,keyword
W4310611281,Energy consumption,0.49127620458602905,keyword
W4310611281,Electronics,0.4491153955459595,keyword
W4310611281,Artificial muscle,0.43104010820388794,keyword
W4310611281,Perovskite (structure),0.4271397888660431,keyword
W4310611281,Synapse,0.4198872148990631,keyword
W4310611281,Capacitor,0.41332197189331055,keyword
W4310611281,Neuroscience,0.33163851499557495,keyword
W4310611281,Nanotechnology,0.32747882604599,keyword
W4310611281,Artificial intelligence,0.2740907669067383,keyword
W4310611281,Voltage,0.23267757892608643,keyword
W4310611281,Electrical engineering,0.21959254145622253,keyword
W4310611281,Chemistry,0.16018247604370117,keyword
W4310611281,Engineering,0.10159561038017273,keyword
W4310611281,Advanced Memory and Neural Computing,0.9983999729156494,topic
W4310611281,Perovskite Materials and Applications,0.9909999966621399,topic
W4310611281,Advanced Sensor and Energy Harvesting Materials,0.9900000095367432,topic
W3168828086,Neuromorphic engineering,0.9907543659210205,keyword
W3168828086,Bioelectronics,0.623548150062561,keyword
W3168828086,Computer science,0.5655279159545898,keyword
W3168828086,SIGNAL (programming language),0.5221921801567078,keyword
W3168828086,Nanowire,0.5087907910346985,keyword
W3168828086,Computer architecture,0.4566572904586792,keyword
W3168828086,Nanotechnology,0.4390033781528473,keyword
W3168828086,Energy (signal processing),0.4185263216495514,keyword
W3168828086,Electronics,0.4152211546897888,keyword
W3168828086,Materials science,0.33040666580200195,keyword
W3168828086,Physics,0.20120936632156372,keyword
W3168828086,Artificial intelligence,0.1990324854850769,keyword
W3168828086,Biosensor,0.15616858005523682,keyword
W3168828086,Artificial neural network,0.14495405554771423,keyword
W3168828086,Electrical engineering,0.14376255869865417,keyword
W3168828086,Engineering,0.12951871752738953,keyword
W3168828086,Advanced Memory and Neural Computing,0.9994000196456909,topic
W3168828086,Photoreceptor and optogenetics research,0.9993000030517578,topic
W3168828086,Neuroscience and Neural Engineering,0.9983999729156494,topic
W4322774032,Neuromorphic engineering,0.9390220642089844,keyword
W4322774032,Computer science,0.6507033109664917,keyword
W4322774032,Synaptic plasticity,0.6093368530273438,keyword
W4322774032,Bridging (networking),0.5540235042572021,keyword
W4322774032,Neuroscience,0.5445603728294373,keyword
W4322774032,Long-term potentiation,0.5138990879058838,keyword
W4322774032,Plasticity,0.42733699083328247,keyword
W4322774032,Term (time),0.41905486583709717,keyword
W4322774032,Artificial intelligence,0.37998396158218384,keyword
W4322774032,Computer architecture,0.35881567001342773,keyword
W4322774032,Data science,0.33728817105293274,keyword
W4322774032,Cognitive science,0.32999977469444275,keyword
W4322774032,Artificial neural network,0.2692813277244568,keyword
W4322774032,Biology,0.17645558714866638,keyword
W4322774032,Physics,0.14387622475624084,keyword
W4322774032,Psychology,0.12582504749298096,keyword
W4322774032,Advanced Memory and Neural Computing,1.0,topic
W4322774032,Neural Networks and Reservoir Computing,0.9983999729156494,topic
W4322774032,Ferroelectric and Negative Capacitance Devices,0.9983000159263611,topic
W4205567487,Central nervous system,0.78528892993927,keyword
W4205567487,Medicine,0.7203513383865356,keyword
W4205567487,Drug delivery,0.7080696821212769,keyword
W4205567487,Blood–brain barrier,0.5394452810287476,keyword
W4205567487,Drug,0.49328798055648804,keyword
W4205567487,Spinal cord,0.4890025854110718,keyword
W4205567487,Neuroscience,0.4360129237174988,keyword
W4205567487,Targeted drug delivery,0.4277363419532776,keyword
W4205567487,Pharmacology,0.33381491899490356,keyword
W4205567487,Biology,0.14416295289993286,keyword
W4205567487,Internal medicine,0.1257249414920807,keyword
W4205567487,Advanced Drug Delivery Systems,0.9995999932289124,topic
W4205567487,Nerve injury and regeneration,0.9993000030517578,topic
W4205567487,Nanoparticle-Based Drug Delivery,0.9991000294685364,topic
W3134257467,Neural engineering,0.8222029209136963,keyword
W3134257467,Battery (electricity),0.7061870694160461,keyword
W3134257467,Wireless,0.6233392357826233,keyword
W3134257467,Computer science,0.6205520033836365,keyword
W3134257467,Limiting,0.5056591033935547,keyword
W3134257467,Neuroprosthetics,0.48990386724472046,keyword
W3134257467,Interface (matter),0.480020672082901,keyword
W3134257467,Functional electrical stimulation,0.45097607374191284,keyword
W3134257467,Brain–computer interface,0.44854116439819336,keyword
W3134257467,Optogenetics,0.4431930184364319,keyword
W3134257467,Neuroscience,0.3901227116584778,keyword
W3134257467,Engineering,0.23670092225074768,keyword
W3134257467,Artificial intelligence,0.19950607419013977,keyword
W3134257467,Telecommunications,0.18580025434494019,keyword
W3134257467,Stimulation,0.15328457951545715,keyword
W3134257467,Physics,0.10240611433982849,keyword
W3134257467,Neuroscience and Neural Engineering,0.9995999932289124,topic
W3134257467,Photoreceptor and optogenetics research,0.9994000196456909,topic
W3134257467,Molecular Communication and Nanonetworks,0.9988999962806702,topic
W4380989467,Ferroelectricity,0.852038562297821,keyword
W4380989467,Non-volatile memory,0.7793533205986023,keyword
W4380989467,Neuromorphic engineering,0.6631350517272949,keyword
W4380989467,Computer science,0.5825772881507874,keyword
W4380989467,Materials science,0.5501365661621094,keyword
W4380989467,Controllability,0.483820378780365,keyword
W4380989467,Optoelectronics,0.37858763337135315,keyword
W4380989467,Artificial neural network,0.14466968178749084,keyword
W4380989467,Artificial intelligence,0.13598579168319702,keyword
W4380989467,Neural Networks and Reservoir Computing,1.0,topic
W4380989467,Advanced Memory and Neural Computing,0.9986000061035156,topic
W4380989467,Neural dynamics and brain function,0.9426000118255615,topic
W3025907477,Memristor,0.5794268846511841,keyword
W3025907477,Computer science,0.5586738586425781,keyword
W3025907477,Artificial neural network,0.5451542139053345,keyword
W3025907477,Artificial intelligence,0.38681185245513916,keyword
W3025907477,Neuroscience,0.35276269912719727,keyword
W3025907477,Biology,0.22898554801940918,keyword
W3025907477,Advanced Memory and Neural Computing,1.0,topic
W3025907477,Neural Networks and Reservoir Computing,0.9998999834060669,topic
W3025907477,Neural dynamics and brain function,0.9977999925613403,topic
W4360614054,Materials science,0.786311149597168,keyword
W4360614054,Optoelectronics,0.7399420738220215,keyword
W4360614054,Photodetector,0.5979759097099304,keyword
W4360614054,Photodiode,0.5375866889953613,keyword
W4360614054,Band gap,0.5331171154975891,keyword
W4360614054,Nanomaterials,0.5062307715415955,keyword
W4360614054,Photoelectric effect,0.48063817620277405,keyword
W4360614054,Diode,0.4776141345500946,keyword
W4360614054,Transistor,0.4709397554397583,keyword
W4360614054,Nanotechnology,0.4625150263309479,keyword
W4360614054,Thin film,0.45220044255256653,keyword
W4360614054,Semiconductor,0.4368831515312195,keyword
W4360614054,Light-emitting diode,0.4294445514678955,keyword
W4360614054,Electrical engineering,0.09463921189308167,keyword
W4360614054,Gas Sensing Nanomaterials and Sensors,0.9937000274658203,topic
W4360614054,Advanced Nanomaterials in Catalysis,0.986299991607666,topic
W4360614054,ZnO doping and properties,0.9812999963760376,topic
W3042606572,Toxicity,0.6640024185180664,keyword
W3042606572,Nanotechnology,0.6584970355033875,keyword
W3042606572,Nanoparticle,0.5583784580230713,keyword
W3042606572,Nanomaterials,0.5030772089958191,keyword
W3042606572,Cosmetics,0.4215660095214844,keyword
W3042606572,Materials science,0.3472437262535095,keyword
W3042606572,Chemistry,0.3457413911819458,keyword
W3042606572,Biochemical engineering,0.3347380757331848,keyword
W3042606572,Medicine,0.29149606823921204,keyword
W3042606572,Engineering,0.15966883301734924,keyword
W3042606572,Pathology,0.09910988807678223,keyword
W3042606572,Internal medicine,0.08464384078979492,keyword
W3042606572,Nanoparticles: synthesis and applications,0.9998999834060669,topic
W3042606572,Graphene and Nanomaterials Applications,0.9577999711036682,topic
W3042606572,Anesthesia and Neurotoxicity Research,0.9243999719619751,topic
W3168241600,Nanopore,0.9494645595550537,keyword
W3168241600,Nanotechnology,0.7961665391921997,keyword
W3168241600,Materials science,0.7158651351928711,keyword
W3168241600,Reversed electrodialysis,0.623742401599884,keyword
W3168241600,Nanoscopic scale,0.5510066151618958,keyword
W3168241600,Nanometre,0.4762073755264282,keyword
W3168241600,Solid-state,0.4267265498638153,keyword
W3168241600,Membrane,0.2919238209724426,keyword
W3168241600,Electrodialysis,0.23814576864242554,keyword
W3168241600,Engineering physics,0.15992453694343567,keyword
W3168241600,Chemistry,0.10158330202102661,keyword
W3168241600,Engineering,0.07827699184417725,keyword
W3168241600,Nanopore and Nanochannel Transport Studies,1.0,topic
W3168241600,Advanced biosensing and bioanalysis techniques,0.9998000264167786,topic
W3168241600,Fuel Cells and Related Materials,0.9986000061035156,topic
W3129565825,Crossmodal,0.9147219061851501,keyword
W3129565825,Multisensory integration,0.7128822207450867,keyword
W3129565825,Computer science,0.689814567565918,keyword
W3129565825,Sensory system,0.5317942500114441,keyword
W3129565825,Perception,0.49148356914520264,keyword
W3129565825,Artificial neural network,0.4676361083984375,keyword
W3129565825,Human–computer interaction,0.4413941204547882,keyword
W3129565825,Artificial intelligence,0.41127437353134155,keyword
W3129565825,Visual perception,0.3410164713859558,keyword
W3129565825,Neuroscience,0.2560827434062958,keyword
W3129565825,Psychology,0.12747293710708618,keyword
W3129565825,Olfactory and Sensory Function Studies,0.9987000226974487,topic
W3129565825,Advanced Chemical Sensor Technologies,0.9660999774932861,topic
W3129565825,Multisensory perception and integration,0.9544000029563904,topic
W4366813903,Bioelectronics,0.9954133033752441,keyword
W4366813903,Neuroprosthetics,0.7046446800231934,keyword
W4366813903,Nanotechnology,0.6380993723869324,keyword
W4366813903,Biofabrication,0.5084558725357056,keyword
W4366813903,Electronic materials,0.4980494976043701,keyword
W4366813903,Neuroscience,0.4223708510398865,keyword
W4366813903,Computer science,0.35340815782546997,keyword
W4366813903,Biochemical engineering,0.3533255457878113,keyword
W4366813903,Biology,0.3286283314228058,keyword
W4366813903,Materials science,0.32207876443862915,keyword
W4366813903,Engineering,0.31720462441444397,keyword
W4366813903,Biomedical engineering,0.23764902353286743,keyword
W4366813903,Biosensor,0.1421527862548828,keyword
W4366813903,Tissue engineering,0.13159245252609253,keyword
W4366813903,Neuroscience and Neural Engineering,0.9998999834060669,topic
W4366813903,Photoreceptor and optogenetics research,0.9948999881744385,topic
W4366813903,Planarian Biology and Electrostimulation,0.9919000267982483,topic
W4393224452,Materials science,0.8466399908065796,keyword
W4393224452,Optoelectronics,0.7160941362380981,keyword
W4393224452,Ferroelectricity,0.6924431324005127,keyword
W4393224452,Transistor,0.538072407245636,keyword
W4393224452,Indium tin oxide,0.47691676020622253,keyword
W4393224452,Bend radius,0.4712403416633606,keyword
W4393224452,Neuromorphic engineering,0.4502052366733551,keyword
W4393224452,Tin,0.4383627474308014,keyword
W4393224452,Flexible electronics,0.41755232214927673,keyword
W4393224452,Nanotechnology,0.3974219262599945,keyword
W4393224452,Thin film,0.3466147184371948,keyword
W4393224452,Bending,0.26581329107284546,keyword
W4393224452,Computer science,0.23585832118988037,keyword
W4393224452,Electrical engineering,0.2151319980621338,keyword
W4393224452,Dielectric,0.10945087671279907,keyword
W4393224452,Composite material,0.1047292947769165,keyword
W4393224452,Voltage,0.10062199831008911,keyword
W4393224452,Ferroelectric and Negative Capacitance Devices,1.0,topic
W4393224452,Advanced Memory and Neural Computing,0.9994999766349792,topic
W4393224452,Semiconductor materials and devices,0.9991999864578247,topic
W4394680818,Retina,0.5761940479278564,keyword
W4394680818,Computer science,0.5533127188682556,keyword
W4394680818,Neuromorphic engineering,0.4205377697944641,keyword
W4394680818,Artificial intelligence,0.3834291398525238,keyword
W4394680818,Neuroscience,0.3417569100856781,keyword
W4394680818,Materials science,0.32502806186676025,keyword
W4394680818,Optics,0.2918790876865387,keyword
W4394680818,Physics,0.25698786973953247,keyword
W4394680818,Biology,0.18618029356002808,keyword
W4394680818,Artificial neural network,0.13198813796043396,keyword
W4394680818,Advanced Memory and Neural Computing,0.9987000226974487,topic
W4394680818,Advanced Sensor and Energy Harvesting Materials,0.9986000061035156,topic
W4394680818,Advanced Materials and Mechanics,0.9983999729156494,topic
W3029867615,Neuromorphic engineering,0.9952877163887024,keyword
W3029867615,Photonics,0.7020842432975769,keyword
W3029867615,Memristor,0.6133213639259338,keyword
W3029867615,Computer science,0.6126021146774292,keyword
W3029867615,Computer architecture,0.5578833818435669,keyword
W3029867615,Efficient energy use,0.5304685831069946,keyword
W3029867615,Field (mathematics),0.5210849046707153,keyword
W3029867615,Implementation,0.5084751844406128,keyword
W3029867615,Perspective (graphical),0.5074297785758972,keyword
W3029867615,Realization (probability),0.4249882102012634,keyword
W3029867615,Domain (mathematical analysis),0.41362079977989197,keyword
W3029867615,Electronic engineering,0.39686617255210876,keyword
W3029867615,Artificial neural network,0.3448624312877655,keyword
W3029867615,Artificial intelligence,0.3105265498161316,keyword
W3029867615,Engineering,0.257051944732666,keyword
W3029867615,Electrical engineering,0.21994605660438538,keyword
W3029867615,Physics,0.184421569108963,keyword
W3029867615,Optoelectronics,0.11199665069580078,keyword
W3029867615,Mathematics,0.08243125677108765,keyword
W3029867615,Advanced Memory and Neural Computing,0.9998999834060669,topic
W3029867615,Neural Networks and Reservoir Computing,0.9998999834060669,topic
W3029867615,Photoreceptor and optogenetics research,0.9940000176429749,topic
W3128691787,Radiation therapy,0.6974999904632568,keyword
W3128691787,DNA damage,0.5059000253677368,keyword
W3128691787,Cancer treatment,0.45730000734329224,keyword
W3128691787,Cancer,0.43369999527931213,keyword
W3128691787,Radiosensitizer,0.4034999907016754,keyword
W3128691787,Radiation tolerance,0.3596999943256378,keyword
W3128691787,DNA repair,0.3379000127315521,keyword
W3128691787,Radiation Therapy and Dosimetry,0.4016999900341034,topic
W3128691787,Nanoplatforms for cancer theranostics,0.23350000381469727,topic
W3128691787,Nanoparticle-Based Drug Delivery,0.05480000004172325,topic
W3018624892,Atomic units,0.6194310188293457,keyword
W3018624892,Computation,0.6078914403915405,keyword
W3018624892,Scale (ratio),0.47613051533699036,keyword
W3018624892,Computer science,0.46706753969192505,keyword
W3018624892,Nanowire,0.4252054691314697,keyword
W3018624892,Complex network,0.42304086685180664,keyword
W3018624892,Statistical physics,0.42099544405937195,keyword
W3018624892,Network dynamics,0.4161027669906616,keyword
W3018624892,Dynamics (music),0.41503337025642395,keyword
W3018624892,Nanotechnology,0.4040908217430115,keyword
W3018624892,Physics,0.3696010112762451,keyword
W3018624892,Materials science,0.2892824709415436,keyword
W3018624892,Neural dynamics and brain function,0.9998999834060669,topic
W3018624892,Advanced Memory and Neural Computing,0.9998000264167786,topic
W3018624892,Photoreceptor and optogenetics research,0.9993000030517578,topic
W4375858879,Computer science,0.7712383270263672,keyword
W4375858879,Neuromorphic engineering,0.7195953130722046,keyword
W4375858879,Robustness (evolution),0.6531714200973511,keyword
W4375858879,Information processing,0.48759761452674866,keyword
W4375858879,Modal,0.43264713883399963,keyword
W4375858879,Process (computing),0.41177043318748474,keyword
W4375858879,Artificial intelligence,0.3737635612487793,keyword
W4375858879,Electronic engineering,0.331809937953949,keyword
W4375858879,Artificial neural network,0.26123225688934326,keyword
W4375858879,Materials science,0.11077529191970825,keyword
W4375858879,Engineering,0.10074186325073242,keyword
W4375858879,Neural Networks and Reservoir Computing,0.9997000098228455,topic
W4375858879,Advanced Memory and Neural Computing,0.9995999932289124,topic
W4375858879,Photoreceptor and optogenetics research,0.9883000254631042,topic
W3018195139,Stereolithography,0.9670037031173706,keyword
W3018195139,3D printing,0.8711196184158325,keyword
W3018195139,Photopolymer,0.8073726892471313,keyword
W3018195139,Projection (relational algebra),0.6816007494926453,keyword
W3018195139,Digital Light Processing,0.5751660466194153,keyword
W3018195139,Three dimensional printing,0.5587304830551147,keyword
W3018195139,Metamaterial,0.5422985553741455,keyword
W3018195139,Computer science,0.5111835598945618,keyword
W3018195139,Materials science,0.45848768949508667,keyword
W3018195139,Nanotechnology,0.45350340008735657,keyword
W3018195139,Engineering drawing,0.36629486083984375,keyword
W3018195139,Computer graphics (images),0.32682323455810547,keyword
W3018195139,Mechanical engineering,0.29095256328582764,keyword
W3018195139,Engineering,0.27330493927001953,keyword
W3018195139,Artificial intelligence,0.14351540803909302,keyword
W3018195139,Optoelectronics,0.11676675081253052,keyword
W3018195139,Polymer,0.10054242610931396,keyword
W3018195139,Composite material,0.06218448281288147,keyword
W3018195139,Additive Manufacturing and 3D Printing Technologies,0.9995999932289124,topic
W3018195139,3D Printing in Biomedical Research,0.9866999983787537,topic
W3018195139,Advanced Materials and Mechanics,0.9865999817848206,topic
W3177469743,Materials science,0.8310999870300293,keyword
W3177469743,Neuromorphic engineering,0.8090779781341553,keyword
W3177469743,Excitatory postsynaptic potential,0.6216167211532593,keyword
W3177469743,Optoelectronics,0.5371841192245483,keyword
W3177469743,Neural facilitation,0.48632463812828064,keyword
W3177469743,Ferroelectricity,0.45289722084999084,keyword
W3177469743,Synaptic weight,0.43698710203170776,keyword
W3177469743,Schottky barrier,0.42626702785491943,keyword
W3177469743,Inhibitory postsynaptic potential,0.2681366801261902,keyword
W3177469743,Neuroscience,0.19374093413352966,keyword
W3177469743,Computer science,0.10535699129104614,keyword
W3177469743,Artificial neural network,0.07956081628799438,keyword
W3177469743,Advanced Memory and Neural Computing,1.0,topic
W3177469743,Ferroelectric and Negative Capacitance Devices,1.0,topic
W3177469743,Semiconductor materials and devices,0.9995999932289124,topic
W4394845403,Neuromorphic engineering,0.9858633279800415,keyword
W4394845403,Computer science,0.7335683107376099,keyword
W4394845403,Transistor,0.5696950554847717,keyword
W4394845403,Computer architecture,0.4879910349845886,keyword
W4394845403,Reservoir computing,0.48444345593452454,keyword
W4394845403,Gating,0.48091909289360046,keyword
W4394845403,Realization (probability),0.4238389730453491,keyword
W4394845403,Artificial neural network,0.36819738149642944,keyword
W4394845403,Artificial intelligence,0.3107703924179077,keyword
W4394845403,Recurrent neural network,0.25726890563964844,keyword
W4394845403,Neuroscience,0.17673751711845398,keyword
W4394845403,Voltage,0.1751454770565033,keyword
W4394845403,Electrical engineering,0.15266871452331543,keyword
W4394845403,Engineering,0.1155722439289093,keyword
W4394845403,Neural Networks and Reservoir Computing,1.0,topic
W4394845403,Advanced Memory and Neural Computing,0.9998000264167786,topic
W4394845403,Neural dynamics and brain function,0.9860000014305115,topic
W4394646548,Neuromorphic engineering,0.9306031465530396,keyword
W4394646548,Viscoelasticity,0.764697253704071,keyword
W4394646548,Materials science,0.689910888671875,keyword
W4394646548,Strain (injury),0.6812288761138916,keyword
W4394646548,Perovskite (structure),0.5185878276824951,keyword
W4394646548,Optoelectronics,0.42987972497940063,keyword
W4394646548,Composite material,0.39588385820388794,keyword
W4394646548,Nanotechnology,0.3509773313999176,keyword
W4394646548,Computer science,0.24731343984603882,keyword
W4394646548,Chemistry,0.13712039589881897,keyword
W4394646548,Medicine,0.13041037321090698,keyword
W4394646548,Artificial intelligence,0.11754786968231201,keyword
W4394646548,Crystallography,0.09941667318344116,keyword
W4394646548,Anatomy,0.09047478437423706,keyword
W4394646548,Advanced Memory and Neural Computing,0.9998999834060669,topic
W4394646548,Perovskite Materials and Applications,0.9998000264167786,topic
W4394646548,ZnO doping and properties,0.996399998664856,topic
W4284894751,Neuromorphic engineering,0.8919348120689392,keyword
W4284894751,MNIST database,0.8696252107620239,keyword
W4284894751,Computer science,0.8175135850906372,keyword
W4284894751,Artificial neural network,0.6803603172302246,keyword
W4284894751,Realization (probability),0.5970667600631714,keyword
W4284894751,Singular value decomposition,0.5326549410820007,keyword
W4284894751,Computer architecture,0.5275744199752808,keyword
W4284894751,Layer (electronics),0.45958274602890015,keyword
W4284894751,Feed forward,0.45737481117248535,keyword
W4284894751,Artificial intelligence,0.4331062436103821,keyword
W4284894751,Computer engineering,0.4060700535774231,keyword
W4284894751,Control engineering,0.09360578656196594,keyword
W4284894751,Mathematics,0.08272436261177063,keyword
W4284894751,Advanced Memory and Neural Computing,1.0,topic
W4284894751,Ferroelectric and Negative Capacitance Devices,0.9994000196456909,topic
W4284894751,Neural Networks and Applications,0.9980000257492065,topic
W4292116816,Organoid,0.8933464884757996,keyword
W4292116816,Microelectrode,0.8285560607910156,keyword
W4292116816,Multielectrode array,0.48805534839630127,keyword
W4292116816,Nanotechnology,0.349627286195755,keyword
W4292116816,Neuroscience,0.30417025089263916,keyword
W4292116816,Biology,0.265288770198822,keyword
W4292116816,Chemistry,0.23996523022651672,keyword
W4292116816,Materials science,0.23568269610404968,keyword
W4292116816,Electrode,0.058898359537124634,keyword
W4292116816,Neuroscience and Neural Engineering,0.9998999834060669,topic
W4292116816,3D Printing in Biomedical Research,0.9926999807357788,topic
W4292116816,Pluripotent Stem Cells Research,0.9878000020980835,topic
W4320728200,Photodetector,0.5846806764602661,keyword
W4320728200,Optics,0.5712324976921082,keyword
W4320728200,Color vision,0.550434410572052,keyword
W4320728200,Optoelectronics,0.5494633316993713,keyword
W4320728200,Perovskite (structure),0.5248748660087585,keyword
W4320728200,Color filter array,0.4789857864379883,keyword
W4320728200,Materials science,0.4778446853160858,keyword
W4320728200,Pixel,0.4675658345222473,keyword
W4320728200,Artificial intelligence,0.45474645495414734,keyword
W4320728200,Human eye,0.44279414415359497,keyword
W4320728200,RGB color model,0.4377969801425934,keyword
W4320728200,Primary color,0.43078121542930603,keyword
W4320728200,Image sensor,0.42587292194366455,keyword
W4320728200,Broadband,0.42432278394699097,keyword
W4320728200,Computer vision,0.4229559004306793,keyword
W4320728200,Computer science,0.4197397232055664,keyword
W4320728200,Physics,0.2280685007572174,keyword
W4320728200,Color gel,0.17941918969154358,keyword
W4320728200,Layer (electronics),0.10026076436042786,keyword
W4320728200,Nanotechnology,0.09923893213272095,keyword
W4320728200,Chemistry,0.09677708148956299,keyword
W4320728200,Perovskite Materials and Applications,0.9998999834060669,topic
W4320728200,Advanced Memory and Neural Computing,0.9682000279426575,topic
W4320728200,Photoacoustic and Ultrasonic Imaging,0.9621999859809875,topic
W3169876917,Nanotechnology,0.7154331207275391,keyword
W3169876917,Conductive polymer,0.6743211150169373,keyword
W3169876917,Materials science,0.6455841660499573,keyword
W3169876917,Electronics,0.604080319404602,keyword
W3169876917,3D printing,0.5835273861885071,keyword
W3169876917,Polyaniline,0.5503123998641968,keyword
W3169876917,Carbon nanotube,0.5243292450904846,keyword
W3169876917,Polypyrrole,0.5220794081687927,keyword
W3169876917,Wearable technology,0.46404901146888733,keyword
W3169876917,Polymer,0.4623353183269501,keyword
W3169876917,Electroactive polymers,0.4548417329788208,keyword
W3169876917,Wearable computer,0.45174407958984375,keyword
W3169876917,Graphene,0.4480578601360321,keyword
W3169876917,Computer science,0.3231433033943176,keyword
W3169876917,Electrical engineering,0.16201716661453247,keyword
W3169876917,Engineering,0.13188979029655457,keyword
W3169876917,Composite material,0.09247839450836182,keyword
W3169876917,Advanced Sensor and Energy Harvesting Materials,1.0,topic
W3169876917,Conducting polymers and applications,0.9998000264167786,topic
W3169876917,Supercapacitor Materials and Fabrication,0.9926999807357788,topic
W3134928919,Materials science,0.8073409795761108,keyword
W3134928919,Nanowire,0.6578010320663452,keyword
W3134928919,Nanotechnology,0.6498492956161499,keyword
W3134928919,Fabrication,0.5534154772758484,keyword
W3134928919,Nanoimprint lithography,0.5300334095954895,keyword
W3134928919,Neuromorphic engineering,0.5280842185020447,keyword
W3134928919,Transistor,0.4743562936782837,keyword
W3134928919,Silicon,0.4569686949253082,keyword
W3134928919,Wafer,0.444631427526474,keyword
W3134928919,Optoelectronics,0.4320247769355774,keyword
W3134928919,Computer science,0.13998821377754211,keyword
W3134928919,Artificial neural network,0.11300581693649292,keyword
W3134928919,Electrical engineering,0.09085601568222046,keyword
W3134928919,Advanced Memory and Neural Computing,0.9998999834060669,topic
W3134928919,Nanowire Synthesis and Applications,0.9998000264167786,topic
W3134928919,ZnO doping and properties,0.9987999796867371,topic
W4308116313,Neuromorphic engineering,0.8364018201828003,keyword
W4308116313,Optoelectronics,0.6200533509254456,keyword
W4308116313,Materials science,0.5546624660491943,keyword
W4308116313,Broadband,0.5415130257606506,keyword
W4308116313,Transistor,0.5142990946769714,keyword
W4308116313,Computer science,0.48364102840423584,keyword
W4308116313,Electronics,0.4710771143436432,keyword
W4308116313,Wearable computer,0.4148898124694824,keyword
W4308116313,Computer hardware,0.32782086730003357,keyword
W4308116313,Artificial neural network,0.288141667842865,keyword
W4308116313,Electrical engineering,0.2273426651954651,keyword
W4308116313,Embedded system,0.20280960202217102,keyword
W4308116313,Artificial intelligence,0.16272121667861938,keyword
W4308116313,Voltage,0.14264905452728271,keyword
W4308116313,Engineering,0.13713321089744568,keyword
W4308116313,Telecommunications,0.13645422458648682,keyword
W4308116313,Advanced Memory and Neural Computing,1.0,topic
W4308116313,Neural Networks and Reservoir Computing,0.9991999864578247,topic
W4308116313,Neuroscience and Neural Engineering,0.9986000061035156,topic
W3129376072,Neuromorphic engineering,0.6615117192268372,keyword
W3129376072,Materials science,0.5936644673347473,keyword
W3129376072,Computer science,0.564258873462677,keyword
W3129376072,Heterojunction,0.5517197251319885,keyword
W3129376072,Optoelectronics,0.545984148979187,keyword
W3129376072,Neuroscience,0.43883639574050903,keyword
W3129376072,Synaptic weight,0.4188508093357086,keyword
W3129376072,Artificial intelligence,0.30523985624313354,keyword
W3129376072,Artificial neural network,0.23256349563598633,keyword
W3129376072,Biology,0.17373871803283691,keyword
W3129376072,Advanced Memory and Neural Computing,0.9998999834060669,topic
W3129376072,Photoreceptor and optogenetics research,0.9994000196456909,topic
W3129376072,Neuroscience and Neural Engineering,0.9970999956130981,topic
W3210021170,Materials science,0.7206910848617554,keyword
W3210021170,Neuromorphic engineering,0.7198881506919861,keyword
W3210021170,Optoelectronics,0.4607912003993988,keyword
W3210021170,Computer science,0.3963697850704193,keyword
W3210021170,Artificial neural network,0.14371627569198608,keyword
W3210021170,Artificial intelligence,0.11934486031532288,keyword
W3210021170,Advanced Memory and Neural Computing,0.9998999834060669,topic
W3210021170,Conducting polymers and applications,0.9990000128746033,topic
W3210021170,Neuroscience and Neural Engineering,0.9973999857902527,topic
W4406592955,Neuromorphic engineering,0.9277734756469727,keyword
W4406592955,Wearable computer,0.6982269287109375,keyword
W4406592955,Computer science,0.6405870914459229,keyword
W4406592955,Electronics,0.5342651009559631,keyword
W4406592955,Wearable technology,0.5275924801826477,keyword
W4406592955,Cognitive computing,0.5000715255737305,keyword
W4406592955,Process (computing),0.4868020713329315,keyword
W4406592955,Smart system,0.4183060824871063,keyword
W4406592955,Computer architecture,0.3654898703098297,keyword
W4406592955,Embedded system,0.35671842098236084,keyword
W4406592955,Artificial intelligence,0.31094157695770264,keyword
W4406592955,Cognition,0.23120781779289246,keyword
W4406592955,Artificial neural network,0.2166469395160675,keyword
W4406592955,Internet of Things,0.18414631485939026,keyword
W4406592955,Neuroscience,0.18073982000350952,keyword
W4406592955,Engineering,0.1779162883758545,keyword
W4406592955,Electrical engineering,0.14287954568862915,keyword
W4406592955,Advanced Memory and Neural Computing,1.0,topic
W4406592955,Advanced Sensor and Energy Harvesting Materials,0.9997000098228455,topic
W4406592955,Conducting polymers and applications,0.9976000189781189,topic
W4200206425,Computer science,0.5904383659362793,keyword
W4200206425,Human–computer interaction,0.5712946057319641,keyword
W4200206425,Biomimetics,0.49205201864242554,keyword
W4200206425,Artificial life,0.49053066968917847,keyword
W4200206425,Perception,0.45765697956085205,keyword
W4200206425,Perspective (graphical),0.4441908597946167,keyword
W4200206425,Key (lock),0.43023383617401123,keyword
W4200206425,Cognitive science,0.4153348505496979,keyword
W4200206425,Artificial intelligence,0.4036322832107544,keyword
W4200206425,Biology,0.12745651602745056,keyword
W4200206425,Psychology,0.12301075458526611,keyword
W4200206425,Neuroscience,0.10782775282859802,keyword
W4200206425,Advanced Sensor and Energy Harvesting Materials,0.9916999936103821,topic
W4200206425,Advanced Chemical Sensor Technologies,0.9869999885559082,topic
W4200206425,Biosensors and Analytical Detection,0.9858999848365784,topic
W4414104104,Neuromorphic engineering,0.9204999804496765,keyword
W4414104104,Quantum dot,0.6507999897003174,keyword
W4414104104,Memristor,0.6322000026702881,keyword
W4414104104,Bridging (networking),0.5281000137329102,keyword
W4414104104,Bottleneck,0.47749999165534973,keyword
W4414104104,Ultrashort pulse,0.46219998598098755,keyword
W4414104104,Scalability,0.4440999925136566,keyword
W4414104104,Heterojunction,0.4406999945640564,keyword
W4414104104,Quantum computer,0.4171000123023987,keyword
W4414104104,Advanced Memory and Neural Computing,1.0,topic
W4414104104,Neuroscience and Neural Engineering,0.996399998664856,topic
W4414104104,Photoreceptor and optogenetics research,0.9961000084877014,topic
W4391883933,Transistor,0.6770577430725098,keyword
W4391883933,Integrated circuit,0.5555279850959778,keyword
W4391883933,Electronic circuit,0.5551446080207825,keyword
W4391883933,Computer science,0.5319920778274536,keyword
W4391883933,Digital electronics,0.46497440338134766,keyword
W4391883933,Process (computing),0.45678433775901794,keyword
W4391883933,Electronic engineering,0.4450424015522003,keyword
W4391883933,Electronics,0.41055548191070557,keyword
W4391883933,Nanotechnology,0.3491629362106323,keyword
W4391883933,Electrical engineering,0.3410572409629822,keyword
W4391883933,Materials science,0.2866996228694916,keyword
W4391883933,Engineering,0.2647545337677002,keyword
W4391883933,2D Materials and Applications,0.9998999834060669,topic
W4391883933,MXene and MAX Phase Materials,0.9998999834060669,topic
W4391883933,Ferroelectric and Negative Capacitance Devices,0.9998000264167786,topic
W4404017951,Internet of Things,0.6226773858070374,keyword
W4404017951,Wearable computer,0.5942896008491516,keyword
W4404017951,Intelligent sensor,0.552409291267395,keyword
W4404017951,Computer science,0.501751184463501,keyword
W4404017951,Wireless sensor network,0.476860374212265,keyword
W4404017951,Cloud computing,0.44295674562454224,keyword
W4404017951,Maturity (psychological),0.4132035970687866,keyword
W4404017951,Embedded system,0.35688430070877075,keyword
W4404017951,Systems engineering,0.32063183188438416,keyword
W4404017951,Engineering,0.2869897186756134,keyword
W4404017951,Advanced Chemical Sensor Technologies,1.0,topic
W4404017951,Gas Sensing Nanomaterials and Sensors,0.9998000264167786,topic
W4404017951,Analytical Chemistry and Sensors,0.9894999861717224,topic
W4388451841,Materials science,0.5538745522499084,keyword
W4388451841,Computer science,0.5393682718276978,keyword
W4388451841,Sensory system,0.5193803906440735,keyword
W4388451841,Neuroprosthetics,0.5158445239067078,keyword
W4388451841,Cornea,0.45018306374549866,keyword
W4388451841,Neuroscience,0.37642499804496765,keyword
W4388451841,Biology,0.11319637298583984,keyword
W4388451841,Tactile and Sensory Interactions,0.996999979019165,topic
W4388451841,Advanced Memory and Neural Computing,0.9968000054359436,topic
W4388451841,Photoreceptor and optogenetics research,0.9944999814033508,topic
W4415809589,Neuromorphic engineering,0.9603999853134155,keyword
W4415809589,Memristor,0.9409000277519226,keyword
W4415809589,Nanowire,0.43860000371932983,keyword
W4415809589,Synapse,0.38370001316070557,keyword
W4415809589,Adaptation (eye),0.37369999289512634,keyword
W4415809589,Artificial neural network,0.36970001459121704,keyword
W4415809589,Set (abstract data type),0.3573000133037567,keyword
W4415809589,Nanocomposite,0.3546000123023987,keyword
W4415809589,Resistive random-access memory,0.3490000069141388,keyword
W4415809589,Advanced Memory and Neural Computing,0.9901000261306763,topic
W4415809589,Ferroelectric and Negative Capacitance Devices,0.00419999985024333,topic
W4415809589,MXene and MAX Phase Materials,0.0017000000225380063,topic
W3091279877,Memristor,0.9577515721321106,keyword
W3091279877,Ferroelectricity,0.8141844272613525,keyword
W3091279877,Materials science,0.7601199746131897,keyword
W3091279877,Von Neumann architecture,0.690929651260376,keyword
W3091279877,Neuromorphic engineering,0.6685088276863098,keyword
W3091279877,Memistor,0.6514696478843689,keyword
W3091279877,Polarization (electrochemistry),0.5029260516166687,keyword
W3091279877,Resistive random-access memory,0.4352155029773712,keyword
W3091279877,Optoelectronics,0.4292445480823517,keyword
W3091279877,Nanotechnology,0.395898699760437,keyword
W3091279877,Computer science,0.32633456587791443,keyword
W3091279877,Voltage,0.3176482617855072,keyword
W3091279877,Electronic engineering,0.2802678644657135,keyword
W3091279877,Electrical engineering,0.18738549947738647,keyword
W3091279877,Artificial neural network,0.14335685968399048,keyword
W3091279877,Artificial intelligence,0.1306837797164917,keyword
W3091279877,Dielectric,0.09170523285865784,keyword
W3091279877,Engineering,0.0811280906200409,keyword
W3091279877,Advanced Memory and Neural Computing,1.0,topic
W3091279877,Ferroelectric and Negative Capacitance Devices,1.0,topic
W3091279877,MXene and MAX Phase Materials,0.9994999766349792,topic
W4292547106,Halide,0.8579326272010803,keyword
W4292547106,Materials science,0.7836127281188965,keyword
W4292547106,Perovskite (structure),0.5724459886550903,keyword
W4292547106,Metal,0.5394047498703003,keyword
W4292547106,Nanotechnology,0.46252283453941345,keyword
W4292547106,Optoelectronics,0.3533746004104614,keyword
W4292547106,Chemical engineering,0.3167960047721863,keyword
W4292547106,Inorganic chemistry,0.2610786259174347,keyword
W4292547106,Metallurgy,0.16263195872306824,keyword
W4292547106,Chemistry,0.1107431948184967,keyword
W4292547106,Perovskite Materials and Applications,1.0,topic
W4292547106,Advanced Memory and Neural Computing,0.9986000061035156,topic
W4292547106,Conducting polymers and applications,0.9983999729156494,topic
W4229379115,Microvesicles,0.9038089513778687,keyword
W4229379115,Neuroscience,0.6606450080871582,keyword
W4229379115,Disease,0.5835633277893066,keyword
W4229379115,Medicine,0.5691918730735779,keyword
W4229379115,Neurology,0.5637166500091553,keyword
W4229379115,Biomarker,0.5451145172119141,keyword
W4229379115,Exosome,0.4835505187511444,keyword
W4229379115,Diagnostic biomarker,0.4673854112625122,keyword
W4229379115,Parkinson's disease,0.4557454586029053,keyword
W4229379115,Extracellular vesicles,0.44217681884765625,keyword
W4229379115,Synucleinopathies,0.437516987323761,keyword
W4229379115,Bioinformatics,0.35000839829444885,keyword
W4229379115,microRNA,0.3359820246696472,keyword
W4229379115,Biology,0.27833133935928345,keyword
W4229379115,Pathology,0.18362721800804138,keyword
W4229379115,Alpha-synuclein,0.09839615225791931,keyword
W4229379115,Extracellular vesicles in disease,1.0,topic
W4229379115,MicroRNA in disease regulation,0.9789999723434448,topic
W4229379115,RNA regulation and disease,0.9258000254631042,topic
W4400863919,Neuromorphic engineering,0.9510220289230347,keyword
W4400863919,Heterojunction,0.7691180109977722,keyword
W4400863919,Materials science,0.7231214046478271,keyword
W4400863919,Carbon nanotube,0.5828894376754761,keyword
W4400863919,Optoelectronics,0.5655736327171326,keyword
W4400863919,Nanotechnology,0.5048054456710815,keyword
W4400863919,Wafer,0.4947735667228699,keyword
W4400863919,Computer science,0.39366772770881653,keyword
W4400863919,Artificial neural network,0.13156956434249878,keyword
W4400863919,Advanced Memory and Neural Computing,0.9998999834060669,topic
W4400863919,Neural Networks and Reservoir Computing,0.9998999834060669,topic
W4400863919,Photoreceptor and optogenetics research,0.9923999905586243,topic
W3165794563,Neuromorphic engineering,0.9664832353591919,keyword
W3165794563,Reservoir computing,0.7891667485237122,keyword
W3165794563,Computer science,0.6972246766090393,keyword
W3165794563,Computer architecture,0.5318260788917542,keyword
W3165794563,Computation,0.524749755859375,keyword
W3165794563,Adaptation (eye),0.5140079259872437,keyword
W3165794563,Substrate (aquarium),0.4894014894962311,keyword
W3165794563,Class (philosophy),0.43895429372787476,keyword
W3165794563,Convolutional neural network,0.4265420436859131,keyword
W3165794563,Artificial neural network,0.40067195892333984,keyword
W3165794563,Artificial intelligence,0.3295362591743469,keyword
W3165794563,Recurrent neural network,0.19908025860786438,keyword
W3165794563,Physics,0.1018521785736084,keyword
W3165794563,Advanced Memory and Neural Computing,1.0,topic
W3165794563,Neural Networks and Reservoir Computing,0.9998999834060669,topic
W3165794563,Neural dynamics and brain function,0.9973999857902527,topic
W4407802966,Electronics,0.5512663722038269,keyword
W4407802966,Computer science,0.5291683673858643,keyword
W4407802966,Nanotechnology,0.512127161026001,keyword
W4407802966,Human–computer interaction,0.40638384222984314,keyword
W4407802966,Materials science,0.22337177395820618,keyword
W4407802966,Engineering,0.15467214584350586,keyword
W4407802966,Electrical engineering,0.11224326491355896,keyword
W4407802966,Neuroscience and Neural Engineering,1.0,topic
W4407802966,Advanced Memory and Neural Computing,0.9994000196456909,topic
W4407802966,Photoreceptor and optogenetics research,0.9990000128746033,topic
W4281389276,Neuromorphic engineering,0.8831003904342651,keyword
W4281389276,Materials science,0.6784694790840149,keyword
W4281389276,Transistor,0.5275176167488098,keyword
W4281389276,Biocompatible material,0.5107951164245605,keyword
W4281389276,Electronics,0.5097991824150085,keyword
W4281389276,Flexible electronics,0.439886212348938,keyword
W4281389276,Bioelectronics,0.4390360116958618,keyword
W4281389276,Organic electronics,0.41301536560058594,keyword
W4281389276,Optoelectronics,0.4100155532360077,keyword
W4281389276,Computer science,0.3811495900154114,keyword
W4281389276,Nanotechnology,0.3670872449874878,keyword
W4281389276,Electrical engineering,0.19364038109779358,keyword
W4281389276,Biomedical engineering,0.15712937712669373,keyword
W4281389276,Engineering,0.14299613237380981,keyword
W4281389276,Artificial neural network,0.1410829722881317,keyword
W4281389276,Biosensor,0.1404857337474823,keyword
W4281389276,Artificial intelligence,0.11757025122642517,keyword
W4281389276,Advanced Memory and Neural Computing,0.9998000264167786,topic
W4281389276,Photoreceptor and optogenetics research,0.9970999956130981,topic
W4281389276,Transition Metal Oxide Nanomaterials,0.9894999861717224,topic
W2997162785,Neuromorphic engineering,0.9806267619132996,keyword
W2997162785,Von Neumann architecture,0.7173368334770203,keyword
W2997162785,Scalability,0.6962147355079651,keyword
W2997162785,Computer architecture,0.6493033170700073,keyword
W2997162785,Computer science,0.6457451581954956,keyword
W2997162785,CMOS,0.6317141056060791,keyword
W2997162785,Artificial neural network,0.5583446025848389,keyword
W2997162785,Memristor,0.5346649289131165,keyword
W2997162785,Unconventional computing,0.46773630380630493,keyword
W2997162785,Efficient energy use,0.4204845428466797,keyword
W2997162785,Electronic engineering,0.386495441198349,keyword
W2997162785,Computer engineering,0.3334381580352783,keyword
W2997162785,Artificial intelligence,0.3313136696815491,keyword
W2997162785,Electrical engineering,0.24837732315063477,keyword
W2997162785,Distributed computing,0.24445778131484985,keyword
W2997162785,Engineering,0.22138652205467224,keyword
W2997162785,Advanced Memory and Neural Computing,1.0,topic
W2997162785,Ferroelectric and Negative Capacitance Devices,0.9977999925613403,topic
W2997162785,Photoreceptor and optogenetics research,0.9958000183105469,topic
W4361285627,Transistor,0.6207354664802551,keyword
W4361285627,Electronics,0.5966755151748657,keyword
W4361285627,Computer science,0.5809465050697327,keyword
W4361285627,Wearable technology,0.4763382077217102,keyword
W4361285627,Organic electronics,0.4464784562587738,keyword
W4361285627,Artificial neural network,0.440313458442688,keyword
W4361285627,Transparency (behavior),0.42348551750183105,keyword
W4361285627,Materials science,0.3891468048095703,keyword
W4361285627,Nanotechnology,0.3837960362434387,keyword
W4361285627,Wearable computer,0.30851423740386963,keyword
W4361285627,Artificial intelligence,0.30262190103530884,keyword
W4361285627,Electrical engineering,0.2787513732910156,keyword
W4361285627,Embedded system,0.19039949774742126,keyword
W4361285627,Engineering,0.17552843689918518,keyword
W4361285627,Voltage,0.0707099437713623,keyword
W4361285627,Advanced Memory and Neural Computing,1.0,topic
W4361285627,Conducting polymers and applications,0.9987000226974487,topic
W4361285627,Neuroscience and Neural Engineering,0.9972000122070312,topic
W4388626384,Bottleneck,0.8128097057342529,keyword
W4388626384,Computer science,0.755388081073761,keyword
W4388626384,Computation,0.5735186338424683,keyword
W4388626384,Von Neumann architecture,0.5666736364364624,keyword
W4388626384,Cognitive computing,0.49669915437698364,keyword
W4388626384,Computer architecture,0.4666905999183655,keyword
W4388626384,Throughput,0.4323716163635254,keyword
W4388626384,Distributed computing,0.43063342571258545,keyword
W4388626384,Emerging technologies,0.42621922492980957,keyword
W4388626384,Parallel computing,0.3498693108558655,keyword
W4388626384,Computer engineering,0.3497233986854553,keyword
W4388626384,Embedded system,0.3000599443912506,keyword
W4388626384,Operating system,0.15809309482574463,keyword
W4388626384,Artificial intelligence,0.1219848096370697,keyword
W4388626384,Algorithm,0.10958743095397949,keyword
W4388626384,Advanced Memory and Neural Computing,1.0,topic
W4388626384,Ferroelectric and Negative Capacitance Devices,1.0,topic
W4388626384,Semiconductor materials and devices,0.9997000098228455,topic
W4391143017,Spectrometer,0.682794988155365,keyword
W4391143017,Miniaturization,0.592479407787323,keyword
W4391143017,Detector,0.5383546948432922,keyword
W4391143017,Bandwidth (computing),0.5093330144882202,keyword
W4391143017,Computer science,0.4906546175479889,keyword
W4391143017,Optoelectronics,0.4831070899963379,keyword
W4391143017,Optics,0.46567317843437195,keyword
W4391143017,Physics,0.4191249907016754,keyword
W4391143017,Materials science,0.3320584297180176,keyword
W4391143017,Nanotechnology,0.17794588208198547,keyword
W4391143017,Telecommunications,0.1319308876991272,keyword
W4391143017,2D Materials and Applications,0.9986000061035156,topic
W4391143017,Perovskite Materials and Applications,0.9969000220298767,topic
W4391143017,Advanced Semiconductor Detectors and Materials,0.9966999888420105,topic
W4288084550,Photodetector,0.943997859954834,keyword
W4288084550,Optoelectronics,0.7160274386405945,keyword
W4288084550,Photoconductivity,0.6553499698638916,keyword
W4288084550,Materials science,0.650877833366394,keyword
W4288084550,Flexibility (engineering),0.4888250231742859,keyword
W4288084550,Heterojunction,0.42454200983047485,keyword
W4288084550,2D Materials and Applications,1.0,topic
W4288084550,Graphene research and applications,0.9991999864578247,topic
W4288084550,MXene and MAX Phase Materials,0.9991999864578247,topic
W4220938389,Semiconductor,0.6729289293289185,keyword
W4220938389,Tellurium,0.5997463464736938,keyword
W4220938389,Graphene,0.5750036239624023,keyword
W4220938389,Nanotechnology,0.5581912994384766,keyword
W4220938389,Materials science,0.5469255447387695,keyword
W4220938389,van der Waals force,0.524465799331665,keyword
W4220938389,Field-effect transistor,0.47967529296875,keyword
W4220938389,Transistor,0.45761388540267944,keyword
W4220938389,Band gap,0.449733167886734,keyword
W4220938389,Topological insulator,0.43650782108306885,keyword
W4220938389,Optoelectronics,0.35752546787261963,keyword
W4220938389,Engineering physics,0.33680659532546997,keyword
W4220938389,Physics,0.2699025273323059,keyword
W4220938389,Condensed matter physics,0.19063836336135864,keyword
W4220938389,Quantum mechanics,0.11180353164672852,keyword
W4220938389,Molecule,0.10237860679626465,keyword
W4220938389,2D Materials and Applications,1.0,topic
W4220938389,Topological Materials and Phenomena,0.9998999834060669,topic
W4220938389,Graphene research and applications,0.9998000264167786,topic
W3079428540,Photodetector,0.909142255783081,keyword
W3079428540,Materials science,0.7907928228378296,keyword
W3079428540,Molybdenum disulfide,0.770928144454956,keyword
W3079428540,Heterojunction,0.7414917945861816,keyword
W3079428540,Optoelectronics,0.7358361482620239,keyword
W3079428540,Graphene,0.6223880648612976,keyword
W3079428540,Nanotechnology,0.34191805124282837,keyword
W3079428540,2D Materials and Applications,1.0,topic
W3079428540,Gas Sensing Nanomaterials and Sensors,0.9940000176429749,topic
W3079428540,Perovskite Materials and Applications,0.9934999942779541,topic
W3006821797,Memristor,0.798564612865448,keyword
W3006821797,Statistical physics,0.7017863392829895,keyword
W3006821797,Stochastic modelling,0.46956801414489746,keyword
W3006821797,Mathematics,0.35175198316574097,keyword
W3006821797,Physics,0.34700101613998413,keyword
W3006821797,Econometrics,0.3308188319206238,keyword
W3006821797,Statistics,0.16038310527801514,keyword
W3006821797,Quantum mechanics,0.13914626836776733,keyword
W3006821797,Advanced Memory and Neural Computing,1.0,topic
W3006821797,stochastic dynamics and bifurcation,0.9994999766349792,topic
W3006821797,Neural dynamics and brain function,0.9991999864578247,topic
W4311929611,Materials science,0.7718898057937622,keyword
W4311929611,Stacking,0.7307190299034119,keyword
W4311929611,Electrical conductor,0.7140481472015381,keyword
W4311929611,Semiconductor,0.5535795092582703,keyword
W4311929611,Conductivity,0.5481205582618713,keyword
W4311929611,Electrode,0.5479871034622192,keyword
W4311929611,Supercapacitor,0.5391792058944702,keyword
W4311929611,Metal-organic framework,0.5353477597236633,keyword
W4311929611,Optoelectronics,0.5143686532974243,keyword
W4311929611,Band gap,0.4917354881763458,keyword
W4311929611,Band bending,0.4859848916530609,keyword
W4311929611,Conjugated system,0.4595858156681061,keyword
W4311929611,Nanotechnology,0.45282185077667236,keyword
W4311929611,Electrical resistivity and conductivity,0.4362877905368805,keyword
W4311929611,Bending,0.41337472200393677,keyword
W4311929611,Chemical engineering,0.3320004940032959,keyword
W4311929611,Polymer,0.23336049914360046,keyword
W4311929611,Capacitance,0.19507485628128052,keyword
W4311929611,Composite material,0.1721770167350769,keyword
W4311929611,Chemistry,0.11798223853111267,keyword
W4311929611,Organic chemistry,0.08517012000083923,keyword
W4311929611,Physical chemistry,0.07982563972473145,keyword
W4311929611,Metal-Organic Frameworks: Synthesis and Applications,1.0,topic
W4311929611,Covalent Organic Framework Applications,0.9993000030517578,topic
W4311929611,MXene and MAX Phase Materials,0.9979000091552734,topic
W4293063058,Computer science,0.596691370010376,keyword
W4293063058,Nanotechnology,0.5420383810997009,keyword
W4293063058,Human–computer interaction,0.5136799216270447,keyword
W4293063058,Transparency (behavior),0.43287771940231323,keyword
W4293063058,Mechanism (biology),0.4124874174594879,keyword
W4293063058,Materials science,0.37050294876098633,keyword
W4293063058,Artificial intelligence,0.3473797142505646,keyword
W4293063058,Advanced Sensor and Energy Harvesting Materials,1.0,topic
W4293063058,Conducting polymers and applications,0.9966999888420105,topic
W4293063058,Polydiacetylene-based materials and applications,0.9962999820709229,topic
W4321168628,Computer science,0.4572067856788635,keyword
W4321168628,Artificial intelligence,0.34444883465766907,keyword
W4321168628,Advanced Sensor and Energy Harvesting Materials,1.0,topic
W4321168628,Tactile and Sensory Interactions,0.9961000084877014,topic
W4321168628,Muscle activation and electromyography studies,0.9918000102043152,topic
W3023587085,Resistive random-access memory,0.68559330701828,keyword
W3023587085,Computer data storage,0.5938779711723328,keyword
W3023587085,Computer science,0.5578457713127136,keyword
W3023587085,Electronics,0.5252164006233215,keyword
W3023587085,Resistive touchscreen,0.4552745223045349,keyword
W3023587085,Nanotechnology,0.4320037364959717,keyword
W3023587085,Information storage,0.4133811593055725,keyword
W3023587085,Electrical engineering,0.3294695019721985,keyword
W3023587085,Materials science,0.22902455925941467,keyword
W3023587085,Computer hardware,0.22254863381385803,keyword
W3023587085,Engineering,0.2009916603565216,keyword
W3023587085,Database,0.10149937868118286,keyword
W3023587085,Advanced Memory and Neural Computing,1.0,topic
W3023587085,Conducting polymers and applications,0.9977999925613403,topic
W3023587085,Perovskite Materials and Applications,0.9973999857902527,topic
W4385060003,Mesenchymal stem cell,0.7609883546829224,keyword
W4385060003,Angiogenesis,0.6288381814956665,keyword
W4385060003,Neurite,0.5744019746780396,keyword
W4385060003,Regenerative medicine,0.559628963470459,keyword
W4385060003,Neuroscience,0.5228362679481506,keyword
W4385060003,Extracellular vesicles,0.49963951110839844,keyword
W4385060003,Stem cell,0.49217548966407776,keyword
W4385060003,Neurodegeneration,0.47151079773902893,keyword
W4385060003,Regeneration (biology),0.46491748094558716,keyword
W4385060003,Microvesicles,0.4569765031337738,keyword
W4385060003,Transplantation,0.4517672061920166,keyword
W4385060003,Disease,0.4497312903404236,keyword
W4385060003,Biology,0.4333834946155548,keyword
W4385060003,Extracellular vesicle,0.41665270924568176,keyword
W4385060003,Medicine,0.3465985357761383,keyword
W4385060003,Cell biology,0.2934723198413849,keyword
W4385060003,Cancer research,0.28121495246887207,keyword
W4385060003,Pathology,0.14752617478370667,keyword
W4385060003,microRNA,0.10679563879966736,keyword
W4385060003,In vitro,0.060294389724731445,keyword
W4385060003,Extracellular vesicles in disease,1.0,topic
W4385060003,Neuroinflammation and Neurodegeneration Mechanisms,0.9922999739646912,topic
W4385060003,Mesenchymal stem cell research,0.9882000088691711,topic
W4309660609,Materials science,0.5770221948623657,keyword
W4309660609,Conductance,0.5389971733093262,keyword
W4309660609,Hysteresis,0.5151192545890808,keyword
W4309660609,Differential (mechanical device),0.5110410451889038,keyword
W4309660609,Nanotechnology,0.36305367946624756,keyword
W4309660609,Neuroscience,0.3513951897621155,keyword
W4309660609,Physics,0.22038063406944275,keyword
W4309660609,Condensed matter physics,0.1843789517879486,keyword
W4309660609,Psychology,0.15341264009475708,keyword
W4309660609,Photoreceptor and optogenetics research,0.9990000128746033,topic
W4309660609,Advanced Memory and Neural Computing,0.9987999796867371,topic
W4309660609,Neural dynamics and brain function,0.9980999827384949,topic
W4205734592,Artificial Sweetener,0.6644775867462158,keyword
W4205734592,Preference,0.6347414255142212,keyword
W4205734592,Sugar,0.6241834759712219,keyword
W4205734592,Neuroscience,0.5469607710838318,keyword
W4205734592,Biology,0.3660084009170532,keyword
W4205734592,Chemistry,0.3371202051639557,keyword
W4205734592,Food science,0.3068823218345642,keyword
W4205734592,Mathematics,0.08428668975830078,keyword
W4205734592,Biochemical Analysis and Sensing Techniques,0.9998999834060669,topic
W4205734592,Advanced Chemical Sensor Technologies,0.9722999930381775,topic
W4205734592,GABA and Rice Research,0.9700000286102295,topic
W4366986704,Neuromorphic engineering,0.843490481376648,keyword
W4366986704,Materials science,0.8274396061897278,keyword
W4366986704,Excitatory postsynaptic potential,0.6033935546875,keyword
W4366986704,Postsynaptic Current,0.5346879959106445,keyword
W4366986704,Transistor,0.5139381289482117,keyword
W4366986704,Bending,0.4809229075908661,keyword
W4366986704,Artificial neural network,0.3923284411430359,keyword
W4366986704,Optoelectronics,0.3753437399864197,keyword
W4366986704,Computer science,0.3282783031463623,keyword
W4366986704,Composite material,0.2547757923603058,keyword
W4366986704,Artificial intelligence,0.19015443325042725,keyword
W4366986704,Neuroscience,0.1646806299686432,keyword
W4366986704,Voltage,0.1353527009487152,keyword
W4366986704,Electrical engineering,0.10259479284286499,keyword
W4366986704,Inhibitory postsynaptic potential,0.08410012722015381,keyword
W4366986704,Advanced Memory and Neural Computing,1.0,topic
W4366986704,Advanced Sensor and Energy Harvesting Materials,0.9991000294685364,topic
W4366986704,Conducting polymers and applications,0.9986000061035156,topic
W3164962964,Spiking neural network,0.8798060417175293,keyword
W3164962964,Computer science,0.8019852042198181,keyword
W3164962964,Porting,0.7368200421333313,keyword
W3164962964,Implementation,0.5978981852531433,keyword
W3164962964,Artificial neural network,0.5408033132553101,keyword
W3164962964,Neuromorphic engineering,0.48206955194473267,keyword
W3164962964,Artificial intelligence,0.4439554214477539,keyword
W3164962964,Task (project management),0.4415808320045471,keyword
W3164962964,Machine learning,0.37641268968582153,keyword
W3164962964,Computer engineering,0.35379332304000854,keyword
W3164962964,Computer architecture,0.35075926780700684,keyword
W3164962964,Algorithm,0.34603703022003174,keyword
W3164962964,Software,0.16093698143959045,keyword
W3164962964,Programming language,0.07372462749481201,keyword
W3164962964,Advanced Memory and Neural Computing,1.0,topic
W3164962964,Neural dynamics and brain function,0.9957000017166138,topic
W3164962964,Ferroelectric and Negative Capacitance Devices,0.9950000047683716,topic
W4295290218,Materials science,0.8428491353988647,keyword
W4295290218,PEDOT:PSS,0.8275653719902039,keyword
W4295290218,Nanotechnology,0.612093448638916,keyword
W4295290218,Bioelectronics,0.5667282342910767,keyword
W4295290218,Electrolyte,0.5187326073646545,keyword
W4295290218,Polymer,0.41338905692100525,keyword
W4295290218,Electrode,0.3617709279060364,keyword
W4295290218,Composite material,0.29055410623550415,keyword
W4295290218,Layer (electronics),0.1585904061794281,keyword
W4295290218,Biosensor,0.14288246631622314,keyword
W4295290218,Chemistry,0.07160323858261108,keyword
W4295290218,Conducting polymers and applications,1.0,topic
W4295290218,Advanced Sensor and Energy Harvesting Materials,0.9998999834060669,topic
W4295290218,Supercapacitor Materials and Fabrication,0.9983999729156494,topic
W4395074661,Neuromorphic engineering,0.9532265663146973,keyword
W4395074661,Computer science,0.6111077666282654,keyword
W4395074661,Transistor,0.5149010419845581,keyword
W4395074661,Coding (social sciences),0.5024008750915527,keyword
W4395074661,Synaptic weight,0.42675477266311646,keyword
W4395074661,Artificial intelligence,0.3781547546386719,keyword
W4395074661,Artificial neural network,0.36762118339538574,keyword
W4395074661,Materials science,0.35543638467788696,keyword
W4395074661,Nanotechnology,0.33128198981285095,keyword
W4395074661,Electrical engineering,0.1894647181034088,keyword
W4395074661,Engineering,0.1527652144432068,keyword
W4395074661,Voltage,0.1506582498550415,keyword
W4395074661,Advanced Memory and Neural Computing,1.0,topic
W4395074661,Photoreceptor and optogenetics research,0.9940000176429749,topic
W4395074661,Neural Networks and Reservoir Computing,0.9933000206947327,topic
W3175229860,Domain wall (magnetism),0.7700668573379517,keyword
W3175229860,Tunnel magnetoresistance,0.6319441795349121,keyword
W3175229860,Magnetoresistive random-access memory,0.5444555878639221,keyword
W3175229860,Materials science,0.5373761653900146,keyword
W3175229860,Magnetoresistance,0.5333381295204163,keyword
W3175229860,Quantum tunnelling,0.5243763327598572,keyword
W3175229860,Magnetic storage,0.5178577899932861,keyword
W3175229860,Magnetic domain,0.5155037045478821,keyword
W3175229860,Tunnel junction,0.4971649944782257,keyword
W3175229860,Spin-transfer torque,0.4900621175765991,keyword
W3175229860,Torque,0.47694674134254456,keyword
W3175229860,Condensed matter physics,0.4674328863620758,keyword
W3175229860,Domain (mathematical analysis),0.45317015051841736,keyword
W3175229860,Perpendicular,0.42043715715408325,keyword
W3175229860,Optoelectronics,0.38827162981033325,keyword
W3175229860,Layer (electronics),0.37183046340942383,keyword
W3175229860,Physics,0.36487191915512085,keyword
W3175229860,Computer science,0.29023611545562744,keyword
W3175229860,Nanotechnology,0.2715202569961548,keyword
W3175229860,Magnetization,0.17111149430274963,keyword
W3175229860,Magnetic field,0.1589558720588684,keyword
W3175229860,Random access memory,0.11132246255874634,keyword
W3175229860,Geometry,0.08118835091590881,keyword
W3175229860,Magnetic properties of thin films,1.0,topic
W3175229860,Advanced Memory and Neural Computing,0.9966999888420105,topic
W3175229860,Advanced Data Storage Technologies,0.9883000254631042,topic
W4283017935,Responsivity,0.8119066953659058,keyword
W4283017935,Optoelectronics,0.7361636161804199,keyword
W4283017935,Photodiode,0.7200038433074951,keyword
W4283017935,Materials science,0.6979409456253052,keyword
W4283017935,Photodetector,0.6698739528656006,keyword
W4283017935,Doping,0.5767463445663452,keyword
W4283017935,Ultraviolet,0.5479077696800232,keyword
W4283017935,Dark current,0.4865252375602722,keyword
W4283017935,Optics,0.43998631834983826,keyword
W4283017935,Detector,0.430502712726593,keyword
W4283017935,Quantum efficiency,0.4184269905090332,keyword
W4283017935,Physics,0.17221727967262268,keyword
W4283017935,Ga2O3 and related materials,1.0,topic
W4283017935,ZnO doping and properties,0.9998999834060669,topic
W4283017935,Advanced Photocatalysis Techniques,0.9976000189781189,topic
W4283773174,Reservoir computing,0.8078341484069824,keyword
W4283773174,Computer science,0.7368531227111816,keyword
W4283773174,Field (mathematics),0.5700066685676575,keyword
W4283773174,Exploit,0.5651642084121704,keyword
W4283773174,Artificial neural network,0.5390403270721436,keyword
W4283773174,Nonlinear system,0.5193372964859009,keyword
W4283773174,Task (project management),0.5132905840873718,keyword
W4283773174,Artificial intelligence,0.4788239300251007,keyword
W4283773174,Feed forward,0.41209617257118225,keyword
W4283773174,Recurrent neural network,0.3761937916278839,keyword
W4283773174,Control engineering,0.22563868761062622,keyword
W4283773174,Systems engineering,0.13678786158561707,keyword
W4283773174,Engineering,0.11937984824180603,keyword
W4283773174,Neural Networks and Reservoir Computing,1.0,topic
W4283773174,Advanced Memory and Neural Computing,0.9983000159263611,topic
W4283773174,Neural dynamics and brain function,0.98580002784729,topic
W4401218959,Wearable computer,0.7029346823692322,keyword
W4401218959,Computer science,0.632604718208313,keyword
W4401218959,Wearable technology,0.6180179715156555,keyword
W4401218959,Electronics,0.5263366103172302,keyword
W4401218959,Embedded system,0.4821031391620636,keyword
W4401218959,Human–computer interaction,0.33933913707733154,keyword
W4401218959,Engineering,0.21920394897460938,keyword
W4401218959,Electrical engineering,0.178433358669281,keyword
W4401218959,Advanced Sensor and Energy Harvesting Materials,0.9998000264167786,topic
W4401218959,Transcranial Magnetic Stimulation Studies,0.9810000061988831,topic
W4401218959,Conducting polymers and applications,0.9639999866485596,topic
W3004869252,Microscale chemistry,0.8655732274055481,keyword
W3004869252,Microelectrode,0.6851902008056641,keyword
W3004869252,Intracellular,0.6692132353782654,keyword
W3004869252,Multielectrode array,0.5320568680763245,keyword
W3004869252,Materials science,0.46247923374176025,keyword
W3004869252,Microelectromechanical systems,0.4555777609348297,keyword
W3004869252,Computer science,0.4427802562713623,keyword
W3004869252,Electrode,0.4325811266899109,keyword
W3004869252,Biomedical engineering,0.4002302885055542,keyword
W3004869252,Nanotechnology,0.33399859070777893,keyword
W3004869252,Chemistry,0.19002625346183777,keyword
W3004869252,Engineering,0.10310056805610657,keyword
W3004869252,Neuroscience and Neural Engineering,1.0,topic
W3004869252,Neural dynamics and brain function,0.9993000030517578,topic
W3004869252,EEG and Brain-Computer Interfaces,0.9966999888420105,topic
W3088720919,Neuromorphic engineering,0.8504284620285034,keyword
W3088720919,Tin,0.6845612525939941,keyword
W3088720919,Zinc,0.6839361190795898,keyword
W3088720919,Tin oxide,0.4699915647506714,keyword
W3088720919,Materials science,0.4502217769622803,keyword
W3088720919,Computer science,0.4051536023616791,keyword
W3088720919,Optoelectronics,0.4034252464771271,keyword
W3088720919,Oxide,0.2729085683822632,keyword
W3088720919,Metallurgy,0.1618315577507019,keyword
W3088720919,Artificial neural network,0.15434938669204712,keyword
W3088720919,Artificial intelligence,0.09745973348617554,keyword
W3088720919,Advanced Memory and Neural Computing,1.0,topic
W3088720919,Neuroscience and Neural Engineering,0.9983999729156494,topic
W3088720919,CCD and CMOS Imaging Sensors,0.9947999715805054,topic
W4379599414,Neuromorphic engineering,0.906767725944519,keyword
W4379599414,Ferroelectricity,0.8024545907974243,keyword
W4379599414,Materials science,0.6610797643661499,keyword
W4379599414,Transistor,0.602738618850708,keyword
W4379599414,Optoelectronics,0.5260267853736877,keyword
W4379599414,Computer science,0.4499087929725647,keyword
W4379599414,Neural facilitation,0.44008195400238037,keyword
W4379599414,Artificial neural network,0.4294782280921936,keyword
W4379599414,Field-effect transistor,0.41242292523384094,keyword
W4379599414,Electronic engineering,0.3612012565135956,keyword
W4379599414,Electrical engineering,0.34652554988861084,keyword
W4379599414,Voltage,0.3077681064605713,keyword
W4379599414,Long-term potentiation,0.2418646514415741,keyword
W4379599414,Artificial intelligence,0.2412613332271576,keyword
W4379599414,Engineering,0.2003912329673767,keyword
W4379599414,Chemistry,0.16617411375045776,keyword
W4379599414,Dielectric,0.07696151733398438,keyword
W4379599414,Advanced Memory and Neural Computing,1.0,topic
W4379599414,Ferroelectric and Negative Capacitance Devices,0.9998000264167786,topic
W4379599414,Neural Networks and Reservoir Computing,0.9972000122070312,topic
W4220680900,Flexibility (engineering),0.703390896320343,keyword
W4220680900,Electronics,0.6164793372154236,keyword
W4220680900,Starch,0.5469338297843933,keyword
W4220680900,Environmentally friendly,0.4923187494277954,keyword
W4220680900,Wearable technology,0.4457206130027771,keyword
W4220680900,Biochemical engineering,0.4436675012111664,keyword
W4220680900,Nanotechnology,0.42585262656211853,keyword
W4220680900,Computer science,0.41115567088127136,keyword
W4220680900,Materials science,0.35611462593078613,keyword
W4220680900,Process engineering,0.3515447676181793,keyword
W4220680900,Wearable computer,0.3341010510921478,keyword
W4220680900,Engineering,0.26223069429397583,keyword
W4220680900,Embedded system,0.19551998376846313,keyword
W4220680900,Electrical engineering,0.17799189686775208,keyword
W4220680900,Chemistry,0.12169462442398071,keyword
W4220680900,Mathematics,0.06899949908256531,keyword
W4220680900,Ecology,0.06818869709968567,keyword
W4220680900,Advanced Sensor and Energy Harvesting Materials,0.9994999766349792,topic
W4220680900,Conducting polymers and applications,0.9883000254631042,topic
W4220680900,Supercapacitor Materials and Fabrication,0.9340999722480774,topic
W4322207850,Microelectronics,0.7100849151611328,keyword
W4322207850,Materials science,0.6816534996032715,keyword
W4322207850,Memristor,0.6493149995803833,keyword
W4322207850,Printed electronics,0.6103978753089905,keyword
W4322207850,Nanotechnology,0.5969042778015137,keyword
W4322207850,Laser,0.5759860873222351,keyword
W4322207850,Electronics,0.5599091053009033,keyword
W4322207850,Bioelectronics,0.5386526584625244,keyword
W4322207850,Selective laser sintering,0.4303797483444214,keyword
W4322207850,Optoelectronics,0.41280683875083923,keyword
W4322207850,Computer science,0.34291183948516846,keyword
W4322207850,Inkwell,0.31711703538894653,keyword
W4322207850,Electrical engineering,0.17358064651489258,keyword
W4322207850,Optics,0.102428138256073,keyword
W4322207850,Sintering,0.10067522525787354,keyword
W4322207850,Engineering,0.08778804540634155,keyword
W4322207850,Advanced Memory and Neural Computing,1.0,topic
W4322207850,Neuroscience and Neural Engineering,0.9994999766349792,topic
W4322207850,Physical Unclonable Functions (PUFs) and Hardware Security,0.9965999722480774,topic
W3019900940,Optoelectronics,0.7177212834358215,keyword
W3019900940,Light-emitting diode,0.6920101642608643,keyword
W3019900940,Diode,0.5624989867210388,keyword
W3019900940,Infrared,0.5424116849899292,keyword
W3019900940,Optics,0.4918077290058136,keyword
W3019900940,Materials science,0.4902496933937073,keyword
W3019900940,Far infrared,0.4901140630245209,keyword
W3019900940,Visible light communication,0.48119884729385376,keyword
W3019900940,Visible spectrum,0.4198223948478699,keyword
W3019900940,Telecommunications,0.3661573827266693,keyword
W3019900940,Computer science,0.23217973113059998,keyword
W3019900940,Physics,0.21716967225074768,keyword
W3019900940,Organic Light-Emitting Diodes Research,0.9950000047683716,topic
W3019900940,Semiconductor Lasers and Optical Devices,0.9902999997138977,topic
W3019900940,Optical Wireless Communication Technologies,0.98580002784729,topic
W4306292623,Neuromorphic engineering,0.9503189325332642,keyword
W4306292623,Computer science,0.6418137550354004,keyword
W4306292623,Redundancy (engineering),0.5568721890449524,keyword
W4306292623,Machine vision,0.5265828967094421,keyword
W4306292623,Image sensor,0.48730242252349854,keyword
W4306292623,Image processing,0.4227403700351715,keyword
W4306292623,Artificial intelligence,0.41076022386550903,keyword
W4306292623,Embedded system,0.3520982265472412,keyword
W4306292623,Computer vision,0.33511561155319214,keyword
W4306292623,Artificial neural network,0.12979158759117126,keyword
W4306292623,Image (mathematics),0.09244543313980103,keyword
W4306292623,Advanced Memory and Neural Computing,1.0,topic
W4306292623,Neuroscience and Neural Engineering,0.9965999722480774,topic
W4306292623,CCD and CMOS Imaging Sensors,0.9955000281333923,topic
W4412949804,Electronics,0.6835364699363708,keyword
W4412949804,Transistor,0.6075472235679626,keyword
W4412949804,Nanotechnology,0.5720000863075256,keyword
W4412949804,Materials science,0.4740331470966339,keyword
W4412949804,Organic electronics,0.46632272005081177,keyword
W4412949804,Stretchable electronics,0.4557284116744995,keyword
W4412949804,Engineering,0.3155025839805603,keyword
W4412949804,Electrical engineering,0.23755434155464172,keyword
W4412949804,Voltage,0.04636120796203613,keyword
W4412949804,Advanced Sensor and Energy Harvesting Materials,1.0,topic
W4412949804,Conducting polymers and applications,0.9993000030517578,topic
W4412949804,Advanced Memory and Neural Computing,0.9980999827384949,topic
W4388455102,Biosensor,0.8336221575737,keyword
W4388455102,Wearable computer,0.7610466480255127,keyword
W4388455102,Nanotechnology,0.5867587327957153,keyword
W4388455102,Computer science,0.5226568579673767,keyword
W4388455102,Wearable technology,0.4163796901702881,keyword
W4388455102,Materials science,0.24208486080169678,keyword
W4388455102,Embedded system,0.1752423346042633,keyword
W4388455102,Advanced Sensor and Energy Harvesting Materials,0.9998000264167786,topic
W4388455102,Nanowire Synthesis and Applications,0.9907000064849854,topic
W4388455102,Gas Sensing Nanomaterials and Sensors,0.9753999710083008,topic
W3089504726,Fabrication,0.7267391681671143,keyword
W3089504726,Neuromorphic engineering,0.7013728022575378,keyword
W3089504726,Nanotechnology,0.6393225193023682,keyword
W3089504726,Resistive random-access memory,0.5972750782966614,keyword
W3089504726,Computer science,0.5395179986953735,keyword
W3089504726,Titanium dioxide,0.5143254995346069,keyword
W3089504726,Memristor,0.47340402007102966,keyword
W3089504726,Milestone,0.46300485730171204,keyword
W3089504726,Materials science,0.40966469049453735,keyword
W3089504726,Electronic engineering,0.1899299919605255,keyword
W3089504726,Engineering,0.17127835750579834,keyword
W3089504726,Artificial intelligence,0.1571160852909088,keyword
W3089504726,Electrical engineering,0.15695717930793762,keyword
W3089504726,Voltage,0.09385642409324646,keyword
W3089504726,Advanced Memory and Neural Computing,1.0,topic
W3089504726,Transition Metal Oxide Nanomaterials,0.9891999959945679,topic
W3089504726,Ferroelectric and Negative Capacitance Devices,0.9890999794006348,topic
W4285093551,Ferroelectricity,0.9338697195053101,keyword
W4285093551,Miniaturization,0.7760345935821533,keyword
W4285093551,Materials science,0.625796377658844,keyword
W4285093551,Ferroelectric capacitor,0.6224438548088074,keyword
W4285093551,Non-volatile memory,0.5995228886604309,keyword
W4285093551,Transistor,0.546924352645874,keyword
W4285093551,Nanotechnology,0.4583418369293213,keyword
W4285093551,Optoelectronics,0.44147005677223206,keyword
W4285093551,Computer science,0.3612648546695709,keyword
W4285093551,Electrical engineering,0.311282753944397,keyword
W4285093551,Dielectric,0.27810436487197876,keyword
W4285093551,Engineering,0.12646326422691345,keyword
W4285093551,Voltage,0.1245546042919159,keyword
W4285093551,2D Materials and Applications,0.9998000264167786,topic
W4285093551,Ferroelectric and Piezoelectric Materials,0.9997000098228455,topic
W4285093551,Advanced Memory and Neural Computing,0.9994999766349792,topic
W4385272338,Stretchable electronics,0.683417797088623,keyword
W4385272338,Electronics,0.5798318982124329,keyword
W4385272338,Nanotechnology,0.5629950761795044,keyword
W4385272338,Soft robotics,0.4765232801437378,keyword
W4385272338,Materials science,0.46721115708351135,keyword
W4385272338,Soft materials,0.41915518045425415,keyword
W4385272338,Computer science,0.3696790337562561,keyword
W4385272338,Electrical engineering,0.18431627750396729,keyword
W4385272338,Engineering,0.17934831976890564,keyword
W4385272338,Artificial intelligence,0.15090590715408325,keyword
W4385272338,Robot,0.09283691644668579,keyword
W4385272338,Advanced Sensor and Energy Harvesting Materials,1.0,topic
W4385272338,Conducting polymers and applications,0.9976999759674072,topic
W4385272338,Neuroscience and Neural Engineering,0.9919999837875366,topic
W4362506137,Biocompatible material,0.7977709174156189,keyword
W4362506137,Biosensor,0.7797297835350037,keyword
W4362506137,Wearable computer,0.7550931572914124,keyword
W4362506137,Context (archaeology),0.6634174585342407,keyword
W4362506137,Wearable technology,0.6412810683250427,keyword
W4362506137,Nanotechnology,0.564846396446228,keyword
W4362506137,Computer science,0.44446516036987305,keyword
W4362506137,Materials science,0.3609165549278259,keyword
W4362506137,Systems engineering,0.3424895107746124,keyword
W4362506137,Engineering,0.24513602256774902,keyword
W4362506137,Embedded system,0.21041041612625122,keyword
W4362506137,Biomedical engineering,0.17272400856018066,keyword
W4362506137,Advanced Sensor and Energy Harvesting Materials,0.9998999834060669,topic
W4362506137,Conducting polymers and applications,0.9983999729156494,topic
W4362506137,Gas Sensing Nanomaterials and Sensors,0.9958999752998352,topic
W3000472543,Acceleration,0.6247493028640747,keyword
W3000472543,Autopilot,0.600018322467804,keyword
W3000472543,Robotics,0.5687592029571533,keyword
W3000472543,Power (physics),0.5435519218444824,keyword
W3000472543,Electrical engineering,0.4602137804031372,keyword
W3000472543,Computer science,0.45525065064430237,keyword
W3000472543,Transistor,0.44532954692840576,keyword
W3000472543,Voltage,0.38387632369995117,keyword
W3000472543,Physics,0.30425986647605896,keyword
W3000472543,Artificial intelligence,0.241652250289917,keyword
W3000472543,Robot,0.1715603470802307,keyword
W3000472543,Engineering,0.15214598178863525,keyword
W3000472543,Control engineering,0.14575883746147156,keyword
W3000472543,Advanced Sensor and Energy Harvesting Materials,0.9998000264167786,topic
W3000472543,Innovative Energy Harvesting Technologies,0.9962999820709229,topic
W3000472543,Mechanical and Optical Resonators,0.9797000288963318,topic
W4402923334,Neuromorphic engineering,0.8417222499847412,keyword
W4402923334,Broadband,0.6639994382858276,keyword
W4402923334,Computer science,0.5319545269012451,keyword
W4402923334,Fusion,0.4806734025478363,keyword
W4402923334,Artificial intelligence,0.34663549065589905,keyword
W4402923334,Telecommunications,0.1676199734210968,keyword
W4402923334,Artificial neural network,0.13719481229782104,keyword
W4402923334,Advanced Memory and Neural Computing,0.9991999864578247,topic
W4402923334,CCD and CMOS Imaging Sensors,0.9970999956130981,topic
W4402923334,Infrared Target Detection Methodologies,0.9970999956130981,topic
W4401736043,Biology,0.6405818462371826,keyword
W4401736043,Microscopy,0.542974054813385,keyword
W4401736043,Fluorescence microscope,0.5176775455474854,keyword
W4401736043,Biological imaging,0.45449912548065186,keyword
W4401736043,Multiphoton fluorescence microscope,0.4335476756095886,keyword
W4401736043,Fluorescence-lifetime imaging microscopy,0.42976823449134827,keyword
W4401736043,Biological sciences,0.4251045286655426,keyword
W4401736043,Nanotechnology,0.42040324211120605,keyword
W4401736043,Neuroscience,0.3639724850654602,keyword
W4401736043,Fluorescence,0.3314015865325928,keyword
W4401736043,Computational biology,0.2601531744003296,keyword
W4401736043,Optics,0.2057989239692688,keyword
W4401736043,Physics,0.1265445351600647,keyword
W4401736043,Materials science,0.1243789792060852,keyword
W4401736043,Advanced Fluorescence Microscopy Techniques,0.9998999834060669,topic
W4401736043,Photoacoustic and Ultrasonic Imaging,0.9969000220298767,topic
W4401736043,Cell Image Analysis Techniques,0.984499990940094,topic
W4324133111,Neuromorphic engineering,0.962921679019928,keyword
W4324133111,Resistive random-access memory,0.9438127279281616,keyword
W4324133111,Computer science,0.5949468612670898,keyword
W4324133111,CMOS,0.5801183581352234,keyword
W4324133111,Non-volatile memory,0.4920961260795593,keyword
W4324133111,Memristor,0.4621051251888275,keyword
W4324133111,Semiconductor memory,0.4200007915496826,keyword
W4324133111,Computer architecture,0.4176703989505768,keyword
W4324133111,Resistive touchscreen,0.41469189524650574,keyword
W4324133111,Electronic engineering,0.4005105197429657,keyword
W4324133111,Nanotechnology,0.36939728260040283,keyword
W4324133111,Electrical engineering,0.3636113405227661,keyword
W4324133111,Materials science,0.35487616062164307,keyword
W4324133111,Engineering,0.23170623183250427,keyword
W4324133111,Computer hardware,0.1800123155117035,keyword
W4324133111,Artificial neural network,0.1461511254310608,keyword
W4324133111,Artificial intelligence,0.1385767161846161,keyword
W4324133111,Voltage,0.07860124111175537,keyword
W4324133111,Advanced Memory and Neural Computing,1.0,topic
W4324133111,Ferroelectric and Negative Capacitance Devices,0.9991999864578247,topic
W4324133111,Electronic and Structural Properties of Oxides,0.9962999820709229,topic
W3012842516,Materials science,0.7698070406913757,keyword
W3012842516,Neuromorphic engineering,0.6727918386459351,keyword
W3012842516,Percolation (cognitive psychology),0.59954833984375,keyword
W3012842516,Ohmic contact,0.5280571579933167,keyword
W3012842516,Resistive touchscreen,0.4777095317840576,keyword
W3012842516,Algorithm,0.3662034273147583,keyword
W3012842516,Nanotechnology,0.3264696002006531,keyword
W3012842516,Computer science,0.2225070595741272,keyword
W3012842516,Artificial intelligence,0.20862716436386108,keyword
W3012842516,Artificial neural network,0.10505026578903198,keyword
W3012842516,Advanced Memory and Neural Computing,1.0,topic
W3012842516,Photoreceptor and optogenetics research,0.9983999729156494,topic
W3012842516,Neural dynamics and brain function,0.9983000159263611,topic
W4392014574,Nanotechnology,0.8027722835540771,keyword
W4392014574,Biomedicine,0.605766236782074,keyword
W4392014574,Biocompatibility,0.567112922668457,keyword
W4392014574,Materials science,0.5392275452613831,keyword
W4392014574,Drug delivery,0.4763084650039673,keyword
W4392014574,Nanocomposite,0.4336099624633789,keyword
W4392014574,Biocompatible material,0.41284775733947754,keyword
W4392014574,Biochemical engineering,0.3311871290206909,keyword
W4392014574,Engineering,0.16093426942825317,keyword
W4392014574,Bioinformatics,0.11858540773391724,keyword
W4392014574,Biomedical engineering,0.11599433422088623,keyword
W4392014574,Nanoparticles: synthesis and applications,0.9995999932289124,topic
W4392014574,Advanced Nanomaterials in Catalysis,0.9959999918937683,topic
W4392014574,Graphene and Nanomaterials Applications,0.991100013256073,topic
W4387772669,Computer science,0.7181512117385864,keyword
W4387772669,Photonics,0.5862903594970703,keyword
W4387772669,Multiplexing,0.5859086513519287,keyword
W4387772669,Leverage (statistics),0.547821044921875,keyword
W4387772669,Parallel computing,0.47127765417099,keyword
W4387772669,Convolutional neural network,0.4631243646144867,keyword
W4387772669,Convolution (computer science),0.4306928217411041,keyword
W4387772669,Computer hardware,0.40073126554489136,keyword
W4387772669,Computational science,0.3644106388092041,keyword
W4387772669,Artificial neural network,0.29273152351379395,keyword
W4387772669,Artificial intelligence,0.18592339754104614,keyword
W4387772669,Physics,0.1179787814617157,keyword
W4387772669,Optics,0.1036410927772522,keyword
W4387772669,Telecommunications,0.09855514764785767,keyword
W4387772669,Neural Networks and Reservoir Computing,1.0,topic
W4387772669,Optical Network Technologies,0.9983999729156494,topic
W4387772669,Photonic and Optical Devices,0.9972000122070312,topic
W3141496503,Nanotechnology,0.739090085029602,keyword
W3141496503,Nanoelectronics,0.531782865524292,keyword
W3141496503,Computer science,0.515549898147583,keyword
W3141496503,Electrophysiology,0.4682634472846985,keyword
W3141496503,Materials science,0.42255839705467224,keyword
W3141496503,Nanoscopic scale,0.411182701587677,keyword
W3141496503,Neuroscience,0.1940702199935913,keyword
W3141496503,Biology,0.09525570273399353,keyword
W3141496503,Neuroscience and Neural Engineering,1.0,topic
W3141496503,Advanced Memory and Neural Computing,0.9998000264167786,topic
W3141496503,Neural dynamics and brain function,0.9990000128746033,topic
W4307722955,Amperometry,0.7534159421920776,keyword
W4307722955,Chronoamperometry,0.7008197903633118,keyword
W4307722955,Nanotechnology,0.601060152053833,keyword
W4307722955,Electrochemical gas sensor,0.5599091053009033,keyword
W4307722955,Materials science,0.5404845476150513,keyword
W4307722955,Nanocomposite,0.4767521321773529,keyword
W4307722955,Computer science,0.46602368354797363,keyword
W4307722955,Neuroscience,0.4530267119407654,keyword
W4307722955,Electrode,0.3964371085166931,keyword
W4307722955,Electrochemistry,0.37627750635147095,keyword
W4307722955,Chemistry,0.2524403929710388,keyword
W4307722955,Cyclic voltammetry,0.20764556527137756,keyword
W4307722955,Biology,0.17281612753868103,keyword
W4307722955,Electrochemical sensors and biosensors,0.9998999834060669,topic
W4307722955,Conducting polymers and applications,0.9997000098228455,topic
W4307722955,Electrochemical Analysis and Applications,0.9994999766349792,topic
W3087636483,Bioelectronics,0.6373187303543091,keyword
W3087636483,Materials science,0.6219663619995117,keyword
W3087636483,Biocompatible material,0.5978541374206543,keyword
W3087636483,Rapid prototyping,0.5826287865638733,keyword
W3087636483,Nanotechnology,0.5773078203201294,keyword
W3087636483,Electrode,0.5626839399337769,keyword
W3087636483,Microelectrode,0.5259233713150024,keyword
W3087636483,Microfluidics,0.5105798840522766,keyword
W3087636483,Biomedical engineering,0.4962165951728821,keyword
W3087636483,Computer science,0.35593122243881226,keyword
W3087636483,Biosensor,0.19734233617782593,keyword
W3087636483,Chemistry,0.1522286832332611,keyword
W3087636483,Engineering,0.1126595139503479,keyword
W3087636483,Composite material,0.08192473649978638,keyword
W3087636483,Neuroscience and Neural Engineering,0.9998999834060669,topic
W3087636483,Advanced Sensor and Energy Harvesting Materials,0.9987000226974487,topic
W3087636483,Advanced Memory and Neural Computing,0.994700014591217,topic
W4293102075,Perylene,0.9336940050125122,keyword
W4293102075,Graphene,0.8494482040405273,keyword
W4293102075,Oxide,0.5814511775970459,keyword
W4293102075,Nanotechnology,0.42502644658088684,keyword
W4293102075,Materials science,0.4104403257369995,keyword
W4293102075,Chemistry,0.37489864230155945,keyword
W4293102075,Molecule,0.10639363527297974,keyword
W4293102075,Organic chemistry,0.046481311321258545,keyword
W4293102075,Advanced Memory and Neural Computing,0.9998000264167786,topic
W4293102075,Perovskite Materials and Applications,0.9990000128746033,topic
W4293102075,Organic Electronics and Photovoltaics,0.996999979019165,topic
W4312127995,Materials science,0.8053569793701172,keyword
W4312127995,Electroforming,0.6566988825798035,keyword
W4312127995,Resistive random-access memory,0.6208014488220215,keyword
W4312127995,Memristor,0.6162725687026978,keyword
W4312127995,Synaptic weight,0.5743528008460999,keyword
W4312127995,Neural facilitation,0.5673762559890747,keyword
W4312127995,Optoelectronics,0.5517615079879761,keyword
W4312127995,Neuromorphic engineering,0.5407168865203857,keyword
W4312127995,Voltage,0.4695741832256317,keyword
W4312127995,Pulse (music),0.45917418599128723,keyword
W4312127995,Long-term potentiation,0.4558904767036438,keyword
W4312127995,Nanotechnology,0.2839285135269165,keyword
W4312127995,Electrical engineering,0.24428236484527588,keyword
W4312127995,Layer (electronics),0.230087012052536,keyword
W4312127995,Computer science,0.18669769167900085,keyword
W4312127995,Chemistry,0.09110182523727417,keyword
W4312127995,Advanced Memory and Neural Computing,1.0,topic
W4312127995,CCD and CMOS Imaging Sensors,0.9976000189781189,topic
W4312127995,Photoreceptor and optogenetics research,0.9973999857902527,topic
W4385496633,Neuromorphic engineering,0.8470042943954468,keyword
W4385496633,Computer science,0.7604067921638489,keyword
W4385496633,Von Neumann architecture,0.6727612018585205,keyword
W4385496633,Bottleneck,0.5977438688278198,keyword
W4385496633,Adaptability,0.4999401569366455,keyword
W4385496633,Artificial intelligence,0.422769695520401,keyword
W4385496633,Human–computer interaction,0.3728106617927551,keyword
W4385496633,Computer architecture,0.36858415603637695,keyword
W4385496633,Embedded system,0.3588542938232422,keyword
W4385496633,Artificial neural network,0.2520521879196167,keyword
W4385496633,Advanced Memory and Neural Computing,0.9998999834060669,topic
W4385496633,CCD and CMOS Imaging Sensors,0.9962999820709229,topic
W4385496633,Neural Networks and Reservoir Computing,0.9947999715805054,topic
W4413868468,Nanowire,0.7893499135971069,keyword
W4413868468,Gallium nitride,0.6850573420524597,keyword
W4413868468,Materials science,0.5848124027252197,keyword
W4413868468,Nanotechnology,0.5621525645256042,keyword
W4413868468,Action (physics),0.4862350523471832,keyword
W4413868468,Gallium,0.47294092178344727,keyword
W4413868468,Nitride,0.43125879764556885,keyword
W4413868468,Optoelectronics,0.42297104001045227,keyword
W4413868468,Physics,0.1582547426223755,keyword
W4413868468,Layer (electronics),0.05707690119743347,keyword
W4413868468,Advanced Memory and Neural Computing,0.9988999962806702,topic
W4413868468,CCD and CMOS Imaging Sensors,0.994700014591217,topic
W4413868468,Nanowire Synthesis and Applications,0.9921000003814697,topic
W3082376712,Neuromorphic engineering,0.9782912135124207,keyword
W3082376712,Memristor,0.8517475128173828,keyword
W3082376712,Resistive random-access memory,0.7682592868804932,keyword
W3082376712,Computer science,0.6744409203529358,keyword
W3082376712,Phase-change memory,0.613525390625,keyword
W3082376712,Magnetoresistive random-access memory,0.5613911747932434,keyword
W3082376712,Random access memory,0.4608805179595947,keyword
W3082376712,In-Memory Processing,0.45460787415504456,keyword
W3082376712,Computer architecture,0.4153617322444916,keyword
W3082376712,Artificial neural network,0.3535744547843933,keyword
W3082376712,Electronic engineering,0.3376099169254303,keyword
W3082376712,Computer hardware,0.2525838613510132,keyword
W3082376712,Electrical engineering,0.2456214725971222,keyword
W3082376712,Artificial intelligence,0.22385504841804504,keyword
W3082376712,Phase change,0.1716005802154541,keyword
W3082376712,Search engine,0.1514803171157837,keyword
W3082376712,Voltage,0.14090001583099365,keyword
W3082376712,Engineering,0.13790583610534668,keyword
W3082376712,Engineering physics,0.0806674063205719,keyword
W3082376712,Advanced Memory and Neural Computing,1.0,topic
W3082376712,Ferroelectric and Negative Capacitance Devices,0.9987999796867371,topic
W3082376712,Neural Networks and Reservoir Computing,0.9962999820709229,topic
W4309471959,Neuromorphic engineering,0.8783032894134521,keyword
W4309471959,Ferroelectricity,0.8228769302368164,keyword
W4309471959,Capacitor,0.6911051273345947,keyword
W4309471959,Transistor,0.5960749983787537,keyword
W4309471959,Materials science,0.5956772565841675,keyword
W4309471959,Computer science,0.542730987071991,keyword
W4309471959,Reset (finance),0.4815433621406555,keyword
W4309471959,Memristor,0.4555893540382385,keyword
W4309471959,Depolarization,0.4280550181865692,keyword
W4309471959,Artificial neural network,0.3757411539554596,keyword
W4309471959,Optoelectronics,0.3714955449104309,keyword
W4309471959,Electrical engineering,0.3018694818019867,keyword
W4309471959,Artificial intelligence,0.18738579750061035,keyword
W4309471959,Voltage,0.16609221696853638,keyword
W4309471959,Engineering,0.09451279044151306,keyword
W4309471959,Dielectric,0.07157966494560242,keyword
W4309471959,Advanced Memory and Neural Computing,1.0,topic
W4309471959,Ferroelectric and Negative Capacitance Devices,1.0,topic
W4309471959,Semiconductor materials and devices,0.998199999332428,topic
W4220762598,Reservoir computing,0.9626069068908691,keyword
W4220762598,Neuromorphic engineering,0.770263671875,keyword
W4220762598,Computer science,0.7375500202178955,keyword
W4220762598,Benchmark (surveying),0.6322298049926758,keyword
W4220762598,Reconfigurable computing,0.47706925868988037,keyword
W4220762598,Chaotic,0.4217430055141449,keyword
W4220762598,Nonlinear system,0.4198964834213257,keyword
W4220762598,Computer hardware,0.4072049558162689,keyword
W4220762598,Computer engineering,0.35194161534309387,keyword
W4220762598,Computational science,0.3503897190093994,keyword
W4220762598,Parallel computing,0.34137964248657227,keyword
W4220762598,Artificial neural network,0.31325235962867737,keyword
W4220762598,Field-programmable gate array,0.24470531940460205,keyword
W4220762598,Artificial intelligence,0.22158384323120117,keyword
W4220762598,Recurrent neural network,0.1644931137561798,keyword
W4220762598,Neural Networks and Reservoir Computing,1.0,topic
W4220762598,Advanced Memory and Neural Computing,0.9979000091552734,topic
W4220762598,Neural dynamics and brain function,0.973800003528595,topic
W4321850928,Interfacing,0.884826123714447,keyword
W4321850928,Electronics,0.6202049851417542,keyword
W4321850928,Neuromorphic engineering,0.5465589761734009,keyword
W4321850928,Computer science,0.5376841425895691,keyword
W4321850928,Nanotechnology,0.4951895773410797,keyword
W4321850928,Memristor,0.4782535135746002,keyword
W4321850928,Computer architecture,0.46773964166641235,keyword
W4321850928,Digital signal processing,0.4385811388492584,keyword
W4321850928,Signal processing,0.41995713114738464,keyword
W4321850928,Electronic engineering,0.3256901800632477,keyword
W4321850928,Artificial neural network,0.3207213878631592,keyword
W4321850928,Artificial intelligence,0.2882598638534546,keyword
W4321850928,Materials science,0.27682989835739136,keyword
W4321850928,Electrical engineering,0.2742684483528137,keyword
W4321850928,Engineering,0.22535136342048645,keyword
W4321850928,Computer hardware,0.21421250700950623,keyword
W4321850928,Advanced Memory and Neural Computing,1.0,topic
W4321850928,Photoreceptor and optogenetics research,0.9991000294685364,topic
W4321850928,Neuroscience and Neural Engineering,0.9990000128746033,topic
W4353020721,Neuromorphic engineering,0.9871139526367188,keyword
W4353020721,Spintronics,0.7682474255561829,keyword
W4353020721,Power (physics),0.5152266621589661,keyword
W4353020721,Coupling (piping),0.497151643037796,keyword
W4353020721,Materials science,0.47319599986076355,keyword
W4353020721,Optoelectronics,0.46217647194862366,keyword
W4353020721,Energy (signal processing),0.4507274627685547,keyword
W4353020721,Domain wall (magnetism),0.44305017590522766,keyword
W4353020721,Computer science,0.375662624835968,keyword
W4353020721,Physics,0.373148113489151,keyword
W4353020721,Electrical engineering,0.36058008670806885,keyword
W4353020721,Condensed matter physics,0.23349496722221375,keyword
W4353020721,Artificial neural network,0.17545706033706665,keyword
W4353020721,Magnetic field,0.16400480270385742,keyword
W4353020721,Engineering,0.14273688197135925,keyword
W4353020721,Ferromagnetism,0.11092084646224976,keyword
W4353020721,Artificial intelligence,0.09238091111183167,keyword
W4353020721,Quantum mechanics,0.08197483420372009,keyword
W4353020721,Advanced Memory and Neural Computing,0.9998999834060669,topic
W4353020721,Magnetic properties of thin films,0.9995999932289124,topic
W4353020721,Ferroelectric and Negative Capacitance Devices,0.9994000196456909,topic
W4387757345,Neuromorphic engineering,0.9317108392715454,keyword
W4387757345,Computer science,0.47717586159706116,keyword
W4387757345,Nanotechnology,0.35363703966140747,keyword
W4387757345,Materials science,0.2924111783504486,keyword
W4387757345,Artificial intelligence,0.2823669910430908,keyword
W4387757345,Artificial neural network,0.19997483491897583,keyword
W4387757345,Advanced Memory and Neural Computing,0.9998999834060669,topic
W4387757345,Ferroelectric and Negative Capacitance Devices,0.9986000061035156,topic
W4387757345,Modular Robots and Swarm Intelligence,0.9962000250816345,topic
W4404872267,Neuromorphic engineering,0.8558393716812134,keyword
W4404872267,Optoelectronics,0.6204370260238647,keyword
W4404872267,Computer science,0.5953330993652344,keyword
W4404872267,Voltage,0.5654510259628296,keyword
W4404872267,Heterojunction,0.5611213445663452,keyword
W4404872267,Materials science,0.5584050416946411,keyword
W4404872267,Pixel,0.5403954982757568,keyword
W4404872267,Light intensity,0.4541482627391815,keyword
W4404872267,Computer vision,0.45159268379211426,keyword
W4404872267,Biasing,0.4255823791027069,keyword
W4404872267,Artificial intelligence,0.4231109023094177,keyword
W4404872267,Brightness,0.41297653317451477,keyword
W4404872267,Optics,0.3337135314941406,keyword
W4404872267,Physics,0.29410606622695923,keyword
W4404872267,Artificial neural network,0.1666584312915802,keyword
W4404872267,Advanced Memory and Neural Computing,0.9998999834060669,topic
W4404872267,CCD and CMOS Imaging Sensors,0.9977999925613403,topic
W4404872267,Transition Metal Oxide Nanomaterials,0.9976000189781189,topic
W4388140215,Neuromorphic engineering,0.8607144355773926,keyword
W4388140215,MNIST database,0.7577019333839417,keyword
W4388140215,Computer science,0.6850106716156006,keyword
W4388140215,Sequence learning,0.5449000000953674,keyword
W4388140215,Artificial intelligence,0.5086837410926819,keyword
W4388140215,Task (project management),0.4948076605796814,keyword
W4388140215,Sequence (biology),0.46023985743522644,keyword
W4388140215,Deep learning,0.4487810730934143,keyword
W4388140215,Artificial neural network,0.40773385763168335,keyword
W4388140215,Biology,0.08927717804908752,keyword
W4388140215,Advanced Memory and Neural Computing,1.0,topic
W4388140215,Neural Networks and Reservoir Computing,0.9995999932289124,topic
W4388140215,Ferroelectric and Negative Capacitance Devices,0.998199999332428,topic
W3125136861,Neuromorphic engineering,0.7853173017501831,keyword
W3125136861,Materials science,0.7634522318840027,keyword
W3125136861,Memristor,0.730527400970459,keyword
W3125136861,Nanoporous,0.5271353721618652,keyword
W3125136861,Synaptic plasticity,0.5221612453460693,keyword
W3125136861,Oxide,0.492343544960022,keyword
W3125136861,Nanotechnology,0.4794529974460602,keyword
W3125136861,Neurotransmission,0.46092793345451355,keyword
W3125136861,Stack (abstract data type),0.44864165782928467,keyword
W3125136861,Layer (electronics),0.4382012188434601,keyword
W3125136861,Computer science,0.22652000188827515,keyword
W3125136861,Artificial neural network,0.15058276057243347,keyword
W3125136861,Electronic engineering,0.13132283091545105,keyword
W3125136861,Artificial intelligence,0.11581727862358093,keyword
W3125136861,Biology,0.0943354070186615,keyword
W3125136861,Advanced Memory and Neural Computing,1.0,topic
W3125136861,Ferroelectric and Negative Capacitance Devices,0.9975000023841858,topic
W3125136861,Neuroscience and Neural Engineering,0.9965000152587891,topic
W4205949979,Neuromorphic engineering,0.7327336072921753,keyword
W4205949979,Materials science,0.7291174530982971,keyword
W4205949979,Capacitive sensing,0.5442308783531189,keyword
W4205949979,Optoelectronics,0.5289509296417236,keyword
W4205949979,Photodetector,0.45142996311187744,keyword
W4205949979,Retina,0.42014044523239136,keyword
W4205949979,Nanocomposite,0.413513720035553,keyword
W4205949979,Computer science,0.38167861104011536,keyword
W4205949979,Nanotechnology,0.33110135793685913,keyword
W4205949979,Artificial intelligence,0.2729406952857971,keyword
W4205949979,Artificial neural network,0.2329806089401245,keyword
W4205949979,Optics,0.2111063301563263,keyword
W4205949979,Physics,0.10523027181625366,keyword
W4205949979,Advanced Memory and Neural Computing,1.0,topic
W4205949979,Perovskite Materials and Applications,0.9997000098228455,topic
W4205949979,Conducting polymers and applications,0.9993000030517578,topic
W4214763192,Neuromorphic engineering,0.8879449367523193,keyword
W4214763192,Gating,0.7081342935562134,keyword
W4214763192,Materials science,0.6741544008255005,keyword
W4214763192,Synaptic plasticity,0.636481523513794,keyword
W4214763192,Transistor,0.5987844467163086,keyword
W4214763192,Synaptic weight,0.5011601448059082,keyword
W4214763192,Computer science,0.45739731192588806,keyword
W4214763192,Neuroscience,0.4401383697986603,keyword
W4214763192,Long-term potentiation,0.43249964714050293,keyword
W4214763192,Artificial neural network,0.2376669943332672,keyword
W4214763192,Electrical engineering,0.20461013913154602,keyword
W4214763192,Voltage,0.18618521094322205,keyword
W4214763192,Artificial intelligence,0.17188671231269836,keyword
W4214763192,Chemistry,0.09110081195831299,keyword
W4214763192,Advanced Memory and Neural Computing,1.0,topic
W4214763192,Neuroscience and Neural Engineering,0.9970999956130981,topic
W4214763192,Ferroelectric and Negative Capacitance Devices,0.996999979019165,topic
W4317717548,Neuromorphic engineering,0.9944275617599487,keyword
W4317717548,Memristor,0.5347188115119934,keyword
W4317717548,Von Neumann architecture,0.5325440764427185,keyword
W4317717548,Materials science,0.5271855592727661,keyword
W4317717548,Computer science,0.4902117848396301,keyword
W4317717548,Bottleneck,0.4700804054737091,keyword
W4317717548,Transistor,0.4477635324001312,keyword
W4317717548,Optoelectronics,0.39299729466438293,keyword
W4317717548,Electronic engineering,0.37351447343826294,keyword
W4317717548,Computer architecture,0.3414463400840759,keyword
W4317717548,Artificial neural network,0.3029317259788513,keyword
W4317717548,Artificial intelligence,0.2982953190803528,keyword
W4317717548,Electrical engineering,0.1976723074913025,keyword
W4317717548,Voltage,0.1791609823703766,keyword
W4317717548,Embedded system,0.1350066065788269,keyword
W4317717548,Engineering,0.1283591091632843,keyword
W4317717548,Advanced Memory and Neural Computing,1.0,topic
W4317717548,Photoreceptor and optogenetics research,0.9962000250816345,topic
W4317717548,Neural Networks and Reservoir Computing,0.9958000183105469,topic
W4391836388,Nanotechnology,0.5769249200820923,keyword
W4391836388,Data science,0.3267859220504761,keyword
W4391836388,Computer science,0.29045718908309937,keyword
W4391836388,Materials science,0.2524803578853607,keyword
W4391836388,Advanced Memory and Neural Computing,0.9998999834060669,topic
W4391836388,Quantum-Dot Cellular Automata,0.9994000196456909,topic
W4391836388,Neural Networks and Reservoir Computing,0.9991000294685364,topic
W4384200934,Materials science,0.8403736352920532,keyword
W4384200934,Coating,0.7172082662582397,keyword
W4384200934,Composite number,0.6760994791984558,keyword
W4384200934,Composite material,0.6197751760482788,keyword
W4384200934,Electrical conductor,0.5793864727020264,keyword
W4384200934,Fiber,0.5374869108200073,keyword
W4384200934,Durability,0.5180249810218811,keyword
W4384200934,Layer (electronics),0.5019431114196777,keyword
W4384200934,Flexible electronics,0.44078001379966736,keyword
W4384200934,Shearing (physics),0.44064295291900635,keyword
W4384200934,Biocompatibility,0.4329032301902771,keyword
W4384200934,Electrical resistivity and conductivity,0.41670137643814087,keyword
W4384200934,Nanotechnology,0.391509085893631,keyword
W4384200934,Electrical engineering,0.07677897810935974,keyword
W4384200934,Advanced Sensor and Energy Harvesting Materials,1.0,topic
W4384200934,Advanced Materials and Mechanics,0.9990000128746033,topic
W4384200934,Nanomaterials and Printing Technologies,0.9979000091552734,topic
W4328049038,Neuromorphic engineering,0.9315729141235352,keyword
W4328049038,Computer science,0.7175821661949158,keyword
W4328049038,Artificial neural network,0.646730899810791,keyword
W4328049038,Synaptic weight,0.5999068021774292,keyword
W4328049038,Terminal (telecommunication),0.5651297569274902,keyword
W4328049038,Crossbar switch,0.470243364572525,keyword
W4328049038,Synapse,0.4499066472053528,keyword
W4328049038,Lithium (medication),0.4373672306537628,keyword
W4328049038,Transistor,0.43141505122184753,keyword
W4328049038,Spiking neural network,0.4177859127521515,keyword
W4328049038,Materials science,0.3473252058029175,keyword
W4328049038,Computer hardware,0.3263089656829834,keyword
W4328049038,Voltage,0.2705942988395691,keyword
W4328049038,Neuroscience,0.24409031867980957,keyword
W4328049038,Artificial intelligence,0.22420936822891235,keyword
W4328049038,Electrical engineering,0.15797558426856995,keyword
W4328049038,Computer network,0.137364000082016,keyword
W4328049038,Telecommunications,0.09997153282165527,keyword
W4328049038,Biology,0.08431029319763184,keyword
W4328049038,Advanced Memory and Neural Computing,1.0,topic
W4328049038,Ferroelectric and Negative Capacitance Devices,0.9988999962806702,topic
W4328049038,Neuroscience and Neural Engineering,0.9983000159263611,topic
W4389037355,Materials science,0.7962870597839355,keyword
W4389037355,Optoelectronics,0.6670405268669128,keyword
W4389037355,Ambipolar diffusion,0.6563360691070557,keyword
W4389037355,Nanowire,0.5829105377197266,keyword
W4389037355,Semiconductor,0.5514400005340576,keyword
W4389037355,Photonics,0.5477350354194641,keyword
W4389037355,Band bending,0.5265312790870667,keyword
W4389037355,Nanophotonics,0.4872402250766754,keyword
W4389037355,Logic gate,0.47102031111717224,keyword
W4389037355,NAND gate,0.4518926441669464,keyword
W4389037355,Transfer printing,0.44211190938949585,keyword
W4389037355,Nanotechnology,0.41623181104660034,keyword
W4389037355,Electronic engineering,0.24252751469612122,keyword
W4389037355,Electron,0.09704369306564331,keyword
W4389037355,GaN-based semiconductor devices and materials,0.9997000098228455,topic
W4389037355,ZnO doping and properties,0.9991000294685364,topic
W4389037355,Nanowire Synthesis and Applications,0.9987000226974487,topic
W4221021935,Neuromorphic engineering,0.938518762588501,keyword
W4221021935,Emulation,0.9133644700050354,keyword
W4221021935,Computer science,0.603542149066925,keyword
W4221021935,Computer architecture,0.5311918258666992,keyword
W4221021935,Embedded system,0.4497029781341553,keyword
W4221021935,Neuroscience,0.4463035762310028,keyword
W4221021935,Computer hardware,0.42847347259521484,keyword
W4221021935,Computational science,0.3254150450229645,keyword
W4221021935,Artificial intelligence,0.21784377098083496,keyword
W4221021935,Artificial neural network,0.14609748125076294,keyword
W4221021935,Psychology,0.1378491222858429,keyword
W4221021935,Advanced Memory and Neural Computing,1.0,topic
W4221021935,Neuroscience and Neural Engineering,0.9970999956130981,topic
W4221021935,Photoreceptor and optogenetics research,0.9966999888420105,topic
W4400058730,Materials science,0.8067827224731445,keyword
W4400058730,Responsivity,0.6782732605934143,keyword
W4400058730,Optoelectronics,0.6406815052032471,keyword
W4400058730,Transistor,0.6047486662864685,keyword
W4400058730,Heterojunction,0.4965575337409973,keyword
W4400058730,Voltage,0.43509265780448914,keyword
W4400058730,Photoconductivity,0.4145018756389618,keyword
W4400058730,Computer science,0.3505006432533264,keyword
W4400058730,Nanotechnology,0.3243902921676636,keyword
W4400058730,Photodetector,0.2816542983055115,keyword
W4400058730,Electrical engineering,0.2269166111946106,keyword
W4400058730,GaN-based semiconductor devices and materials,0.996399998664856,topic
W4400058730,Ga2O3 and related materials,0.9958000183105469,topic
W4400058730,Gas Sensing Nanomaterials and Sensors,0.9882000088691711,topic
W4387525476,Neuromorphic engineering,0.9297300577163696,keyword
W4387525476,Computer science,0.7247304320335388,keyword
W4387525476,Artificial neural network,0.5996049046516418,keyword
W4387525476,Efficient energy use,0.4797447919845581,keyword
W4387525476,Energy (signal processing),0.4143604636192322,keyword
W4387525476,Computer architecture,0.3908644914627075,keyword
W4387525476,Computer hardware,0.3329311013221741,keyword
W4387525476,Artificial intelligence,0.28426602482795715,keyword
W4387525476,Electrical engineering,0.21258795261383057,keyword
W4387525476,Physics,0.13059616088867188,keyword
W4387525476,Engineering,0.11302828788757324,keyword
W4387525476,Advanced Memory and Neural Computing,1.0,topic
W4387525476,Ferroelectric and Negative Capacitance Devices,0.9977999925613403,topic
W4387525476,Photoreceptor and optogenetics research,0.9975000023841858,topic
W4316362994,Nanotechnology,0.68883216381073,keyword
W4316362994,Materials science,0.6651599407196045,keyword
W4316362994,Electronics,0.6403418183326721,keyword
W4316362994,Organic semiconductor,0.5984050035476685,keyword
W4316362994,Semiconductor,0.5087669491767883,keyword
W4316362994,Organic electronics,0.502673864364624,keyword
W4316362994,Flexible electronics,0.43248093128204346,keyword
W4316362994,Optoelectronics,0.2845267057418823,keyword
W4316362994,Transistor,0.2114761471748352,keyword
W4316362994,Engineering,0.1686442494392395,keyword
W4316362994,Electrical engineering,0.1656840741634369,keyword
W4316362994,Advanced Sensor and Energy Harvesting Materials,0.9998999834060669,topic
W4316362994,Organic Electronics and Photovoltaics,0.9983000159263611,topic
W4316362994,Neuroscience and Neural Engineering,0.9973000288009644,topic
W4388531541,Neuromorphic engineering,0.8127245306968689,keyword
W4388531541,Materials science,0.7276489734649658,keyword
W4388531541,Optoelectronics,0.5874409675598145,keyword
W4388531541,Synaptic plasticity,0.5530979633331299,keyword
W4388531541,Excitatory postsynaptic potential,0.5264331102371216,keyword
W4388531541,Transistor,0.4482019543647766,keyword
W4388531541,Modulation (music),0.42048966884613037,keyword
W4388531541,Neural facilitation,0.4149248003959656,keyword
W4388531541,Neuroscience,0.3852127194404602,keyword
W4388531541,Computer science,0.3227202296257019,keyword
W4388531541,Inhibitory postsynaptic potential,0.29899168014526367,keyword
W4388531541,Voltage,0.24466019868850708,keyword
W4388531541,Artificial neural network,0.18368840217590332,keyword
W4388531541,Chemistry,0.17221751809120178,keyword
W4388531541,Electrical engineering,0.1329953372478485,keyword
W4388531541,Biology,0.10567775368690491,keyword
W4388531541,Physics,0.09286302328109741,keyword
W4388531541,Artificial intelligence,0.08697894215583801,keyword
W4388531541,Advanced Memory and Neural Computing,1.0,topic
W4388531541,Neuroscience and Neural Engineering,0.9988999962806702,topic
W4388531541,CCD and CMOS Imaging Sensors,0.9987000226974487,topic
W3009112473,Neuromorphic engineering,0.8661620616912842,keyword
W3009112473,Memristor,0.8286171555519104,keyword
W3009112473,Photonics,0.798359215259552,keyword
W3009112473,Resistive random-access memory,0.5777103304862976,keyword
W3009112473,Computer science,0.558951735496521,keyword
W3009112473,Nanotechnology,0.5073513388633728,keyword
W3009112473,Von Neumann architecture,0.4875931143760681,keyword
W3009112473,Graphene,0.4496793746948242,keyword
W3009112473,Computer architecture,0.4365474581718445,keyword
W3009112473,Artificial neural network,0.3870337903499603,keyword
W3009112473,Materials science,0.38419079780578613,keyword
W3009112473,Electronic engineering,0.38192105293273926,keyword
W3009112473,Artificial intelligence,0.26597392559051514,keyword
W3009112473,Optoelectronics,0.2441941499710083,keyword
W3009112473,Engineering,0.24170100688934326,keyword
W3009112473,Electrical engineering,0.17846274375915527,keyword
W3009112473,Advanced Memory and Neural Computing,1.0,topic
W3009112473,Neural Networks and Reservoir Computing,0.9991000294685364,topic
W3009112473,2D Materials and Applications,0.9973999857902527,topic
W4404902101,Photodetection,0.7719215750694275,keyword
W4404902101,Optoelectronics,0.7297778725624084,keyword
W4404902101,Photoconductivity,0.6600490808486938,keyword
W4404902101,Materials science,0.6507551670074463,keyword
W4404902101,Electric field,0.5648325681686401,keyword
W4404902101,Resistive touchscreen,0.5099109411239624,keyword
W4404902101,Neuromorphic engineering,0.43067410588264465,keyword
W4404902101,Photodetector,0.3978874683380127,keyword
W4404902101,Computer science,0.30096083879470825,keyword
W4404902101,Artificial neural network,0.2015582025051117,keyword
W4404902101,Physics,0.13255271315574646,keyword
W4404902101,Perovskite Materials and Applications,0.9991000294685364,topic
W4404902101,Advanced Memory and Neural Computing,0.9987000226974487,topic
W4404902101,Solid-state spectroscopy and crystallography,0.9872000217437744,topic
W4318453021,Brain–computer interface,0.7982024550437927,keyword
W4318453021,Microelectrode,0.637995183467865,keyword
W4318453021,Computer science,0.6017967462539673,keyword
W4318453021,Biological neural network,0.4900709390640259,keyword
W4318453021,Multielectrode array,0.4639441967010498,keyword
W4318453021,Neural coding,0.45215320587158203,keyword
W4318453021,Neural activity,0.4302268326282501,keyword
W4318453021,Decoding methods,0.426751971244812,keyword
W4318453021,Nanotechnology,0.36076217889785767,keyword
W4318453021,Materials science,0.3398045301437378,keyword
W4318453021,Neuroscience,0.3148798942565918,keyword
W4318453021,Artificial intelligence,0.21559414267539978,keyword
W4318453021,Electroencephalography,0.1538856029510498,keyword
W4318453021,Machine learning,0.11836525797843933,keyword
W4318453021,Chemistry,0.10170254111289978,keyword
W4318453021,Electrode,0.09916487336158752,keyword
W4318453021,Biology,0.08215939998626709,keyword
W4318453021,Telecommunications,0.07709509134292603,keyword
W4318453021,Neuroscience and Neural Engineering,1.0,topic
W4318453021,EEG and Brain-Computer Interfaces,0.9997000098228455,topic
W4318453021,Neural dynamics and brain function,0.9991000294685364,topic
W4242823155,Materials science,0.7636218070983887,keyword
W4242823155,Thin film,0.6311204433441162,keyword
W4242823155,Monolayer,0.610392689704895,keyword
W4242823155,Crystallinity,0.5961268544197083,keyword
W4242823155,Nanotechnology,0.5396679639816284,keyword
W4242823155,Porphyrin,0.5364513993263245,keyword
W4242823155,Neuromorphic engineering,0.4428882598876953,keyword
W4242823155,Micrometer,0.4291735291481018,keyword
W4242823155,Self-assembled monolayer,0.42129045724868774,keyword
W4242823155,Chemical engineering,0.35689812898635864,keyword
W4242823155,Organic chemistry,0.1693725883960724,keyword
W4242823155,Chemistry,0.1644180417060852,keyword
W4242823155,Composite material,0.09097889065742493,keyword
W4242823155,Covalent Organic Framework Applications,1.0,topic
W4242823155,Metal-Organic Frameworks: Synthesis and Applications,0.996999979019165,topic
W4242823155,Luminescence and Fluorescent Materials,0.9945999979972839,topic
W4387353063,Neuromorphic engineering,0.9028117656707764,keyword
W4387353063,Computer science,0.565634548664093,keyword
W4387353063,Nanotechnology,0.4702312648296356,keyword
W4387353063,Materials science,0.4586191177368164,keyword
W4387353063,Electronic circuit,0.4278922975063324,keyword
W4387353063,Artificial neural network,0.4245215058326721,keyword
W4387353063,Neuroscience,0.35361284017562866,keyword
W4387353063,Artificial intelligence,0.2213008999824524,keyword
W4387353063,Electrical engineering,0.1826869547367096,keyword
W4387353063,Biology,0.11470842361450195,keyword
W4387353063,Engineering,0.11002156138420105,keyword
W4387353063,Advanced Memory and Neural Computing,1.0,topic
W4387353063,Transition Metal Oxide Nanomaterials,0.9984999895095825,topic
W4387353063,Photoreceptor and optogenetics research,0.9954000115394592,topic
W4386753321,Electronics,0.7626364827156067,keyword
W4386753321,Flexibility (engineering),0.7257376313209534,keyword
W4386753321,Printed electronics,0.6309764981269836,keyword
W4386753321,Nanotechnology,0.559840738773346,keyword
W4386753321,Wearable technology,0.5162172913551331,keyword
W4386753321,Inkwell,0.4145393669605255,keyword
W4386753321,Materials science,0.38715800642967224,keyword
W4386753321,Computer science,0.38697564601898193,keyword
W4386753321,Wearable computer,0.3043721318244934,keyword
W4386753321,Engineering,0.21160674095153809,keyword
W4386753321,Electrical engineering,0.11704829335212708,keyword
W4386753321,Embedded system,0.06865248084068298,keyword
W4386753321,Nanomaterials and Printing Technologies,0.9995999932289124,topic
W4386753321,Advanced Sensor and Energy Harvesting Materials,0.9991000294685364,topic
W4386753321,Additive Manufacturing and 3D Printing Technologies,0.991599977016449,topic
W3193685976,Electrode,0.610769510269165,keyword
W3193685976,Nanotechnology,0.5250900983810425,keyword
W3193685976,Interface (matter),0.5228686332702637,keyword
W3193685976,Biocompatible material,0.5154703259468079,keyword
W3193685976,Materials science,0.5108029842376709,keyword
W3193685976,Brain–computer interface,0.5092986822128296,keyword
W3193685976,Biocompatibility,0.4891993999481201,keyword
W3193685976,Nanomaterials,0.4826543927192688,keyword
W3193685976,Computer science,0.46507713198661804,keyword
W3193685976,Biomedical engineering,0.3305895924568176,keyword
W3193685976,Engineering,0.15444213151931763,keyword
W3193685976,Neuroscience,0.11900469660758972,keyword
W3193685976,Composite material,0.10837447643280029,keyword
W3193685976,Chemistry,0.08081948757171631,keyword
W3193685976,Neuroscience and Neural Engineering,1.0,topic
W3193685976,EEG and Brain-Computer Interfaces,0.9994000196456909,topic
W3193685976,Advanced Memory and Neural Computing,0.9970999956130981,topic
W4313656749,Neuromorphic engineering,0.8452708721160889,keyword
W4313656749,Emulation,0.7442488670349121,keyword
W4313656749,Computer science,0.5810409784317017,keyword
W4313656749,Artificial neuron,0.47435104846954346,keyword
W4313656749,Artificial neural network,0.45832645893096924,keyword
W4313656749,Computational neuroscience,0.45358067750930786,keyword
W4313656749,Focus (optics),0.4449576139450073,keyword
W4313656749,Neuroscience,0.42300617694854736,keyword
W4313656749,Artificial intelligence,0.38395076990127563,keyword
W4313656749,Nanotechnology,0.3396366238594055,keyword
W4313656749,Materials science,0.29043617844581604,keyword
W4313656749,Biology,0.13134872913360596,keyword
W4313656749,Physics,0.1254647672176361,keyword
W4313656749,Advanced Memory and Neural Computing,1.0,topic
W4313656749,Photoreceptor and optogenetics research,0.9988999962806702,topic
W4313656749,Neuroscience and Neural Engineering,0.9970999956130981,topic
W4408280255,Interfacing,0.8622522354125977,keyword
W4408280255,Nanotechnology,0.7991429567337036,keyword
W4408280255,Applications of nanotechnology,0.49027279019355774,keyword
W4408280255,Materials science,0.4357927143573761,keyword
W4408280255,Neuroscience,0.3495882749557495,keyword
W4408280255,Computer science,0.23303037881851196,keyword
W4408280255,Psychology,0.11061084270477295,keyword
W4408280255,Neuroscience and Neural Engineering,0.9993000030517578,topic
W4408280255,Molecular Communication and Nanonetworks,0.9987999796867371,topic
W4408280255,Photoreceptor and optogenetics research,0.9962000250816345,topic
W3134376715,Materials science,0.8510957956314087,keyword
W3134376715,Nanosheet,0.7760088443756104,keyword
W3134376715,Resistive random-access memory,0.5432151556015015,keyword
W3134376715,Cobaltite,0.5341262817382812,keyword
W3134376715,Non-blocking I/O,0.5014114379882812,keyword
W3134376715,Optoelectronics,0.49616798758506775,keyword
W3134376715,Electroforming,0.49578484892845154,keyword
W3134376715,Nanotechnology,0.47993165254592896,keyword
W3134376715,Neuromorphic engineering,0.47429683804512024,keyword
W3134376715,Nickel,0.4270637035369873,keyword
W3134376715,Hysteresis,0.41906091570854187,keyword
W3134376715,Voltage,0.38658976554870605,keyword
W3134376715,Computer science,0.22200262546539307,keyword
W3134376715,Layer (electronics),0.2130586802959442,keyword
W3134376715,Electrical engineering,0.14301204681396484,keyword
W3134376715,Artificial neural network,0.10398411750793457,keyword
W3134376715,Artificial intelligence,0.09690394997596741,keyword
W3134376715,Advanced Memory and Neural Computing,1.0,topic
W3134376715,Ferroelectric and Negative Capacitance Devices,0.9990000128746033,topic
W3134376715,Neuroscience and Neural Engineering,0.9980000257492065,topic
W3011039357,Magnetometer,0.5799692273139954,keyword
W3011039357,Magnetic field,0.5584097504615784,keyword
W3011039357,Nanotechnology,0.3770616352558136,keyword
W3011039357,Materials science,0.3625097870826721,keyword
W3011039357,Physics,0.338714063167572,keyword
W3011039357,Optoelectronics,0.3272054195404053,keyword
W3011039357,Engineering physics,0.3201017379760742,keyword
W3011039357,Atomic and Subatomic Physics Research,0.9998999834060669,topic
W3011039357,Diamond and Carbon-based Materials Research,0.9990000128746033,topic
W3011039357,Mechanical and Optical Resonators,0.9990000128746033,topic
W4281394186,Transistor,0.7717272043228149,keyword
W4281394186,Optoelectronics,0.7447163462638855,keyword
W4281394186,Materials science,0.7312928438186646,keyword
W4281394186,Electrode,0.5329711437225342,keyword
W4281394186,Schottky barrier,0.4715195894241333,keyword
W4281394186,Subthreshold conduction,0.46424779295921326,keyword
W4281394186,Photodetector,0.42626842856407166,keyword
W4281394186,Saturation (graph theory),0.4229552149772644,keyword
W4281394186,Voltage,0.3333783745765686,keyword
W4281394186,Electrical engineering,0.26266929507255554,keyword
W4281394186,Physics,0.09584298729896545,keyword
W4281394186,Engineering,0.06756564974784851,keyword
W4281394186,MXene and MAX Phase Materials,0.9998999834060669,topic
W4281394186,Advanced Memory and Neural Computing,0.9983000159263611,topic
W4281394186,Graphene research and applications,0.998199999332428,topic
W3157068542,Neuroinflammation,0.7387953400611877,keyword
W3157068542,Neuroscience,0.6369339823722839,keyword
W3157068542,In vivo,0.5865834355354309,keyword
W3157068542,Cell culture,0.5209823250770569,keyword
W3157068542,3D cell culture,0.4673032760620117,keyword
W3157068542,Blood–brain barrier,0.4455401301383972,keyword
W3157068542,Immune system,0.4305342733860016,keyword
W3157068542,Medicine,0.3908175230026245,keyword
W3157068542,Biology,0.38060450553894043,keyword
W3157068542,Central nervous system,0.37755367159843445,keyword
W3157068542,Computational biology,0.3316055238246918,keyword
W3157068542,Immunology,0.2527623176574707,keyword
W3157068542,Inflammation,0.24041858315467834,keyword
W3157068542,Biotechnology,0.14227983355522156,keyword
W3157068542,Barrier Structure and Function Studies,0.9998999834060669,topic
W3157068542,Neuroinflammation and Neurodegeneration Mechanisms,0.9998000264167786,topic
W3157068542,3D Printing in Biomedical Research,0.9936000108718872,topic
W3111366693,Nanotechnology,0.7488745450973511,keyword
W3111366693,Nanomaterials,0.510452151298523,keyword
W3111366693,Miniaturization,0.48587483167648315,keyword
W3111366693,Computer science,0.4336540102958679,keyword
W3111366693,Materials science,0.3689824044704437,keyword
W3111366693,Neuroscience,0.3293015956878662,keyword
W3111366693,Biology,0.1405448615550995,keyword
W3111366693,Electrochemical sensors and biosensors,0.9994999766349792,topic
W3111366693,Electrochemical Analysis and Applications,0.9993000030517578,topic
W3111366693,Advanced biosensing and bioanalysis techniques,0.9973000288009644,topic
W3164801310,Nanoelectronics,0.7625981569290161,keyword
W3164801310,Electrophysiology,0.5858272314071655,keyword
W3164801310,Neuroscience,0.4905328154563904,keyword
W3164801310,Crosstalk,0.4743710160255432,keyword
W3164801310,Nanotechnology,0.46996137499809265,keyword
W3164801310,Computer science,0.3514103889465332,keyword
W3164801310,Materials science,0.22601130604743958,keyword
W3164801310,Biology,0.2063155174255371,keyword
W3164801310,Engineering,0.17410698533058167,keyword
W3164801310,Electronic engineering,0.1625540554523468,keyword
W3164801310,Neuroscience and Neural Engineering,1.0,topic
W3164801310,Advanced Memory and Neural Computing,0.9990000128746033,topic
W3164801310,Photoreceptor and optogenetics research,0.9983000159263611,topic
W4387877505,Neuromorphic engineering,0.9729915857315063,keyword
W4387877505,Bioelectronics,0.8780941963195801,keyword
W4387877505,Computer science,0.5605087280273438,keyword
W4387877505,Electronics,0.5371812582015991,keyword
W4387877505,Computer architecture,0.5001993179321289,keyword
W4387877505,Nanotechnology,0.45186948776245117,keyword
W4387877505,Organic electronics,0.4478048086166382,keyword
W4387877505,Transistor,0.42831164598464966,keyword
W4387877505,Materials science,0.39700907468795776,keyword
W4387877505,Artificial intelligence,0.34464675188064575,keyword
W4387877505,Artificial neural network,0.31235527992248535,keyword
W4387877505,Electrical engineering,0.290852427482605,keyword
W4387877505,Engineering,0.24568739533424377,keyword
W4387877505,Biosensor,0.21128806471824646,keyword
W4387877505,Voltage,0.18737974762916565,keyword
W4387877505,Advanced Memory and Neural Computing,1.0,topic
W4387877505,Conducting polymers and applications,0.9984999895095825,topic
W4387877505,Neuroscience and Neural Engineering,0.9983999729156494,topic
W4200181693,Nanotechnology,0.7565726041793823,keyword
W4200181693,Nanomaterials,0.7078613042831421,keyword
W4200181693,Materials science,0.45546966791152954,keyword
W4200181693,Bone Tissue Engineering Materials,0.9998000264167786,topic
W4200181693,Graphene and Nanomaterials Applications,0.9995999932289124,topic
W4200181693,Advanced Nanomaterials in Catalysis,0.9977999925613403,topic
W3084643200,Quantum,0.5174999833106995,keyword
W3084643200,Quantum technology,0.44609999656677246,keyword
W3084643200,Quantum information science,0.4117000102996826,keyword
W3084643200,Field (mathematics),0.3416999876499176,keyword
W3084643200,Topological insulator,0.33250001072883606,keyword
W3084643200,Macroscopic quantum phenomena,0.3239000141620636,keyword
W3084643200,Quantum computer,0.3237999975681305,keyword
W3084643200,Discipline,0.319599986076355,keyword
W3084643200,Electronic and Structural Properties of Oxides,0.45989999175071716,topic
W3084643200,Topological Materials and Phenomena,0.16130000352859497,topic
W3084643200,2D Materials and Applications,0.13130000233650208,topic
W4318067222,Memristor,0.7836672067642212,keyword
W4318067222,Long-term potentiation,0.7531208992004395,keyword
W4318067222,Materials science,0.6327744722366333,keyword
W4318067222,Neuromorphic engineering,0.5992975831031799,keyword
W4318067222,Synapse,0.5753259062767029,keyword
W4318067222,Computer science,0.5123347043991089,keyword
W4318067222,Synaptic weight,0.5040503740310669,keyword
W4318067222,Optoelectronics,0.49906277656555176,keyword
W4318067222,Layer (electronics),0.46475163102149963,keyword
W4318067222,Oxide,0.45185840129852295,keyword
W4318067222,Synaptic plasticity,0.44737282395362854,keyword
W4318067222,Flexibility (engineering),0.4373909533023834,keyword
W4318067222,Substrate (aquarium),0.4153901934623718,keyword
W4318067222,Conductance,0.41082024574279785,keyword
W4318067222,Artificial intelligence,0.28162437677383423,keyword
W4318067222,Nanotechnology,0.2387704849243164,keyword
W4318067222,Neuroscience,0.2329569160938263,keyword
W4318067222,Electronic engineering,0.2179105579853058,keyword
W4318067222,Receptor,0.1844879686832428,keyword
W4318067222,Chemistry,0.17914554476737976,keyword
W4318067222,Artificial neural network,0.12909919023513794,keyword
W4318067222,Physics,0.12105756998062134,keyword
W4318067222,Mathematics,0.10791689157485962,keyword
W4318067222,Biology,0.0951734185218811,keyword
W4318067222,Advanced Memory and Neural Computing,1.0,topic
W4318067222,Photoreceptor and optogenetics research,0.9984999895095825,topic
W4318067222,Neuroscience and Neural Engineering,0.9979000091552734,topic
W3165109532,Neuromorphic engineering,0.9535043835639954,keyword
W3165109532,Reservoir computing,0.7817960977554321,keyword
W3165109532,Computer science,0.7196162939071655,keyword
W3165109532,Domain (mathematical analysis),0.5757734179496765,keyword
W3165109532,Computation,0.5195765495300293,keyword
W3165109532,Field (mathematics),0.4814566969871521,keyword
W3165109532,Artificial intelligence,0.42317330837249756,keyword
W3165109532,Computer engineering,0.39236390590667725,keyword
W3165109532,Computational science,0.37930968403816223,keyword
W3165109532,Artificial neural network,0.25240564346313477,keyword
W3165109532,Algorithm,0.232242614030838,keyword
W3165109532,Neural Networks and Reservoir Computing,0.9998999834060669,topic
W3165109532,Advanced Memory and Neural Computing,0.9991000294685364,topic
W3165109532,Neural Networks and Applications,0.9879000186920166,topic
W4307919194,Memristor,0.8140029907226562,keyword
W4307919194,Humanoid robot,0.6457198858261108,keyword
W4307919194,Computer science,0.622616171836853,keyword
W4307919194,Nervous system,0.5669798851013184,keyword
W4307919194,Artificial intelligence,0.506330132484436,keyword
W4307919194,Von Neumann architecture,0.4917304813861847,keyword
W4307919194,Robot,0.451664000749588,keyword
W4307919194,Artificial neural network,0.43262746930122375,keyword
W4307919194,Human–computer interaction,0.3361029028892517,keyword
W4307919194,Neuroscience,0.2557523846626282,keyword
W4307919194,Engineering,0.1981479525566101,keyword
W4307919194,Biology,0.1851467490196228,keyword
W4307919194,Electronic engineering,0.08713346719741821,keyword
W4307919194,Advanced Memory and Neural Computing,1.0,topic
W4307919194,Neuroscience and Neural Engineering,0.9994000196456909,topic
W4307919194,Photoreceptor and optogenetics research,0.9983000159263611,topic
W3175047240,Neuromorphic engineering,0.9708558320999146,keyword
W3175047240,Computer science,0.633965253829956,keyword
W3175047240,Information flow,0.5690740346908569,keyword
W3175047240,Nanowire,0.5406605005264282,keyword
W3175047240,Benchmark (surveying),0.49305102229118347,keyword
W3175047240,Artificial neural network,0.4760061204433441,keyword
W3175047240,Information transfer,0.44664815068244934,keyword
W3175047240,Topology (electrical circuits),0.4051581919193268,keyword
W3175047240,Theoretical computer science,0.3927937150001526,keyword
W3175047240,Artificial intelligence,0.36075887084007263,keyword
W3175047240,Nanotechnology,0.23625335097312927,keyword
W3175047240,Materials science,0.2264304757118225,keyword
W3175047240,Mathematics,0.10731810331344604,keyword
W3175047240,Advanced Memory and Neural Computing,1.0,topic
W3175047240,Neural dynamics and brain function,0.9991999864578247,topic
W3175047240,Neural Networks and Reservoir Computing,0.9973000288009644,topic
W3173865550,Neuromorphic engineering,0.9850239157676697,keyword
W3173865550,Emulation,0.8662223815917969,keyword
W3173865550,Perception,0.6217797994613647,keyword
W3173865550,Computer science,0.6148021817207336,keyword
W3173865550,Human–computer interaction,0.5159000158309937,keyword
W3173865550,Artificial intelligence,0.4583228826522827,keyword
W3173865550,Artificial neural network,0.3025868535041809,keyword
W3173865550,Neuroscience,0.2433778941631317,keyword
W3173865550,Psychology,0.09463593363761902,keyword
W3173865550,Advanced Memory and Neural Computing,1.0,topic
W3173865550,Neuroscience and Neural Engineering,0.9993000030517578,topic
W3173865550,Advanced Sensor and Energy Harvesting Materials,0.9983999729156494,topic
W3088555538,Chitosan,0.6836647391319275,keyword
W3088555538,Electrolyte,0.675981879234314,keyword
W3088555538,Transistor,0.5779634714126587,keyword
W3088555538,Layer (electronics),0.524497926235199,keyword
W3088555538,Materials science,0.5066562294960022,keyword
W3088555538,Optoelectronics,0.4480833411216736,keyword
W3088555538,CMOS,0.423954039812088,keyword
W3088555538,Computer science,0.3628484010696411,keyword
W3088555538,Nanotechnology,0.35696423053741455,keyword
W3088555538,Chemistry,0.3051156997680664,keyword
W3088555538,Electrical engineering,0.21755576133728027,keyword
W3088555538,Electrode,0.19963964819908142,keyword
W3088555538,Voltage,0.12471258640289307,keyword
W3088555538,Biochemistry,0.12117183208465576,keyword
W3088555538,Engineering,0.06377065181732178,keyword
W3088555538,Advanced Memory and Neural Computing,1.0,topic
W3088555538,Neuroscience and Neural Engineering,0.9995999932289124,topic
W3088555538,Conducting polymers and applications,0.996399998664856,topic
W3119945494,Organoid,0.9379897117614746,keyword
W3119945494,Neuroscience,0.6272100806236267,keyword
W3119945494,Induced pluripotent stem cell,0.5940426588058472,keyword
W3119945494,Electrophysiology,0.49910521507263184,keyword
W3119945494,Human brain,0.4800344705581665,keyword
W3119945494,Computer science,0.44109901785850525,keyword
W3119945494,Biology,0.3863414525985718,keyword
W3119945494,Computational biology,0.33951979875564575,keyword
W3119945494,Embryonic stem cell,0.13549908995628357,keyword
W3119945494,3D Printing in Biomedical Research,0.998199999332428,topic
W3119945494,Neuroscience and Neural Engineering,0.9976999759674072,topic
W3119945494,Pluripotent Stem Cells Research,0.9972000122070312,topic
W3035236698,Memristor,0.853266716003418,keyword
W3035236698,Computer science,0.7120609283447266,keyword
W3035236698,Crossbar switch,0.6784742474555969,keyword
W3035236698,Neuromorphic engineering,0.614234447479248,keyword
W3035236698,Context (archaeology),0.5619417428970337,keyword
W3035236698,Artificial neural network,0.5035893321037292,keyword
W3035236698,Applications of artificial intelligence,0.452485591173172,keyword
W3035236698,Resistive random-access memory,0.45022034645080566,keyword
W3035236698,Dram,0.4472999572753906,keyword
W3035236698,Computer architecture,0.41599664092063904,keyword
W3035236698,Resistive touchscreen,0.41033488512039185,keyword
W3035236698,Materials science,0.35864871740341187,keyword
W3035236698,Artificial intelligence,0.35648342967033386,keyword
W3035236698,Nanotechnology,0.3442152142524719,keyword
W3035236698,Computer hardware,0.33088597655296326,keyword
W3035236698,Embedded system,0.32103145122528076,keyword
W3035236698,Electrical engineering,0.2506868243217468,keyword
W3035236698,Engineering,0.1120753288269043,keyword
W3035236698,Voltage,0.10288691520690918,keyword
W3035236698,Telecommunications,0.09940391778945923,keyword
W3035236698,Advanced Memory and Neural Computing,1.0,topic
W3035236698,Neuroscience and Neural Engineering,0.998199999332428,topic
W3035236698,Photoreceptor and optogenetics research,0.9979000091552734,topic
W3197112208,Thermal conduction,0.8263324499130249,keyword
W3197112208,Quantum tunnelling,0.732124924659729,keyword
W3197112208,Schottky diode,0.7057689428329468,keyword
W3197112208,Materials science,0.6470112204551697,keyword
W3197112208,Schottky barrier,0.5152645111083984,keyword
W3197112208,Memristor,0.4805784225463867,keyword
W3197112208,Optoelectronics,0.4613032937049866,keyword
W3197112208,Electron,0.4600929617881775,keyword
W3197112208,Valence (chemistry),0.44972917437553406,keyword
W3197112208,Oxide,0.4412885308265686,keyword
W3197112208,Nanotechnology,0.40063875913619995,keyword
W3197112208,Condensed matter physics,0.37758350372314453,keyword
W3197112208,Electronic engineering,0.2592952251434326,keyword
W3197112208,Chemistry,0.24017629027366638,keyword
W3197112208,Physics,0.15496066212654114,keyword
W3197112208,Advanced Memory and Neural Computing,1.0,topic
W3197112208,Neuroscience and Neural Engineering,0.9957000017166138,topic
W3197112208,Ferroelectric and Negative Capacitance Devices,0.9940000176429749,topic
W3012259208,Neuromorphic engineering,0.9213683605194092,keyword
W3012259208,Materials science,0.8338764905929565,keyword
W3012259208,Irradiation,0.7549034953117371,keyword
W3012259208,Memristor,0.7532729506492615,keyword
W3012259208,Oxygen,0.5691011548042297,keyword
W3012259208,Optoelectronics,0.5502896904945374,keyword
W3012259208,Nanotechnology,0.3795558214187622,keyword
W3012259208,Artificial neural network,0.34755247831344604,keyword
W3012259208,Computer science,0.28874635696411133,keyword
W3012259208,Electronic engineering,0.20685511827468872,keyword
W3012259208,Artificial intelligence,0.11111652851104736,keyword
W3012259208,Chemistry,0.06901922821998596,keyword
W3012259208,Advanced Memory and Neural Computing,1.0,topic
W3012259208,Transition Metal Oxide Nanomaterials,0.9958999752998352,topic
W3012259208,Neuroscience and Neural Engineering,0.9955999851226807,topic
W4315465130,Neuromorphic engineering,0.7487061023712158,keyword
W4315465130,Graphene,0.6523953676223755,keyword
W4315465130,Materials science,0.5900506377220154,keyword
W4315465130,Optoelectronics,0.563113808631897,keyword
W4315465130,Photocurrent,0.5542591214179993,keyword
W4315465130,Computer science,0.5296844244003296,keyword
W4315465130,Heterojunction,0.5128562450408936,keyword
W4315465130,Artificial neural network,0.4177986979484558,keyword
W4315465130,Photonics,0.41261452436447144,keyword
W4315465130,Artificial intelligence,0.37875819206237793,keyword
W4315465130,Nanotechnology,0.3266105055809021,keyword
W4315465130,Advanced Memory and Neural Computing,1.0,topic
W4315465130,Photoreceptor and optogenetics research,0.9973999857902527,topic
W4315465130,Neural Networks and Reservoir Computing,0.995199978351593,topic
W4284964590,Neurotransmitter,0.70320725440979,keyword
W4284964590,Neuroscience,0.7028430700302124,keyword
W4284964590,Biosensor,0.6779499650001526,keyword
W4284964590,Neurite,0.642042875289917,keyword
W4284964590,Neuroprotection,0.5980840921401978,keyword
W4284964590,Neurotransmitter receptor,0.5703049302101135,keyword
W4284964590,Neurotoxicity,0.43878331780433655,keyword
W4284964590,Cell culture,0.41662490367889404,keyword
W4284964590,Neurosecretion,0.4101431369781494,keyword
W4284964590,Biology,0.4099087417125702,keyword
W4284964590,Receptor,0.35181066393852234,keyword
W4284964590,Cell biology,0.32611191272735596,keyword
W4284964590,Medicine,0.23897036910057068,keyword
W4284964590,Central nervous system,0.131028950214386,keyword
W4284964590,In vitro,0.11291658878326416,keyword
W4284964590,Biochemistry,0.10771548748016357,keyword
W4284964590,Internal medicine,0.09355834126472473,keyword
W4284964590,bioluminescence and chemiluminescence research,0.9975000023841858,topic
W4284964590,Neuroscience and Neural Engineering,0.9970999956130981,topic
W4284964590,Electrochemical sensors and biosensors,0.9965999722480774,topic
W3010814463,Randomness,0.9222952127456665,keyword
W3010814463,Order (exchange),0.4933089315891266,keyword
W3010814463,Systems biology,0.4710519313812256,keyword
W3010814463,Function (biology),0.43333712220191956,keyword
W3010814463,Order and disorder,0.42650705575942993,keyword
W3010814463,Statistical physics,0.41183164715766907,keyword
W3010814463,Computer science,0.38157936930656433,keyword
W3010814463,Biology,0.3610038757324219,keyword
W3010814463,Computational biology,0.2706657946109772,keyword
W3010814463,Evolutionary biology,0.2368922233581543,keyword
W3010814463,Mathematics,0.23403015732765198,keyword
W3010814463,Physics,0.20433074235916138,keyword
W3010814463,Gene Regulatory Network Analysis,0.9797000288963318,topic
W3010814463,Evolution and Genetic Dynamics,0.9225000143051147,topic
W3010814463,Origins and Evolution of Life,0.9162999987602234,topic
W4393405231,Computer science,0.5692905783653259,keyword
W4393405231,Advancements in Semiconductor Devices and Circuit Design,0.9911999702453613,topic
W4393405231,Semiconductor materials and devices,0.9747999906539917,topic
W4393405231,Ferroelectric and Negative Capacitance Devices,0.9301999807357788,topic
W3006656869,Ascorbic acid,0.6686425805091858,keyword
W3006656869,Biochemical engineering,0.6168287396430969,keyword
W3006656869,Computer science,0.49186134338378906,keyword
W3006656869,Biological fluids,0.4768301546573639,keyword
W3006656869,Nanotechnology,0.4121391475200653,keyword
W3006656869,Chemistry,0.27602171897888184,keyword
W3006656869,Materials science,0.2022029161453247,keyword
W3006656869,Engineering,0.15273496508598328,keyword
W3006656869,Chromatography,0.08964049816131592,keyword
W3006656869,Electrochemical sensors and biosensors,0.9998999834060669,topic
W3006656869,Analytical Chemistry and Sensors,0.9987999796867371,topic
W3006656869,Advanced biosensing and bioanalysis techniques,0.9966999888420105,topic
W4404326265,Memristor,0.904847264289856,keyword
W4404326265,Materials science,0.6344088315963745,keyword
W4404326265,Pressure sensor,0.47966861724853516,keyword
W4404326265,Noise (video),0.46303021907806396,keyword
W4404326265,Nanotechnology,0.405879408121109,keyword
W4404326265,Computer science,0.39121490716934204,keyword
W4404326265,Electronic engineering,0.35228776931762695,keyword
W4404326265,Biomedical engineering,0.33098140358924866,keyword
W4404326265,Artificial intelligence,0.1594638228416443,keyword
W4404326265,Medicine,0.12697723507881165,keyword
W4404326265,Engineering,0.12066546082496643,keyword
W4404326265,Advanced Memory and Neural Computing,0.9998999834060669,topic
W4404326265,MXene and MAX Phase Materials,0.9998000264167786,topic
W4404326265,Perovskite Materials and Applications,0.9975000023841858,topic
W3192110442,Nanotoxicology,0.91597580909729,keyword
W3192110442,Nanoparticle,0.44793403148651123,keyword
W3192110442,Nanotechnology,0.41488125920295715,keyword
W3192110442,Computer science,0.36734384298324585,keyword
W3192110442,Medicine,0.3263274133205414,keyword
W3192110442,Materials science,0.1396767795085907,keyword
W3192110442,Nanoparticles: synthesis and applications,0.9998999834060669,topic
W3192110442,Graphene and Nanomaterials Applications,0.9805999994277954,topic
W3192110442,Nanotechnology research and applications,0.9557999968528748,topic
W4280515050,Neuromorphic engineering,0.9783182740211487,keyword
W4280515050,Computer science,0.704876184463501,keyword
W4280515050,Spiking neural network,0.6579267978668213,keyword
W4280515050,Spike (software development),0.6550524234771729,keyword
W4280515050,Computer architecture,0.6539040803909302,keyword
W4280515050,Adaptability,0.6474848389625549,keyword
W4280515050,Efficient energy use,0.5354583263397217,keyword
W4280515050,Artificial neural network,0.5196900963783264,keyword
W4280515050,Non-volatile memory,0.5127180814743042,keyword
W4280515050,Distributed computing,0.35184070467948914,keyword
W4280515050,Artificial intelligence,0.2752457559108734,keyword
W4280515050,Engineering,0.1470019519329071,keyword
W4280515050,Electrical engineering,0.1396096646785736,keyword
W4280515050,Computer hardware,0.13037317991256714,keyword
W4280515050,Advanced Memory and Neural Computing,1.0,topic
W4280515050,Ferroelectric and Negative Capacitance Devices,0.9994000196456909,topic
W4280515050,Neural Networks and Reservoir Computing,0.9969000220298767,topic
W4313475816,Nanotechnology,0.6297627687454224,keyword
W4313475816,Neuroscience,0.5007996559143066,keyword
W4313475816,Engineering,0.3224259614944458,keyword
W4313475816,Medicine,0.32233577966690063,keyword
W4313475816,Materials science,0.31158292293548584,keyword
W4313475816,Psychology,0.22552019357681274,keyword
W4313475816,Neuroscience and Neural Engineering,0.9983000159263611,topic
W4313475816,Graphene and Nanomaterials Applications,0.9970999956130981,topic
W4313475816,Supramolecular Self-Assembly in Materials,0.9922000169754028,topic
W4225390795,Electronic skin,0.788184642791748,keyword
W4225390795,Materials science,0.6080812215805054,keyword
W4225390795,Elastomer,0.5702831745147705,keyword
W4225390795,Computer science,0.4961865544319153,keyword
W4225390795,Wearable computer,0.4730880856513977,keyword
W4225390795,Electronics,0.4638393521308899,keyword
W4225390795,Stretchable electronics,0.43550199270248413,keyword
W4225390795,Electrical conductor,0.41945427656173706,keyword
W4225390795,Nanotechnology,0.3840380609035492,keyword
W4225390795,Electrical engineering,0.20061519742012024,keyword
W4225390795,Embedded system,0.17497125267982483,keyword
W4225390795,Engineering,0.13928979635238647,keyword
W4225390795,Advanced Sensor and Energy Harvesting Materials,1.0,topic
W4225390795,Conducting polymers and applications,0.9965000152587891,topic
W4225390795,Polydiacetylene-based materials and applications,0.9937000274658203,topic
W4387096720,Neuromorphic engineering,0.9321269989013672,keyword
W4387096720,Image sensor,0.5964459776878357,keyword
W4387096720,Computer science,0.5205432176589966,keyword
W4387096720,Materials science,0.47522953152656555,keyword
W4387096720,Nanowire,0.4300426244735718,keyword
W4387096720,Artificial intelligence,0.4129682183265686,keyword
W4387096720,Computer hardware,0.32998543977737427,keyword
W4387096720,Optoelectronics,0.3076896667480469,keyword
W4387096720,Artificial neural network,0.09470435976982117,keyword
W4387096720,Advanced Memory and Neural Computing,0.9998000264167786,topic
W4387096720,CCD and CMOS Imaging Sensors,0.9991000294685364,topic
W4387096720,Neuroscience and Neural Engineering,0.9929999709129333,topic
W4308522379,Optode,0.8963969349861145,keyword
W4308522379,SILK,0.8637575507164001,keyword
W4308522379,Optogenetics,0.638106644153595,keyword
W4308522379,Materials science,0.6362347602844238,keyword
W4308522379,Optical fiber,0.5831124782562256,keyword
W4308522379,Biomedical engineering,0.5679651498794556,keyword
W4308522379,Biocompatibility,0.5510990619659424,keyword
W4308522379,Nanotechnology,0.4546348452568054,keyword
W4308522379,Neurophysiology,0.4348444640636444,keyword
W4308522379,Microelectrode,0.4330526292324066,keyword
W4308522379,Computer science,0.2891460359096527,keyword
W4308522379,Electrode,0.19698816537857056,keyword
W4308522379,Neuroscience,0.16966363787651062,keyword
W4308522379,Optics,0.14739641547203064,keyword
W4308522379,Chemistry,0.12786057591438293,keyword
W4308522379,Fluorescence,0.10739290714263916,keyword
W4308522379,Engineering,0.09344813227653503,keyword
W4308522379,Telecommunications,0.07921847701072693,keyword
W4308522379,Photoreceptor and optogenetics research,1.0,topic
W4308522379,Neuroscience and Neural Engineering,0.9998999834060669,topic
W4308522379,Neural dynamics and brain function,0.9939000010490417,topic
W4309705223,Nanotechnology,0.4732002913951874,keyword
W4309705223,Materials science,0.4005890488624573,keyword
W4309705223,Computer science,0.3521604537963867,keyword
W4309705223,Biochemical engineering,0.34953078627586365,keyword
W4309705223,Engineering,0.2525755763053894,keyword
W4309705223,Advanced Sensor and Energy Harvesting Materials,0.9998999834060669,topic
W4309705223,Tactile and Sensory Interactions,0.9958000183105469,topic
W4309705223,Advanced Memory and Neural Computing,0.995199978351593,topic
W4318763102,Neuromorphic engineering,0.89739990234375,keyword
W4318763102,Reservoir computing,0.8799839615821838,keyword
W4318763102,Computer science,0.7555184364318848,keyword
W4318763102,Exploit,0.6390471458435059,keyword
W4318763102,Realization (probability),0.6076701879501343,keyword
W4318763102,Implementation,0.5368751883506775,keyword
W4318763102,Computer architecture,0.4745905101299286,keyword
W4318763102,Task (project management),0.46369612216949463,keyword
W4318763102,Distributed computing,0.43496912717819214,keyword
W4318763102,Computer engineering,0.3687666058540344,keyword
W4318763102,Artificial neural network,0.29512733221054077,keyword
W4318763102,Artificial intelligence,0.27589327096939087,keyword
W4318763102,Recurrent neural network,0.12417688965797424,keyword
W4318763102,Engineering,0.08037781715393066,keyword
W4318763102,Advanced Memory and Neural Computing,1.0,topic
W4318763102,Neural Networks and Reservoir Computing,0.9998999834060669,topic
W4318763102,Neural dynamics and brain function,0.9973999857902527,topic
W4286500835,Pressure sensor,0.7414352893829346,keyword
W4286500835,Aerospace,0.6186951398849487,keyword
W4286500835,Robotics,0.549511730670929,keyword
W4286500835,Computer science,0.5382034778594971,keyword
W4286500835,Nanotechnology,0.38287782669067383,keyword
W4286500835,Artificial intelligence,0.319164901971817,keyword
W4286500835,Mechanical engineering,0.29769960045814514,keyword
W4286500835,Materials science,0.2701070308685303,keyword
W4286500835,Engineering,0.2589395046234131,keyword
W4286500835,Aerospace engineering,0.24546656012535095,keyword
W4286500835,Robot,0.19894742965698242,keyword
W4286500835,Advanced Sensor and Energy Harvesting Materials,1.0,topic
W4286500835,Tactile and Sensory Interactions,0.9940999746322632,topic
W4286500835,Gas Sensing Nanomaterials and Sensors,0.9854999780654907,topic
W3203804346,Memristor,0.9725861549377441,keyword
W3203804346,Neuromorphic engineering,0.9311478137969971,keyword
W3203804346,Materials science,0.6625468134880066,keyword
W3203804346,Nanotechnology,0.6104781627655029,keyword
W3203804346,Variety (cybernetics),0.5800556540489197,keyword
W3203804346,Computer architecture,0.493976891040802,keyword
W3203804346,Computer data storage,0.4625586271286011,keyword
W3203804346,Computer science,0.38596057891845703,keyword
W3203804346,Artificial neural network,0.3643222451210022,keyword
W3203804346,Artificial intelligence,0.26085570454597473,keyword
W3203804346,Electronic engineering,0.22518542408943176,keyword
W3203804346,Engineering,0.20091679692268372,keyword
W3203804346,Computer hardware,0.11462268233299255,keyword
W3203804346,Advanced Memory and Neural Computing,1.0,topic
W3203804346,Conducting polymers and applications,0.9987000226974487,topic
W3203804346,Perovskite Materials and Applications,0.9979000091552734,topic
W4404485569,Transformative learning,0.7894883155822754,keyword
W4404485569,Nanotechnology,0.6045603156089783,keyword
W4404485569,Computer science,0.48975706100463867,keyword
W4404485569,Data science,0.4874594211578369,keyword
W4404485569,Societal impact of nanotechnology,0.4368636906147003,keyword
W4404485569,Artificial intelligence,0.3669886589050293,keyword
W4404485569,Materials science,0.18737393617630005,keyword
W4404485569,Sociology,0.09652799367904663,keyword
W4404485569,Advanced Memory and Neural Computing,0.9918000102043152,topic
W4404485569,Machine Learning in Materials Science,0.9843000173568726,topic
W4404485569,Molecular Communication and Nanonetworks,0.9674000144004822,topic
W4409406251,Memristor,0.9648846387863159,keyword
W4409406251,Neuromorphic engineering,0.9645029306411743,keyword
W4409406251,Computer science,0.5909866690635681,keyword
W4409406251,Electronic engineering,0.46083977818489075,keyword
W4409406251,Resistive random-access memory,0.4474739730358124,keyword
W4409406251,Computer architecture,0.4474605321884155,keyword
W4409406251,Crossbar switch,0.4436270296573639,keyword
W4409406251,Power (physics),0.4179225564002991,keyword
W4409406251,Electrical engineering,0.346590131521225,keyword
W4409406251,Engineering,0.2684328556060791,keyword
W4409406251,Artificial neural network,0.23076128959655762,keyword
W4409406251,Artificial intelligence,0.18490028381347656,keyword
W4409406251,Voltage,0.1769498884677887,keyword
W4409406251,Physics,0.13569945096969604,keyword
W4409406251,Advanced Memory and Neural Computing,1.0,topic
W4409406251,Ferroelectric and Negative Capacitance Devices,0.9993000030517578,topic
W4409406251,Transition Metal Oxide Nanomaterials,0.9976999759674072,topic
W3100629219,Neuromorphic engineering,0.9674837589263916,keyword
W3100629219,Von Neumann architecture,0.7284935712814331,keyword
W3100629219,Bottleneck,0.6903613805770874,keyword
W3100629219,Computer science,0.6853710412979126,keyword
W3100629219,Computer architecture,0.6310793161392212,keyword
W3100629219,Memristor,0.5331199765205383,keyword
W3100629219,Computer data storage,0.5077182054519653,keyword
W3100629219,Big data,0.44342976808547974,keyword
W3100629219,Artificial intelligence,0.33163195848464966,keyword
W3100629219,Embedded system,0.31379565596580505,keyword
W3100629219,Artificial neural network,0.27271783351898193,keyword
W3100629219,Computer hardware,0.2627084255218506,keyword
W3100629219,Electronic engineering,0.2580533027648926,keyword
W3100629219,Engineering,0.18841812014579773,keyword
W3100629219,Advanced Memory and Neural Computing,0.9998999834060669,topic
W3100629219,Photoreceptor and optogenetics research,0.9977999925613403,topic
W3100629219,Advanced biosensing and bioanalysis techniques,0.996999979019165,topic
W4312220016,Computer science,0.7988101243972778,keyword
W4312220016,Scalability,0.7121778726577759,keyword
W4312220016,Computation,0.676151692867279,keyword
W4312220016,Artificial neural network,0.6114572286605835,keyword
W4312220016,Artificial intelligence,0.5954093933105469,keyword
W4312220016,Backpropagation,0.552418053150177,keyword
W4312220016,Deep learning,0.5071587562561035,keyword
W4312220016,Neuromorphic engineering,0.4773938059806824,keyword
W4312220016,Computer engineering,0.3561483323574066,keyword
W4312220016,Machine learning,0.3411095142364502,keyword
W4312220016,Algorithm,0.17083251476287842,keyword
W4312220016,Neural Networks and Reservoir Computing,1.0,topic
W4312220016,Advanced Memory and Neural Computing,0.9972000122070312,topic
W4312220016,Optical Network Technologies,0.9688000082969666,topic
W4309235946,Reconfigurability,0.8371471762657166,keyword
W4309235946,Transistor,0.60179603099823,keyword
W4309235946,Modulation (music),0.5895430445671082,keyword
W4309235946,Electronic circuit,0.5658838152885437,keyword
W4309235946,Computer science,0.5095489025115967,keyword
W4309235946,Electronic engineering,0.4827110469341278,keyword
W4309235946,Ambipolar diffusion,0.46370014548301697,keyword
W4309235946,SIGNAL (programming language),0.44743648171424866,keyword
W4309235946,Electrical engineering,0.3701753616333008,keyword
W4309235946,Voltage,0.2995610237121582,keyword
W4309235946,Physics,0.2962729334831238,keyword
W4309235946,Telecommunications,0.16010373830795288,keyword
W4309235946,Engineering,0.15603089332580566,keyword
W4309235946,Advanced Memory and Neural Computing,1.0,topic
W4309235946,Advancements in Semiconductor Devices and Circuit Design,1.0,topic
W4309235946,Semiconductor materials and devices,0.9998999834060669,topic
W3134642074,Visual prosthesis,0.7663339376449585,keyword
W3134642074,Retinal Prosthesis,0.7234441637992859,keyword
W3134642074,Retinitis pigmentosa,0.7211720943450928,keyword
W3134642074,Retinal,0.6530328989028931,keyword
W3134642074,Retinal implant,0.6511280536651611,keyword
W3134642074,Computer science,0.4786475896835327,keyword
W3134642074,Retina,0.4598437547683716,keyword
W3134642074,Stimulation,0.4362748861312866,keyword
W3134642074,Pixel,0.4335390031337738,keyword
W3134642074,Neuroscience,0.35682743787765503,keyword
W3134642074,Computer vision,0.3132750988006592,keyword
W3134642074,Medicine,0.26253336668014526,keyword
W3134642074,Ophthalmology,0.24432533979415894,keyword
W3134642074,Biology,0.18114277720451355,keyword
W3134642074,Neuroscience and Neural Engineering,1.0,topic
W3134642074,Photoreceptor and optogenetics research,0.9983999729156494,topic
W3134642074,Advanced Memory and Neural Computing,0.9979000091552734,topic
W3027001700,PEDOT:PSS,0.7359319925308228,keyword
W3027001700,Materials science,0.5686156153678894,keyword
W3027001700,Electrical impedance,0.5314775109291077,keyword
W3027001700,Nanotechnology,0.3966296911239624,keyword
W3027001700,Optoelectronics,0.3311237692832947,keyword
W3027001700,Electrical engineering,0.14221349358558655,keyword
W3027001700,Engineering,0.06421858072280884,keyword
W3027001700,Analytical Chemistry and Sensors,0.9998999834060669,topic
W3027001700,Neuroscience and Neural Engineering,0.9998000264167786,topic
W3027001700,Conducting polymers and applications,0.9997000098228455,topic
W4404536659,Coacervate,0.7978799343109131,keyword
W4404536659,PEDOT:PSS,0.7719554901123047,keyword
W4404536659,Materials science,0.633975625038147,keyword
W4404536659,Nanotechnology,0.5235856771469116,keyword
W4404536659,Fiber,0.5033017992973328,keyword
W4404536659,Voltage,0.4568593502044678,keyword
W4404536659,Polyelectrolyte,0.41536659002304077,keyword
W4404536659,Optoelectronics,0.34230226278305054,keyword
W4404536659,Electrical engineering,0.22911569476127625,keyword
W4404536659,Chemical engineering,0.18753644824028015,keyword
W4404536659,Composite material,0.1859157383441925,keyword
W4404536659,Polymer,0.15206286311149597,keyword
W4404536659,Advanced Sensor and Energy Harvesting Materials,0.9994999766349792,topic
W4404536659,Solar-Powered Water Purification Methods,0.9994000196456909,topic
W4404536659,Energy Harvesting in Wireless Networks,0.9975000023841858,topic
W3189667439,Microvesicles,0.842454731464386,keyword
W3189667439,Biology,0.676409125328064,keyword
W3189667439,Extracellular vesicles,0.6005242466926575,keyword
W3189667439,Stem cell,0.5640890598297119,keyword
W3189667439,Context (archaeology),0.555785596370697,keyword
W3189667439,Cancer stem cell,0.5489948987960815,keyword
W3189667439,Crosstalk,0.4923814535140991,keyword
W3189667439,Microvesicle,0.4889024794101715,keyword
W3189667439,Biogenesis,0.456277996301651,keyword
W3189667439,Cell biology,0.4551546275615692,keyword
W3189667439,Developmental biology,0.4310702681541443,keyword
W3189667439,Cancer cell,0.4294648766517639,keyword
W3189667439,Cancer,0.42907774448394775,keyword
W3189667439,microRNA,0.3144683539867401,keyword
W3189667439,Genetics,0.11019188165664673,keyword
W3189667439,Extracellular vesicles in disease,1.0,topic
W3189667439,MicroRNA in disease regulation,0.9926999807357788,topic
W3189667439,Circular RNAs in diseases,0.9465000033378601,topic
W3174164476,Membrane,0.7039850950241089,keyword
W3174164476,Wastewater,0.6108536720275879,keyword
W3174164476,Materials science,0.5800972580909729,keyword
W3174164476,Sewage treatment,0.48336976766586304,keyword
W3174164476,Chemical engineering,0.3913332521915436,keyword
W3174164476,Waste management,0.33393028378486633,keyword
W3174164476,Chemistry,0.24294981360435486,keyword
W3174164476,Engineering,0.23523038625717163,keyword
W3174164476,TiO2 Photocatalysis and Solar Cells,0.9961000084877014,topic
W3174164476,Extraction and Separation Processes,0.991100013256073,topic
W3174164476,Advanced Photocatalysis Techniques,0.9814000129699707,topic
W4403679457,Ferroelectricity,0.6667519807815552,keyword
W4403679457,Transistor,0.5985005497932434,keyword
W4403679457,Boundary (topology),0.5507529377937317,keyword
W4403679457,Phase (matter),0.494290828704834,keyword
W4403679457,Phase boundary,0.4843531847000122,keyword
W4403679457,Reservoir computing,0.47803816199302673,keyword
W4403679457,Analog computer,0.4502696990966797,keyword
W4403679457,Materials science,0.42123186588287354,keyword
W4403679457,Computer science,0.4192821979522705,keyword
W4403679457,Optoelectronics,0.32115286588668823,keyword
W4403679457,Electrical engineering,0.2491818368434906,keyword
W4403679457,Physics,0.21083390712738037,keyword
W4403679457,Voltage,0.12332448363304138,keyword
W4403679457,Engineering,0.11059188842773438,keyword
W4403679457,Mathematics,0.1001252830028534,keyword
W4403679457,Artificial intelligence,0.06963410973548889,keyword
W4403679457,Advanced Memory and Neural Computing,1.0,topic
W4403679457,Neural Networks and Reservoir Computing,1.0,topic
W4403679457,Ferroelectric and Negative Capacitance Devices,0.9993000030517578,topic
W4387761037,Tactile sensor,0.6643053293228149,keyword
W4387761037,Tactile perception,0.6362326145172119,keyword
W4387761037,Memory consolidation,0.5293871760368347,keyword
W4387761037,Computer science,0.5242324471473694,keyword
W4387761037,Sensory system,0.46463823318481445,keyword
W4387761037,Sensory stimulation therapy,0.43211978673934937,keyword
W4387761037,Perception,0.4118730127811432,keyword
W4387761037,Artificial intelligence,0.3979365825653076,keyword
W4387761037,Materials science,0.32254183292388916,keyword
W4387761037,Neuroscience,0.31368207931518555,keyword
W4387761037,Robot,0.15282174944877625,keyword
W4387761037,Psychology,0.11062097549438477,keyword
W4387761037,Advanced Sensor and Energy Harvesting Materials,0.9995999932289124,topic
W4387761037,Tactile and Sensory Interactions,0.9993000030517578,topic
W4387761037,Neuroscience and Neural Engineering,0.9984999895095825,topic
W4205605650,Extracellular vesicles,0.9215247631072998,keyword
W4205605650,Extracellular vesicle,0.6139666438102722,keyword
W4205605650,Mechanism (biology),0.5413408875465393,keyword
W4205605650,Isolation (microbiology),0.4974518120288849,keyword
W4205605650,Standardization,0.4559900760650635,keyword
W4205605650,Extracellular,0.4543033540248871,keyword
W4205605650,Computational biology,0.42083480954170227,keyword
W4205605650,Computer science,0.39947986602783203,keyword
W4205605650,Microvesicles,0.347933828830719,keyword
W4205605650,Biology,0.3160880208015442,keyword
W4205605650,Bioinformatics,0.3114956021308899,keyword
W4205605650,Cell biology,0.1666254699230194,keyword
W4205605650,microRNA,0.15062487125396729,keyword
W4205605650,Biochemistry,0.12368473410606384,keyword
W4205605650,Extracellular vesicles in disease,1.0,topic
W4205605650,MicroRNA in disease regulation,0.996399998664856,topic
W4205605650,RNA Interference and Gene Delivery,0.987500011920929,topic
W4284884231,Wearable computer,0.8346477746963501,keyword
W4284884231,Flexibility (engineering),0.7174190282821655,keyword
W4284884231,Computer science,0.5265942811965942,keyword
W4284884231,Wearable technology,0.5023930072784424,keyword
W4284884231,Human–computer interaction,0.4812695384025574,keyword
W4284884231,Field (mathematics),0.4647926688194275,keyword
W4284884231,Biomedicine,0.46079641580581665,keyword
W4284884231,Embedded system,0.33278268575668335,keyword
W4284884231,Advanced Sensor and Energy Harvesting Materials,0.9998999834060669,topic
W4284884231,Tactile and Sensory Interactions,0.9884999990463257,topic
W4284884231,Conducting polymers and applications,0.9848999977111816,topic
W4404120007,Philosophy,0.2248941957950592,keyword
W4404120007,Magnetic properties of thin films,0.30230000615119934,topic
W4404120007,Advanced Memory and Neural Computing,0.1826000064611435,topic
W4404120007,Neural Networks and Reservoir Computing,0.09300000220537186,topic
W3211701159,Intracellular,0.8331407904624939,keyword
W3211701159,Materials science,0.7401277422904968,keyword
W3211701159,Electrophysiology,0.660050630569458,keyword
W3211701159,Nanowire,0.5829666256904602,keyword
W3211701159,Nanotechnology,0.5430712699890137,keyword
W3211701159,Scalability,0.45637452602386475,keyword
W3211701159,Biophysics,0.3729190230369568,keyword
W3211701159,Neuroscience,0.33189135789871216,keyword
W3211701159,Computer science,0.23420783877372742,keyword
W3211701159,Biology,0.16605466604232788,keyword
W3211701159,Cell biology,0.1541147530078888,keyword
W3211701159,Neuroscience and Neural Engineering,1.0,topic
W3211701159,Advanced Memory and Neural Computing,0.998199999332428,topic
W3211701159,Neural dynamics and brain function,0.9977999925613403,topic
W4396240301,Neuromorphic engineering,0.9643586874008179,keyword
W4396240301,Spintronics,0.7805495262145996,keyword
W4396240301,Computer science,0.4633418023586273,keyword
W4396240301,Artificial intelligence,0.34762102365493774,keyword
W4396240301,Computer architecture,0.33762484788894653,keyword
W4396240301,Artificial neural network,0.1777699887752533,keyword
W4396240301,Physics,0.16946318745613098,keyword
W4396240301,Condensed matter physics,0.07096213102340698,keyword
W4396240301,Advanced Memory and Neural Computing,0.9998000264167786,topic
W4396240301,Neural Networks and Reservoir Computing,0.9984999895095825,topic
W4396240301,Ferroelectric and Negative Capacitance Devices,0.9975000023841858,topic
W4392379755,Sensory system,0.5945804715156555,keyword
W4392379755,Fabrication,0.5487648844718933,keyword
W4392379755,Computer science,0.436876118183136,keyword
W4392379755,Sensory substitution,0.42651498317718506,keyword
W4392379755,Nanotechnology,0.4261000454425812,keyword
W4392379755,Human–computer interaction,0.37574851512908936,keyword
W4392379755,Materials science,0.2821413278579712,keyword
W4392379755,Neuroscience,0.26216942071914673,keyword
W4392379755,Psychology,0.18744465708732605,keyword
W4392379755,Medicine,0.1686379313468933,keyword
W4392379755,Advanced Sensor and Energy Harvesting Materials,0.9998999834060669,topic
W4392379755,Tactile and Sensory Interactions,0.9984999895095825,topic
W4392379755,Conducting polymers and applications,0.9965000152587891,topic
W3031889543,Neuromorphic engineering,0.985871434211731,keyword
W3031889543,Bottleneck,0.7086998820304871,keyword
W3031889543,Computer science,0.6175873875617981,keyword
W3031889543,Von Neumann architecture,0.6126527786254883,keyword
W3031889543,Computer architecture,0.5602956414222717,keyword
W3031889543,Artificial neural network,0.3200187087059021,keyword
W3031889543,Artificial intelligence,0.30034083127975464,keyword
W3031889543,Embedded system,0.27001097798347473,keyword
W3031889543,Advanced Memory and Neural Computing,0.9998999834060669,topic
W3031889543,Ferroelectric and Negative Capacitance Devices,0.9983999729156494,topic
W3031889543,Magnetic properties of thin films,0.9965000152587891,topic
W4367835261,MXenes,0.8948527574539185,keyword
W4367835261,Materials science,0.8112324476242065,keyword
W4367835261,Electrode,0.6244601607322693,keyword
W4367835261,Optoelectronics,0.5642855763435364,keyword
W4367835261,Nanotechnology,0.5243525505065918,keyword
W4367835261,Energy conversion efficiency,0.5160934329032898,keyword
W4367835261,Miniaturization,0.5155298709869385,keyword
W4367835261,Solar cell,0.5002381801605225,keyword
W4367835261,Organic solar cell,0.4947180449962616,keyword
W4367835261,Photovoltaic system,0.46012043952941895,keyword
W4367835261,Electrical engineering,0.14398622512817383,keyword
W4367835261,Composite material,0.13680815696716309,keyword
W4367835261,Polymer,0.08364993333816528,keyword
W4367835261,MXene and MAX Phase Materials,0.9998999834060669,topic
W4367835261,Advanced Memory and Neural Computing,0.9994999766349792,topic
W4367835261,Advanced Sensor and Energy Harvesting Materials,0.9944000244140625,topic
W4398250612,Neuromorphic engineering,0.8812040090560913,keyword
W4398250612,Interfacing,0.6552597284317017,keyword
W4398250612,Olfactory system,0.6542879343032837,keyword
W4398250612,Computer science,0.6071168780326843,keyword
W4398250612,Olfaction,0.5650100111961365,keyword
W4398250612,Artificial intelligence,0.5594964027404785,keyword
W4398250612,Sensory system,0.5157011151313782,keyword
W4398250612,Odor,0.5003869533538818,keyword
W4398250612,Olfactory receptor,0.43763548135757446,keyword
W4398250612,Inference,0.43260452151298523,keyword
W4398250612,Artificial neural network,0.37621772289276123,keyword
W4398250612,Pattern recognition (psychology),0.35966983437538147,keyword
W4398250612,Neuroscience,0.35826602578163147,keyword
W4398250612,Biology,0.22797232866287231,keyword
W4398250612,Computer hardware,0.14938190579414368,keyword
W4398250612,Olfactory and Sensory Function Studies,0.9997000098228455,topic
W4398250612,Advanced Chemical Sensor Technologies,0.9972000122070312,topic
W4398250612,Photochromic and Fluorescence Chemistry,0.995199978351593,topic
W4377145617,Ferroelectricity,0.67093825340271,keyword
W4377145617,Non-volatile memory,0.6569596529006958,keyword
W4377145617,Von Neumann architecture,0.6284641623497009,keyword
W4377145617,Computer science,0.5746318697929382,keyword
W4377145617,Ferroelectric capacitor,0.5662103891372681,keyword
W4377145617,Dram,0.5576500296592712,keyword
W4377145617,Neuromorphic engineering,0.5473187565803528,keyword
W4377145617,Ferroelectric RAM,0.5224377512931824,keyword
W4377145617,Capacitor,0.4764323830604553,keyword
W4377145617,Flash memory,0.46550968289375305,keyword
W4377145617,Materials science,0.45183265209198,keyword
W4377145617,Voltage,0.40222862362861633,keyword
W4377145617,Electronic engineering,0.40038803219795227,keyword
W4377145617,Electrical engineering,0.38279488682746887,keyword
W4377145617,Optoelectronics,0.3793857991695404,keyword
W4377145617,Computer hardware,0.35721755027770996,keyword
W4377145617,Engineering,0.1738114058971405,keyword
W4377145617,Ferroelectric and Negative Capacitance Devices,1.0,topic
W4377145617,Advanced Memory and Neural Computing,0.9994999766349792,topic
W4377145617,2D Materials and Applications,0.9952999949455261,topic
W4388822849,Memristor,0.8299977779388428,keyword
W4388822849,Computer science,0.7025336027145386,keyword
W4388822849,Artificial neural network,0.6748970150947571,keyword
W4388822849,Artificial intelligence,0.5760042667388916,keyword
W4388822849,Inference,0.5668824911117554,keyword
W4388822849,Bayesian inference,0.547836184501648,keyword
W4388822849,Bayesian probability,0.5300685167312622,keyword
W4388822849,Graphics processing unit,0.5109159350395203,keyword
W4388822849,Probabilistic logic,0.4912411570549011,keyword
W4388822849,Machine learning,0.47533535957336426,keyword
W4388822849,Bayesian network,0.4395570456981659,keyword
W4388822849,Engineering,0.12934967875480652,keyword
W4388822849,Parallel computing,0.12300652265548706,keyword
W4388822849,Electronic engineering,0.09836268424987793,keyword
W4388822849,Advanced Memory and Neural Computing,1.0,topic
W4388822849,Neural dynamics and brain function,0.9973999857902527,topic
W4388822849,CCD and CMOS Imaging Sensors,0.9958999752998352,topic
W3048306463,Neuromorphic engineering,0.886547327041626,keyword
W3048306463,Memristor,0.8790683150291443,keyword
W3048306463,Conductance,0.7141156792640686,keyword
W3048306463,Interface (matter),0.6552537083625793,keyword
W3048306463,Materials science,0.6509380340576172,keyword
W3048306463,Optoelectronics,0.4747990667819977,keyword
W3048306463,MNIST database,0.47300654649734497,keyword
W3048306463,Computer science,0.4619446396827698,keyword
W3048306463,Crossbar switch,0.4386708438396454,keyword
W3048306463,Artificial neural network,0.4185337424278259,keyword
W3048306463,Electrical engineering,0.2626676559448242,keyword
W3048306463,Artificial intelligence,0.16897889971733093,keyword
W3048306463,Physics,0.14810696244239807,keyword
W3048306463,Engineering,0.11495724320411682,keyword
W3048306463,Telecommunications,0.08656293153762817,keyword
W3048306463,Advanced Memory and Neural Computing,1.0,topic
W3048306463,Ferroelectric and Negative Capacitance Devices,0.9987000226974487,topic
W3048306463,CCD and CMOS Imaging Sensors,0.9986000061035156,topic
W4383536064,Materials science,0.8184903860092163,keyword
W4383536064,Heterojunction,0.7984550595283508,keyword
W4383536064,Halide,0.7290784120559692,keyword
W4383536064,Optoelectronics,0.7281113862991333,keyword
W4383536064,Perovskite (structure),0.7065806984901428,keyword
W4383536064,Photodetector,0.6814262270927429,keyword
W4383536064,Responsivity,0.6801053881645203,keyword
W4383536064,Semiconductor,0.6627695560455322,keyword
W4383536064,Organic semiconductor,0.6366513967514038,keyword
W4383536064,Exciton,0.41004252433776855,keyword
W4383536064,Nanotechnology,0.353792667388916,keyword
W4383536064,Chemistry,0.0846911072731018,keyword
W4383536064,Inorganic chemistry,0.06104353070259094,keyword
W4383536064,Physics,0.05611392855644226,keyword
W4383536064,Perovskite Materials and Applications,1.0,topic
W4383536064,Advanced Memory and Neural Computing,0.9993000030517578,topic
W4383536064,Conducting polymers and applications,0.9987000226974487,topic
W4210786061,Physics,0.3441357910633087,keyword
W4210786061,Nanotechnology,0.3362767696380615,keyword
W4210786061,Materials science,0.32762250304222107,keyword
W4210786061,Computer science,0.32454225420951843,keyword
W4210786061,Advanced Memory and Neural Computing,0.9998999834060669,topic
W4210786061,Ferroelectric and Negative Capacitance Devices,0.9955999851226807,topic
W4210786061,Phase-change materials and chalcogenides,0.9883999824523926,topic
W4388145852,Memristor,0.921062707901001,keyword
W4388145852,Neuromorphic engineering,0.8441829681396484,keyword
W4388145852,Materials science,0.637746274471283,keyword
W4388145852,Nanotechnology,0.5958795547485352,keyword
W4388145852,Emulation,0.4726278483867645,keyword
W4388145852,Heterojunction,0.46666091680526733,keyword
W4388145852,Annealing (glass),0.4333338439464569,keyword
W4388145852,Crossbar switch,0.42932748794555664,keyword
W4388145852,Computer science,0.41138774156570435,keyword
W4388145852,Optoelectronics,0.3352339565753937,keyword
W4388145852,Artificial neural network,0.2838926911354065,keyword
W4388145852,Electronic engineering,0.2837248146533966,keyword
W4388145852,Engineering,0.28060001134872437,keyword
W4388145852,Artificial intelligence,0.2617737054824829,keyword
W4388145852,Advanced Memory and Neural Computing,1.0,topic
W4388145852,Ferroelectric and Negative Capacitance Devices,0.9987999796867371,topic
W4388145852,Neuroscience and Neural Engineering,0.9984999895095825,topic
W4210635490,Neuromorphic engineering,0.7675989866256714,keyword
W4210635490,MNIST database,0.6469798684120178,keyword
W4210635490,Artificial neural network,0.5886685848236084,keyword
W4210635490,Materials science,0.5750220417976379,keyword
W4210635490,Computer science,0.4685229957103729,keyword
W4210635490,Electronic engineering,0.45064952969551086,keyword
W4210635490,Wafer,0.4119337797164917,keyword
W4210635490,Optoelectronics,0.3681035041809082,keyword
W4210635490,Artificial intelligence,0.24687913060188293,keyword
W4210635490,Engineering,0.17085102200508118,keyword
W4210635490,Ferroelectric and Negative Capacitance Devices,1.0,topic
W4210635490,Advanced Memory and Neural Computing,0.998199999332428,topic
W4210635490,Advancements in Semiconductor Devices and Circuit Design,0.9968000054359436,topic
W4391885812,Reservoir computing,0.9395105838775635,keyword
W4391885812,Computer science,0.7471531629562378,keyword
W4391885812,Adaptability,0.6993797421455383,keyword
W4391885812,Neuromorphic engineering,0.5216037034988403,keyword
W4391885812,Transistor,0.459191232919693,keyword
W4391885812,Architecture,0.44319018721580505,keyword
W4391885812,SIGNAL (programming language),0.42531174421310425,keyword
W4391885812,Artificial neural network,0.42428457736968994,keyword
W4391885812,Artificial intelligence,0.35856184363365173,keyword
W4391885812,Distributed computing,0.3371918201446533,keyword
W4391885812,Recurrent neural network,0.17304375767707825,keyword
W4391885812,Voltage,0.12761345505714417,keyword
W4391885812,Engineering,0.10109981894493103,keyword
W4391885812,Electrical engineering,0.09371095895767212,keyword
W4391885812,Neural Networks and Reservoir Computing,1.0,topic
W4391885812,Advanced Memory and Neural Computing,0.9993000030517578,topic
W4391885812,Neural dynamics and brain function,0.9818999767303467,topic
W4328091372,Computer science,0.5825538635253906,keyword
W4328091372,Neuroscience,0.5104257464408875,keyword
W4328091372,Computer hardware,0.3231756389141083,keyword
W4328091372,Biology,0.2175125777721405,keyword
W4328091372,Advanced Memory and Neural Computing,0.9998999834060669,topic
W4328091372,CCD and CMOS Imaging Sensors,0.9984999895095825,topic
W4328091372,Neural dynamics and brain function,0.9977999925613403,topic
W3101951904,Materials science,0.8810495734214783,keyword
W3101951904,Triphenylamine,0.6040322184562683,keyword
W3101951904,Polyimide,0.5930291414260864,keyword
W3101951904,Optoelectronics,0.5590941905975342,keyword
W3101951904,Acceptor,0.524071455001831,keyword
W3101951904,Resistive random-access memory,0.45047271251678467,keyword
W3101951904,Crystallinity,0.448037326335907,keyword
W3101951904,Layer (electronics),0.437956839799881,keyword
W3101951904,Nanotechnology,0.35639700293540955,keyword
W3101951904,Voltage,0.24076765775680542,keyword
W3101951904,Composite material,0.21590334177017212,keyword
W3101951904,Electrical engineering,0.12267428636550903,keyword
W3101951904,Covalent Organic Framework Applications,0.9998000264167786,topic
W3101951904,Advanced Memory and Neural Computing,0.9997000098228455,topic
W3101951904,Luminescence and Fluorescent Materials,0.9983999729156494,topic
W4380576630,Neuromorphic engineering,0.8984737396240234,keyword
W4380576630,Suboxide,0.7806895971298218,keyword
W4380576630,Bilayer,0.6033536195755005,keyword
W4380576630,Materials science,0.5981918573379517,keyword
W4380576630,Synaptic weight,0.5832844972610474,keyword
W4380576630,Memristor,0.5484597682952881,keyword
W4380576630,Protein filament,0.45111942291259766,keyword
W4380576630,Topology (electrical circuits),0.44284284114837646,keyword
W4380576630,Optoelectronics,0.4290541410446167,keyword
W4380576630,Oxide,0.4236324429512024,keyword
W4380576630,Conductance,0.4185490608215332,keyword
W4380576630,Nanotechnology,0.3768233358860016,keyword
W4380576630,Computer science,0.3557348847389221,keyword
W4380576630,Artificial neural network,0.33740007877349854,keyword
W4380576630,Electronic engineering,0.27505558729171753,keyword
W4380576630,Silicon,0.2568569481372833,keyword
W4380576630,Physics,0.20876750349998474,keyword
W4380576630,Electrical engineering,0.19819462299346924,keyword
W4380576630,Chemistry,0.17273840308189392,keyword
W4380576630,Condensed matter physics,0.155437171459198,keyword
W4380576630,Artificial intelligence,0.12427258491516113,keyword
W4380576630,Membrane,0.10507822036743164,keyword
W4380576630,Advanced Memory and Neural Computing,1.0,topic
W4380576630,Photoreceptor and optogenetics research,0.9976999759674072,topic
W4380576630,Neuroscience and Neural Engineering,0.9976000189781189,topic
W3044166946,Neuromorphic engineering,0.7502145767211914,keyword
W3044166946,Neural facilitation,0.6229840517044067,keyword
W3044166946,Computer science,0.5982466340065002,keyword
W3044166946,Synaptic plasticity,0.5207695364952087,keyword
W3044166946,Long-term potentiation,0.48724618554115295,keyword
W3044166946,Synapse,0.48261508345603943,keyword
W3044166946,Transistor,0.48120787739753723,keyword
W3044166946,Neuroscience,0.4809921979904175,keyword
W3044166946,Spiking neural network,0.45246976613998413,keyword
W3044166946,Physics,0.40826916694641113,keyword
W3044166946,Materials science,0.40418633818626404,keyword
W3044166946,Optoelectronics,0.3566521108150482,keyword
W3044166946,Artificial neural network,0.32346296310424805,keyword
W3044166946,Chemistry,0.31487125158309937,keyword
W3044166946,Excitatory postsynaptic potential,0.2715194821357727,keyword
W3044166946,Inhibitory postsynaptic potential,0.24889612197875977,keyword
W3044166946,Voltage,0.24257799983024597,keyword
W3044166946,Artificial intelligence,0.2122674286365509,keyword
W3044166946,Biology,0.1974257230758667,keyword
W3044166946,Advanced Memory and Neural Computing,1.0,topic
W3044166946,Ferroelectric and Negative Capacitance Devices,0.998199999332428,topic
W3044166946,Photoreceptor and optogenetics research,0.9977999925613403,topic
W4362514357,Superlens,0.7893095016479492,keyword
W4362514357,Metamaterial,0.7770453691482544,keyword
W4362514357,Lens (geology),0.7399661540985107,keyword
W4362514357,Optics,0.5827261805534363,keyword
W4362514357,Through-the-lens metering,0.46985307335853577,keyword
W4362514357,Physics,0.35460197925567627,keyword
W4362514357,Computer science,0.3374015986919403,keyword
W4362514357,Nanotechnology,0.3205462396144867,keyword
W4362514357,Materials science,0.2091732621192932,keyword
W4362514357,Metamaterials and Metasurfaces Applications,0.9998999834060669,topic
W4362514357,Advanced Antenna and Metasurface Technologies,0.9976999759674072,topic
W4362514357,Plasmonic and Surface Plasmon Research,0.9879999756813049,topic
W4381252071,Neuromorphic engineering,0.9334816932678223,keyword
W4381252071,Resistive random-access memory,0.6720433235168457,keyword
W4381252071,Memristor,0.660001814365387,keyword
W4381252071,Computer science,0.6443256139755249,keyword
W4381252071,Non-volatile memory,0.586610734462738,keyword
W4381252071,Fabrication,0.5671775341033936,keyword
W4381252071,Computer data storage,0.5458200573921204,keyword
W4381252071,Computer architecture,0.49190378189086914,keyword
W4381252071,Embedded system,0.4694250226020813,keyword
W4381252071,Computer hardware,0.37770652770996094,keyword
W4381252071,Nanotechnology,0.34402623772621155,keyword
W4381252071,Materials science,0.33608952164649963,keyword
W4381252071,Electronic engineering,0.2989600896835327,keyword
W4381252071,Electrical engineering,0.29711371660232544,keyword
W4381252071,Engineering,0.15201884508132935,keyword
W4381252071,Voltage,0.14479762315750122,keyword
W4381252071,Artificial intelligence,0.09599897265434265,keyword
W4381252071,Artificial neural network,0.08033403754234314,keyword
W4381252071,Advanced Memory and Neural Computing,1.0,topic
W4381252071,Transition Metal Oxide Nanomaterials,0.9987999796867371,topic
W4381252071,Ferroelectric and Negative Capacitance Devices,0.9955999851226807,topic
W3136081342,Materials science,0.8118768334388733,keyword
W3136081342,Photocurrent,0.6652731895446777,keyword
W3136081342,Annealing (glass),0.6608419418334961,keyword
W3136081342,Band gap,0.6437530517578125,keyword
W3136081342,Thin film,0.6226085424423218,keyword
W3136081342,Chemical engineering,0.5354253053665161,keyword
W3136081342,Oxide,0.44129958748817444,keyword
W3136081342,Sputtering,0.4329805076122284,keyword
W3136081342,Optoelectronics,0.4247764050960541,keyword
W3136081342,Water splitting,0.419129878282547,keyword
W3136081342,Analytical Chemistry (journal),0.38896772265434265,keyword
W3136081342,Nanotechnology,0.23451566696166992,keyword
W3136081342,Photocatalysis,0.1575460433959961,keyword
W3136081342,Composite material,0.13880592584609985,keyword
W3136081342,Chemistry,0.12489977478981018,keyword
W3136081342,Metallurgy,0.07163470983505249,keyword
W3136081342,Advanced Photocatalysis Techniques,0.9998999834060669,topic
W3136081342,Gas Sensing Nanomaterials and Sensors,0.9993000030517578,topic
W3136081342,Ga2O3 and related materials,0.9980999827384949,topic
W3004441219,Memristor,0.8427212238311768,keyword
W3004441219,Resistor,0.5833067297935486,keyword
W3004441219,Capacitor,0.49217286705970764,keyword
W3004441219,Microtubule,0.46493786573410034,keyword
W3004441219,Electrical element,0.4466893970966339,keyword
W3004441219,Physics,0.4414719343185425,keyword
W3004441219,Nanotechnology,0.387675404548645,keyword
W3004441219,Voltage,0.37915006279945374,keyword
W3004441219,Materials science,0.3424701690673828,keyword
W3004441219,Biology,0.1343376636505127,keyword
W3004441219,Advanced Memory and Neural Computing,0.9998999834060669,topic
W3004441219,Photoreceptor and optogenetics research,0.9997000098228455,topic
W3004441219,Neural dynamics and brain function,0.9975000023841858,topic
W4312224149,Neuromorphic engineering,0.8807845115661621,keyword
W4312224149,Transistor,0.6803902387619019,keyword
W4312224149,Optoelectronics,0.5520018339157104,keyword
W4312224149,Power consumption,0.5278831720352173,keyword
W4312224149,Materials science,0.48701363801956177,keyword
W4312224149,Exciton,0.4419775903224945,keyword
W4312224149,Semiconductor,0.43995505571365356,keyword
W4312224149,Topology (electrical circuits),0.374245822429657,keyword
W4312224149,Computer science,0.37287402153015137,keyword
W4312224149,Physics,0.35944780707359314,keyword
W4312224149,Power (physics),0.30632275342941284,keyword
W4312224149,Artificial neural network,0.28052300214767456,keyword
W4312224149,Electrical engineering,0.2365177869796753,keyword
W4312224149,Condensed matter physics,0.2157692015171051,keyword
W4312224149,Artificial intelligence,0.11352753639221191,keyword
W4312224149,Engineering,0.09346669912338257,keyword
W4312224149,Voltage,0.08165004849433899,keyword
W4312224149,Quantum mechanics,0.07432174682617188,keyword
W4312224149,Advanced Memory and Neural Computing,0.9998999834060669,topic
W4312224149,2D Materials and Applications,0.9997000098228455,topic
W4312224149,Ferroelectric and Negative Capacitance Devices,0.9987000226974487,topic
W3186997523,Triboelectric effect,0.948914647102356,keyword
W3186997523,Nanogenerator,0.9348939061164856,keyword
W3186997523,Piezoelectricity,0.7845141887664795,keyword
W3186997523,Pyroelectricity,0.7222841382026672,keyword
W3186997523,Materials science,0.6312744617462158,keyword
W3186997523,Nanotechnology,0.48405924439430237,keyword
W3186997523,Pressure sensor,0.4136480689048767,keyword
W3186997523,Optoelectronics,0.407236248254776,keyword
W3186997523,Dielectric,0.3757127523422241,keyword
W3186997523,Electrical engineering,0.36168262362480164,keyword
W3186997523,Ferroelectricity,0.23690015077590942,keyword
W3186997523,Engineering,0.15172141790390015,keyword
W3186997523,Mechanical engineering,0.14025366306304932,keyword
W3186997523,Advanced Sensor and Energy Harvesting Materials,0.9998000264167786,topic
W3186997523,Perovskite Materials and Applications,0.9994000196456909,topic
W3186997523,Conducting polymers and applications,0.9983999729156494,topic
W3160966328,SILK,0.8225040435791016,keyword
W3160966328,Materials science,0.6673234105110168,keyword
W3160966328,Electronics,0.5931709408760071,keyword
W3160966328,Nanotechnology,0.5899392366409302,keyword
W3160966328,Photovoltaic system,0.4566574990749359,keyword
W3160966328,Electrical engineering,0.18399763107299805,keyword
W3160966328,Engineering,0.1371156871318817,keyword
W3160966328,Composite material,0.13662782311439514,keyword
W3160966328,Silk-based biomaterials and applications,1.0,topic
W3160966328,Advanced Sensor and Energy Harvesting Materials,0.9947999715805054,topic
W3160966328,Conducting polymers and applications,0.9818999767303467,topic
W4416608497,Nanowire,0.8445000052452087,keyword
W4416608497,Neuromorphic engineering,0.7459999918937683,keyword
W4416608497,Subthreshold conduction,0.6234999895095825,keyword
W4416608497,Indium arsenide,0.5946999788284302,keyword
W4416608497,Threshold voltage,0.5630999803543091,keyword
W4416608497,Field-effect transistor,0.46309998631477356,keyword
W4416608497,Transistor,0.43779999017715454,keyword
W4416608497,Electron mobility,0.41350001096725464,keyword
W4416608497,Indium,0.384799987077713,keyword
W4416608497,Advanced Memory and Neural Computing,0.38449999690055847,topic
W4416608497,Nanowire Synthesis and Applications,0.27720001339912415,topic
W4416608497,Ferroelectric and Negative Capacitance Devices,0.10409999638795853,topic
W4391255319,Leverage (statistics),0.7441893219947815,keyword
W4391255319,Computer science,0.7324928045272827,keyword
W4391255319,Reservoir computing,0.6453859806060791,keyword
W4391255319,Energy consumption,0.5431245565414429,keyword
W4391255319,Edge computing,0.5190216302871704,keyword
W4391255319,Software,0.49915242195129395,keyword
W4391255319,Deep learning,0.45923954248428345,keyword
W4391255319,Electronics,0.45112815499305725,keyword
W4391255319,Embedded system,0.44546428322792053,keyword
W4391255319,Field (mathematics),0.4431619346141815,keyword
W4391255319,Memristor,0.42526301741600037,keyword
W4391255319,Data processing,0.4142466187477112,keyword
W4391255319,Computer data storage,0.41412651538848877,keyword
W4391255319,In-Memory Processing,0.410905659198761,keyword
W4391255319,Computer engineering,0.3538910150527954,keyword
W4391255319,Computer architecture,0.3492288291454315,keyword
W4391255319,Artificial intelligence,0.34232330322265625,keyword
W4391255319,Distributed computing,0.3334972858428955,keyword
W4391255319,Computer hardware,0.3019563555717468,keyword
W4391255319,Enhanced Data Rates for GSM Evolution,0.2542707622051239,keyword
W4391255319,Artificial neural network,0.20580795407295227,keyword
W4391255319,Engineering,0.1332816183567047,keyword
W4391255319,Electrical engineering,0.13089588284492493,keyword
W4391255319,Database,0.09929421544075012,keyword
W4391255319,Advanced Memory and Neural Computing,1.0,topic
W4391255319,Neural Networks and Reservoir Computing,0.9998999834060669,topic
W4391255319,Neural dynamics and brain function,0.9976000189781189,topic
W4387844567,Homojunction,0.6954311728477478,keyword
W4387844567,Materials science,0.6490246057510376,keyword
W4387844567,Logic gate,0.5517350435256958,keyword
W4387844567,NAND gate,0.5204891562461853,keyword
W4387844567,Optoelectronics,0.49395138025283813,keyword
W4387844567,Electronic circuit,0.4576221704483032,keyword
W4387844567,Reconfigurability,0.41432666778564453,keyword
W4387844567,Non-volatile memory,0.4123857021331787,keyword
W4387844567,Computer science,0.3786347508430481,keyword
W4387844567,Nanotechnology,0.3779194951057434,keyword
W4387844567,Electrical engineering,0.33684661984443665,keyword
W4387844567,Electronic engineering,0.33000966906547546,keyword
W4387844567,Engineering,0.14748823642730713,keyword
W4387844567,Heterojunction,0.11313942074775696,keyword
W4387844567,Telecommunications,0.09131243824958801,keyword
W4387844567,2D Materials and Applications,0.9998000264167786,topic
W4387844567,Ferroelectric and Negative Capacitance Devices,0.9997000098228455,topic
W4387844567,Advanced Sensor and Energy Harvesting Materials,0.9990000128746033,topic
W4386293006,Neuromorphic engineering,0.965382993221283,keyword
W4386293006,Conformable matrix,0.9058045148849487,keyword
W4386293006,Wearable computer,0.6757817268371582,keyword
W4386293006,Tactile sensor,0.526982307434082,keyword
W4386293006,Artificial intelligence,0.5236501693725586,keyword
W4386293006,Computer science,0.5035688281059265,keyword
W4386293006,Encoding (memory),0.481852650642395,keyword
W4386293006,Interface (matter),0.4574514925479889,keyword
W4386293006,Wearable technology,0.4511064291000366,keyword
W4386293006,Robotics,0.430602103471756,keyword
W4386293006,Artificial neural network,0.414492130279541,keyword
W4386293006,Electronic skin,0.41182243824005127,keyword
W4386293006,Human–computer interaction,0.3239642381668091,keyword
W4386293006,Materials science,0.31185445189476013,keyword
W4386293006,Robot,0.28107327222824097,keyword
W4386293006,Nanotechnology,0.2707980275154114,keyword
W4386293006,Embedded system,0.262332022190094,keyword
W4386293006,Advanced Sensor and Energy Harvesting Materials,1.0,topic
W4386293006,Advanced Memory and Neural Computing,0.9994000196456909,topic
W4386293006,Conducting polymers and applications,0.9993000030517578,topic
W3132779119,Photodetector,0.890877902507782,keyword
W3132779119,Perovskite (structure),0.706800103187561,keyword
W3132779119,Materials science,0.6583720445632935,keyword
W3132779119,Halide,0.6526896953582764,keyword
W3132779119,Optoelectronics,0.6346202492713928,keyword
W3132779119,Semiconductor,0.4340238571166992,keyword
W3132779119,Nanotechnology,0.41693389415740967,keyword
W3132779119,Infrared,0.4106505811214447,keyword
W3132779119,Optics,0.18660160899162292,keyword
W3132779119,Physics,0.13188359141349792,keyword
W3132779119,Chemistry,0.1193569004535675,keyword
W3132779119,Crystallography,0.0744512677192688,keyword
W3132779119,Inorganic chemistry,0.06847324967384338,keyword
W3132779119,Perovskite Materials and Applications,1.0,topic
W3132779119,Ga2O3 and related materials,0.9948999881744385,topic
W3132779119,Luminescence Properties of Advanced Materials,0.9905999898910522,topic
W3012341006,Neuromorphic engineering,0.5645913481712341,keyword
W3012341006,Neuroscience,0.5287242531776428,keyword
W3012341006,Brain implant,0.506199300289154,keyword
W3012341006,Neural facilitation,0.5000059604644775,keyword
W3012341006,Materials science,0.4983830451965332,keyword
W3012341006,Semiconductor memory,0.49517980217933655,keyword
W3012341006,Computer science,0.48904213309288025,keyword
W3012341006,Mechanism (biology),0.4875194728374481,keyword
W3012341006,Pulse (music),0.4317987263202667,keyword
W3012341006,Nanotechnology,0.35316741466522217,keyword
W3012341006,Computer hardware,0.20452508330345154,keyword
W3012341006,Psychology,0.19993120431900024,keyword
W3012341006,Excitatory postsynaptic potential,0.1799817979335785,keyword
W3012341006,Physics,0.1774163544178009,keyword
W3012341006,Artificial neural network,0.1472751498222351,keyword
W3012341006,Telecommunications,0.12649530172348022,keyword
W3012341006,Inhibitory postsynaptic potential,0.10492342710494995,keyword
W3012341006,Advanced Memory and Neural Computing,0.46799999475479126,topic
W3012341006,Neuroscience and Neural Engineering,0.04690000042319298,topic
W3012341006,Molecular Communication and Nanonetworks,0.030300000682473183,topic
W4220972781,Neuromorphic engineering,0.7857934236526489,keyword
W4220972781,Electronics,0.7333753705024719,keyword
W4220972781,Computer science,0.6727637052536011,keyword
W4220972781,Transistor,0.6076390743255615,keyword
W4220972781,Wearable computer,0.5176430344581604,keyword
W4220972781,Wearable technology,0.5172534584999084,keyword
W4220972781,Computation,0.5046719312667847,keyword
W4220972781,Robotics,0.5028528571128845,keyword
W4220972781,Computer architecture,0.48026156425476074,keyword
W4220972781,Electronic systems,0.44155260920524597,keyword
W4220972781,Embedded system,0.37360864877700806,keyword
W4220972781,Electronic engineering,0.31979215145111084,keyword
W4220972781,Electrical engineering,0.2859545946121216,keyword
W4220972781,Artificial intelligence,0.2744818329811096,keyword
W4220972781,Robot,0.1779308319091797,keyword
W4220972781,Engineering,0.1458950936794281,keyword
W4220972781,Artificial neural network,0.08843964338302612,keyword
W4220972781,Advanced Sensor and Energy Harvesting Materials,0.9998999834060669,topic
W4220972781,Advanced Memory and Neural Computing,0.9995999932289124,topic
W4220972781,Conducting polymers and applications,0.9991999864578247,topic
W3013382035,Recurrent neural network,0.9139939546585083,keyword
W3013382035,Computer science,0.8507684469223022,keyword
W3013382035,Implementation,0.7329662442207336,keyword
W3013382035,Flexibility (engineering),0.68301922082901,keyword
W3013382035,Overhead (engineering),0.5347432494163513,keyword
W3013382035,Realization (probability),0.4524865448474884,keyword
W3013382035,Perspective (graphical),0.4318471848964691,keyword
W3013382035,Artificial intelligence,0.38825738430023193,keyword
W3013382035,Computer engineering,0.37049317359924316,keyword
W3013382035,Machine learning,0.33251529932022095,keyword
W3013382035,Distributed computing,0.32407665252685547,keyword
W3013382035,Artificial neural network,0.27217188477516174,keyword
W3013382035,Programming language,0.14040252566337585,keyword
W3013382035,Advanced Neural Network Applications,0.9994000196456909,topic
W3013382035,Neural Networks and Applications,0.9990000128746033,topic
W3013382035,Machine Learning and Data Classification,0.9933000206947327,topic
W3122751470,Biosensor,0.7325643301010132,keyword
W3122751470,Biocompatible material,0.5969304442405701,keyword
W3122751470,Biomedical engineering,0.5746309161186218,keyword
W3122751470,Materials science,0.5488279461860657,keyword
W3122751470,Nanotechnology,0.5010325908660889,keyword
W3122751470,Silicone,0.48174241185188293,keyword
W3122751470,Microfluidics,0.458514928817749,keyword
W3122751470,Computer science,0.4397684931755066,keyword
W3122751470,Rapid prototyping,0.4342455267906189,keyword
W3122751470,Medicine,0.13614705204963684,keyword
W3122751470,Advanced Sensor and Energy Harvesting Materials,0.9995999932289124,topic
W3122751470,Electrospun Nanofibers in Biomedical Applications,0.993399977684021,topic
W3122751470,Neuroscience and Neural Engineering,0.9807000160217285,topic
W4290072650,Non-volatile memory,0.7438976168632507,keyword
W4290072650,Materials science,0.6659937500953674,keyword
W4290072650,Optoelectronics,0.6592442989349365,keyword
W4290072650,Charge (physics),0.6252915263175964,keyword
W4290072650,Layer (electronics),0.6250032186508179,keyword
W4290072650,Voltage,0.5462751388549805,keyword
W4290072650,Resistive touchscreen,0.5035004019737244,keyword
W4290072650,Ultrashort pulse,0.48314589262008667,keyword
W4290072650,Resistive random-access memory,0.4186931848526001,keyword
W4290072650,Nanotechnology,0.30900153517723083,keyword
W4290072650,Electrical engineering,0.2148212194442749,keyword
W4290072650,Physics,0.14304104447364807,keyword
W4290072650,Optics,0.10128355026245117,keyword
W4290072650,Advanced Memory and Neural Computing,1.0,topic
W4290072650,Ferroelectric and Negative Capacitance Devices,0.9995999932289124,topic
W4290072650,Semiconductor materials and devices,0.9991999864578247,topic
W4387100047,Connectome,0.782372236251831,keyword
W4387100047,Computer science,0.6626116037368774,keyword
W4387100047,Engram,0.6488115191459656,keyword
W4387100047,Neuroscience,0.553332507610321,keyword
W4387100047,Memory consolidation,0.542932391166687,keyword
W4387100047,Neuromorphic engineering,0.496371328830719,keyword
W4387100047,Connectomics,0.41986048221588135,keyword
W4387100047,Artificial neural network,0.3834870755672455,keyword
W4387100047,Artificial intelligence,0.3639141917228699,keyword
W4387100047,Cognitive science,0.3622312545776367,keyword
W4387100047,Functional connectivity,0.3294888436794281,keyword
W4387100047,Biology,0.20176392793655396,keyword
W4387100047,Psychology,0.19836819171905518,keyword
W4387100047,Hippocampus,0.11544495820999146,keyword
W4387100047,Advanced Memory and Neural Computing,0.9998999834060669,topic
W4387100047,Neural dynamics and brain function,0.9998000264167786,topic
W4387100047,Photoreceptor and optogenetics research,0.9991000294685364,topic
W4400234784,Neuromorphic engineering,0.903205394744873,keyword
W4400234784,Computer science,0.687987744808197,keyword
W4400234784,Artificial intelligence,0.6208840608596802,keyword
W4400234784,Artificial neural network,0.5117101669311523,keyword
W4400234784,Robot,0.4126380980014801,keyword
W4400234784,Neuroscience,0.36076655983924866,keyword
W4400234784,Psychology,0.09453824162483215,keyword
W4400234784,Advanced Memory and Neural Computing,0.9998999834060669,topic
W4400234784,Neural Networks and Reservoir Computing,0.9948999881744385,topic
W4400234784,Photoreceptor and optogenetics research,0.9879999756813049,topic
W4324055443,Oxidative stress,0.7026079297065735,keyword
W4324055443,Nanotoxicology,0.6689600944519043,keyword
W4324055443,Nanotechnology,0.6293618083000183,keyword
W4324055443,Reactive oxygen species,0.5294349193572998,keyword
W4324055443,Nanoparticle,0.4426409602165222,keyword
W4324055443,Biochemical engineering,0.42795461416244507,keyword
W4324055443,Chemistry,0.38225945830345154,keyword
W4324055443,Materials science,0.3036527633666992,keyword
W4324055443,Biochemistry,0.10970166325569153,keyword
W4324055443,Engineering,0.10707730054855347,keyword
W4324055443,Nanoparticles: synthesis and applications,0.9997000098228455,topic
W4324055443,Air Quality and Health Impacts,0.9397000074386597,topic
W4324055443,Anesthesia and Neurotoxicity Research,0.9362000226974487,topic
W3015092365,Nociceptor,0.9136021137237549,keyword
W3015092365,Materials science,0.6834036111831665,keyword
W3015092365,Nanotechnology,0.49866580963134766,keyword
W3015092365,Heterojunction,0.48094481229782104,keyword
W3015092365,Oxide,0.4137519299983978,keyword
W3015092365,Nociception,0.3775046169757843,keyword
W3015092365,Optoelectronics,0.2992241680622101,keyword
W3015092365,Chemistry,0.2512608766555786,keyword
W3015092365,Receptor,0.15708383917808533,keyword
W3015092365,ZnO doping and properties,0.9987999796867371,topic
W3015092365,Ga2O3 and related materials,0.9980000257492065,topic
W3015092365,Advanced Memory and Neural Computing,0.9954000115394592,topic
W4387803733,Magnetic domain,0.5911157727241516,keyword
W4387803733,Domain (mathematical analysis),0.5723385810852051,keyword
W4387803733,Ferromagnetism,0.5440335869789124,keyword
W4387803733,Variety (cybernetics),0.5152671337127686,keyword
W4387803733,State (computer science),0.4919902980327606,keyword
W4387803733,Nanowire,0.47798413038253784,keyword
W4387803733,Computer science,0.47216102480888367,keyword
W4387803733,Implementation,0.4465234875679016,keyword
W4387803733,Domain wall (magnetism),0.4408968389034271,keyword
W4387803733,Current (fluid),0.43170326948165894,keyword
W4387803733,Nanotechnology,0.42461609840393066,keyword
W4387803733,Spin (aerodynamics),0.41890794038772583,keyword
W4387803733,Magnetic field,0.41885966062545776,keyword
W4387803733,Physics,0.30602192878723145,keyword
W4387803733,Materials science,0.29833245277404785,keyword
W4387803733,Condensed matter physics,0.2403770089149475,keyword
W4387803733,Electrical engineering,0.21035301685333252,keyword
W4387803733,Engineering,0.16044309735298157,keyword
W4387803733,Magnetization,0.13862371444702148,keyword
W4387803733,Mathematics,0.11895772814750671,keyword
W4387803733,Artificial intelligence,0.09437909722328186,keyword
W4387803733,Algorithm,0.07124963402748108,keyword
W4387803733,Magnetic properties of thin films,0.9998999834060669,topic
W4387803733,Advanced Memory and Neural Computing,0.9980000257492065,topic
W4387803733,Ferroelectric and Negative Capacitance Devices,0.9975000023841858,topic
W4317809334,Neuromorphic engineering,0.9406448602676392,keyword
W4317809334,Computer science,0.6636821031570435,keyword
W4317809334,Spintronics,0.589634895324707,keyword
W4317809334,Reservoir computing,0.5435036420822144,keyword
W4317809334,Transformative learning,0.47429683804512024,keyword
W4317809334,Computer architecture,0.4069894850254059,keyword
W4317809334,Computer engineering,0.39592447876930237,keyword
W4317809334,Artificial neural network,0.3894578814506531,keyword
W4317809334,Artificial intelligence,0.3323269486427307,keyword
W4317809334,Physics,0.10175484418869019,keyword
W4317809334,Neural Networks and Reservoir Computing,1.0,topic
W4317809334,Advanced Memory and Neural Computing,0.9987000226974487,topic
W4317809334,Ferroelectric and Negative Capacitance Devices,0.9790999889373779,topic
W4380873598,Photodetector,0.8805668950080872,keyword
W4380873598,Computer science,0.6067498922348022,keyword
W4380873598,Computation,0.43075641989707947,keyword
W4380873598,Adaptation (eye),0.42367690801620483,keyword
W4380873598,Retina,0.42079296708106995,keyword
W4380873598,Information processing,0.42005306482315063,keyword
W4380873598,Artificial intelligence,0.3755112290382385,keyword
W4380873598,Materials science,0.3577412962913513,keyword
W4380873598,Optoelectronics,0.15107020735740662,keyword
W4380873598,Optics,0.13601353764533997,keyword
W4380873598,Physics,0.09071612358093262,keyword
W4380873598,Advanced Memory and Neural Computing,0.9998999834060669,topic
W4380873598,Photoreceptor and optogenetics research,0.9983000159263611,topic
W4380873598,Neural Networks and Reservoir Computing,0.9979000091552734,topic
W4401602444,Robot,0.6378059387207031,keyword
W4401602444,Computer science,0.5938133001327515,keyword
W4401602444,Closed loop,0.5520612597465515,keyword
W4401602444,Tactile sensor,0.44942283630371094,keyword
W4401602444,Afferent,0.44750604033470154,keyword
W4401602444,Artificial intelligence,0.3653576374053955,keyword
W4401602444,Neuroscience,0.35547593235969543,keyword
W4401602444,Control engineering,0.2600518465042114,keyword
W4401602444,Biology,0.1785787045955658,keyword
W4401602444,Engineering,0.1400246024131775,keyword
W4401602444,Advanced Memory and Neural Computing,0.9998999834060669,topic
W4401602444,Neuroscience and Neural Engineering,0.9998999834060669,topic
W4401602444,Advanced Sensor and Energy Harvesting Materials,0.9994999766349792,topic
W4366817110,Ionic bonding,0.6939296722412109,keyword
W4366817110,Materials science,0.6737146973609924,keyword
W4366817110,Optoelectronics,0.5423792600631714,keyword
W4366817110,Fiber,0.5171665549278259,keyword
W4366817110,SIGNAL (programming language),0.4504259526729584,keyword
W4366817110,Capacitance,0.449128121137619,keyword
W4366817110,Diode,0.438980370759964,keyword
W4366817110,Nanotechnology,0.43625354766845703,keyword
W4366817110,Bioelectronics,0.4273652136325836,keyword
W4366817110,Ionic conductivity,0.415862500667572,keyword
W4366817110,Ion,0.4128040671348572,keyword
W4366817110,Electrode,0.2725415825843811,keyword
W4366817110,Computer science,0.2509036362171173,keyword
W4366817110,Chemistry,0.16670572757720947,keyword
W4366817110,Composite material,0.09334060549736023,keyword
W4366817110,Biosensor,0.0830710232257843,keyword
W4366817110,Electrolyte,0.08157110214233398,keyword
W4366817110,Neuroscience and Neural Engineering,0.9998000264167786,topic
W4366817110,Advanced Sensor and Energy Harvesting Materials,0.9993000030517578,topic
W4366817110,Conducting polymers and applications,0.9991000294685364,topic
W4410325695,Neuromorphic engineering,0.9780558347702026,keyword
W4410325695,Nanowire,0.6392754316329956,keyword
W4410325695,Materials science,0.5374963879585266,keyword
W4410325695,Nanotechnology,0.5183002352714539,keyword
W4410325695,Computer science,0.44947004318237305,keyword
W4410325695,Computer architecture,0.38207370042800903,keyword
W4410325695,Computational science,0.35452038049697876,keyword
W4410325695,Artificial intelligence,0.2927015423774719,keyword
W4410325695,Artificial neural network,0.24235233664512634,keyword
W4410325695,Advanced Memory and Neural Computing,1.0,topic
W4410325695,Ferroelectric and Negative Capacitance Devices,0.9993000030517578,topic
W4410325695,Neural Networks and Reservoir Computing,0.9970999956130981,topic
W4403632046,Neuromorphic engineering,0.9830207228660583,keyword
W4403632046,Memristor,0.8266869783401489,keyword
W4403632046,Synaptic weight,0.622118353843689,keyword
W4403632046,Synaptic plasticity,0.5051484704017639,keyword
W4403632046,Plasticity,0.4835759997367859,keyword
W4403632046,Neuroscience,0.483122318983078,keyword
W4403632046,Computer science,0.4680119752883911,keyword
W4403632046,Linearity,0.4651437997817993,keyword
W4403632046,Materials science,0.45947661995887756,keyword
W4403632046,Neuroplasticity,0.4268544018268585,keyword
W4403632046,Artificial neural network,0.3769285976886749,keyword
W4403632046,Electronic engineering,0.30642426013946533,keyword
W4403632046,Artificial intelligence,0.3055706322193146,keyword
W4403632046,Psychology,0.2538682520389557,keyword
W4403632046,Medicine,0.18927261233329773,keyword
W4403632046,Engineering,0.17954489588737488,keyword
W4403632046,Internal medicine,0.15773430466651917,keyword
W4403632046,Composite material,0.07984596490859985,keyword
W4403632046,Advanced Memory and Neural Computing,1.0,topic
W4403632046,Transition Metal Oxide Nanomaterials,0.998199999332428,topic
W4403632046,Photoreceptor and optogenetics research,0.9944000244140625,topic
W4392214558,Logic gate,0.6795621514320374,keyword
W4392214558,Transistor,0.5499888062477112,keyword
W4392214558,Field-effect transistor,0.5350080132484436,keyword
W4392214558,Electrical engineering,0.4760272800922394,keyword
W4392214558,Pass transistor logic,0.4374629855155945,keyword
W4392214558,Optoelectronics,0.43400418758392334,keyword
W4392214558,Materials science,0.42315512895584106,keyword
W4392214558,NMOS logic,0.4120141565799713,keyword
W4392214558,Electronic engineering,0.379084050655365,keyword
W4392214558,Computer science,0.328042596578598,keyword
W4392214558,Engineering,0.32169094681739807,keyword
W4392214558,Voltage,0.16145899891853333,keyword
W4392214558,Quantum-Dot Cellular Automata,0.9993000030517578,topic
W4392214558,Advancements in Semiconductor Devices and Circuit Design,0.9991999864578247,topic
W4392214558,Advanced Memory and Neural Computing,0.9991000294685364,topic
W4386349574,Nanodevice,0.907921314239502,keyword
W4386349574,Reservoir computing,0.7144800424575806,keyword
W4386349574,Robustness (evolution),0.6889237761497498,keyword
W4386349574,Computer science,0.6073620915412903,keyword
W4386349574,Component (thermodynamics),0.581230878829956,keyword
W4386349574,Computation,0.5048566460609436,keyword
W4386349574,Nanomaterials,0.47440218925476074,keyword
W4386349574,Nanotechnology,0.44779491424560547,keyword
W4386349574,Distributed computing,0.402422159910202,keyword
W4386349574,Materials science,0.35778969526290894,keyword
W4386349574,Artificial neural network,0.335379958152771,keyword
W4386349574,Artificial intelligence,0.3335053324699402,keyword
W4386349574,Recurrent neural network,0.29657983779907227,keyword
W4386349574,Algorithm,0.09683763980865479,keyword
W4386349574,Neural Networks and Reservoir Computing,1.0,topic
W4386349574,Advanced Memory and Neural Computing,0.9994999766349792,topic
W3191754683,Heterojunction,0.9041976928710938,keyword
W3191754683,Materials science,0.7304466962814331,keyword
W3191754683,van der Waals force,0.7220562100410461,keyword
W3191754683,Superlattice,0.5725526213645935,keyword
W3191754683,Nanotechnology,0.5504407286643982,keyword
W3191754683,Semiconductor,0.4267706573009491,keyword
W3191754683,Chemical physics,0.3640938997268677,keyword
W3191754683,Optoelectronics,0.33476442098617554,keyword
W3191754683,Condensed matter physics,0.32816559076309204,keyword
W3191754683,Physics,0.1221473217010498,keyword
W3191754683,Molecule,0.07768884301185608,keyword
W3191754683,2D Materials and Applications,1.0,topic
W3191754683,MXene and MAX Phase Materials,1.0,topic
W3191754683,Graphene research and applications,0.9995999932289124,topic
W4379645948,Self-healing hydrogels,0.8132483959197998,keyword
W4379645948,Tissue engineering,0.6426149606704712,keyword
W4379645948,Regeneration (biology),0.5782244205474854,keyword
W4379645948,Nanotechnology,0.5178561210632324,keyword
W4379645948,Materials science,0.5161013007164001,keyword
W4379645948,Fabrication,0.4400859475135803,keyword
W4379645948,Biomedical engineering,0.39608848094940186,keyword
W4379645948,Computer science,0.37168192863464355,keyword
W4379645948,Engineering,0.28914743661880493,keyword
W4379645948,Biology,0.12497901916503906,keyword
W4379645948,Medicine,0.11527076363563538,keyword
W4379645948,Cell biology,0.09677693247795105,keyword
W4379645948,3D Printing in Biomedical Research,0.9995999932289124,topic
W4379645948,"Hydrogels: synthesis, properties, applications",0.9988999962806702,topic
W4379645948,Electrospun Nanofibers in Biomedical Applications,0.9980999827384949,topic
W4372334223,Computer science,0.5215294361114502,keyword
W4372334223,Perception,0.4518170654773712,keyword
W4372334223,Artificial light,0.4421972632408142,keyword
W4372334223,Neural system,0.4206872284412384,keyword
W4372334223,Materials science,0.38896793127059937,keyword
W4372334223,Artificial intelligence,0.34185346961021423,keyword
W4372334223,Optoelectronics,0.32163727283477783,keyword
W4372334223,Optics,0.2234393060207367,keyword
W4372334223,Neuroscience,0.19742149114608765,keyword
W4372334223,Psychology,0.11979877948760986,keyword
W4372334223,Physics,0.11740696430206299,keyword
W4372334223,Advanced Memory and Neural Computing,0.9998999834060669,topic
W4372334223,Neural Networks and Reservoir Computing,0.9962000250816345,topic
W4372334223,CCD and CMOS Imaging Sensors,0.9890999794006348,topic
W4293254872,Neuromorphic engineering,0.9241870641708374,keyword
W4293254872,Memristor,0.8124747276306152,keyword
W4293254872,Flexibility (engineering),0.646120548248291,keyword
W4293254872,Nanotechnology,0.5553591847419739,keyword
W4293254872,Computer science,0.512176513671875,keyword
W4293254872,Electronics,0.4923046827316284,keyword
W4293254872,Bioelectronics,0.4144974648952484,keyword
W4293254872,Materials science,0.3706468641757965,keyword
W4293254872,Computer architecture,0.36836355924606323,keyword
W4293254872,Engineering,0.3242042660713196,keyword
W4293254872,Artificial intelligence,0.26574909687042236,keyword
W4293254872,Artificial neural network,0.1805192530155182,keyword
W4293254872,Electronic engineering,0.14622363448143005,keyword
W4293254872,Electrical engineering,0.14365142583847046,keyword
W4293254872,Advanced Memory and Neural Computing,1.0,topic
W4293254872,Neuroscience and Neural Engineering,0.9988999962806702,topic
W4293254872,Photoreceptor and optogenetics research,0.9986000061035156,topic
W4214685805,Electronic nose,0.7676570415496826,keyword
W4214685805,Nanotechnology,0.61080402135849,keyword
W4214685805,Nanowire,0.6053696870803833,keyword
W4214685805,Section (typography),0.5982236862182617,keyword
W4214685805,Oxide,0.5812975168228149,keyword
W4214685805,Computer science,0.5616198778152466,keyword
W4214685805,Selectivity,0.5391943454742432,keyword
W4214685805,Interference (communication),0.43273070454597473,keyword
W4214685805,Materials science,0.40320950746536255,keyword
W4214685805,Chemistry,0.17439883947372437,keyword
W4214685805,Telecommunications,0.14953669905662537,keyword
W4214685805,Advanced Chemical Sensor Technologies,0.9998999834060669,topic
W4214685805,Gas Sensing Nanomaterials and Sensors,0.9994000196456909,topic
W4214685805,Analytical Chemistry and Sensors,0.9882000088691711,topic
W3202305916,Nanometre,0.7678136825561523,keyword
W3202305916,Transistor,0.7675621509552002,keyword
W3202305916,Electronics,0.7639217376708984,keyword
W3202305916,Organic electronics,0.6614606976509094,keyword
W3202305916,Materials science,0.6587350368499756,keyword
W3202305916,Nanotechnology,0.6528293490409851,keyword
W3202305916,RADIUS,0.5242201089859009,keyword
W3202305916,Field-effect transistor,0.5090956091880798,keyword
W3202305916,Optoelectronics,0.4868289828300476,keyword
W3202305916,Bent molecular geometry,0.46608513593673706,keyword
W3202305916,Flexible electronics,0.46049195528030396,keyword
W3202305916,Bend radius,0.45754075050354004,keyword
W3202305916,Field (mathematics),0.43667343258857727,keyword
W3202305916,Engineering physics,0.3650836944580078,keyword
W3202305916,Computer science,0.2186310887336731,keyword
W3202305916,Electrical engineering,0.18435069918632507,keyword
W3202305916,Physics,0.10810542106628418,keyword
W3202305916,Composite material,0.08336707949638367,keyword
W3202305916,Engineering,0.062115877866744995,keyword
W3202305916,Advanced Sensor and Energy Harvesting Materials,1.0,topic
W3202305916,Nanomaterials and Printing Technologies,0.9955999851226807,topic
W3202305916,Tactile and Sensory Interactions,0.9886999726295471,topic
W4390831690,Photodegradation,0.7651946544647217,keyword
W4390831690,Photocatalysis,0.6713470816612244,keyword
W4390831690,Photoluminescence,0.5996197462081909,keyword
W4390831690,Eosin Y,0.5691733956336975,keyword
W4390831690,Nuclear chemistry,0.5681498050689697,keyword
W4390831690,Eosin,0.5372298955917358,keyword
W4390831690,Materials science,0.5322553515434265,keyword
W4390831690,Methylene blue,0.4998352527618408,keyword
W4390831690,Fourier transform infrared spectroscopy,0.45073121786117554,keyword
W4390831690,Nanoparticle,0.41368532180786133,keyword
W4390831690,Chemistry,0.3693481683731079,keyword
W4390831690,Photochemistry,0.33535975217819214,keyword
W4390831690,Nanotechnology,0.23750409483909607,keyword
W4390831690,Chemical engineering,0.21557125449180603,keyword
W4390831690,Organic chemistry,0.18446490168571472,keyword
W4390831690,Catalysis,0.1538127362728119,keyword
W4390831690,ZnO doping and properties,0.9987999796867371,topic
W4390831690,Advanced Photocatalysis Techniques,0.9878000020980835,topic
W4390831690,Copper-based nanomaterials and applications,0.9772999882698059,topic
W4311170271,Neuromorphic engineering,0.6713461875915527,keyword
W4311170271,Computer science,0.6450973749160767,keyword
W4311170271,Neuron,0.6061198711395264,keyword
W4311170271,Neuroscience,0.5676782131195068,keyword
W4311170271,Interface (matter),0.44818639755249023,keyword
W4311170271,Neural engineering,0.4474145472049713,keyword
W4311170271,Neuroprosthetics,0.4431297183036804,keyword
W4311170271,Brain–computer interface,0.4342220723628998,keyword
W4311170271,Artificial neuron,0.42226895689964294,keyword
W4311170271,Artificial intelligence,0.268764853477478,keyword
W4311170271,Artificial neural network,0.24701818823814392,keyword
W4311170271,Electroencephalography,0.1887952983379364,keyword
W4311170271,Psychology,0.13039052486419678,keyword
W4311170271,Neuroscience and Neural Engineering,0.9998999834060669,topic
W4311170271,Photoreceptor and optogenetics research,0.9998999834060669,topic
W4311170271,Advanced Memory and Neural Computing,0.9995999932289124,topic
W4399203358,Neuromorphic engineering,0.9557755589485168,keyword
W4399203358,Perception,0.6779212355613708,keyword
W4399203358,Memristor,0.6396494507789612,keyword
W4399203358,Computer science,0.6227389574050903,keyword
W4399203358,Computer architecture,0.42416322231292725,keyword
W4399203358,Neuroscience,0.3708110451698303,keyword
W4399203358,Artificial intelligence,0.3415473401546478,keyword
W4399203358,Artificial neural network,0.2355203926563263,keyword
W4399203358,Psychology,0.16922706365585327,keyword
W4399203358,Engineering,0.09422677755355835,keyword
W4399203358,Electrical engineering,0.07267886400222778,keyword
W4399203358,Advanced Memory and Neural Computing,1.0,topic
W4399203358,Neural dynamics and brain function,0.9988999962806702,topic
W4399203358,Neuroscience and Neural Engineering,0.9987000226974487,topic
W4281754063,PI3K/AKT/mTOR pathway,0.8688753247261047,keyword
W4281754063,Protein kinase B,0.8080103993415833,keyword
W4281754063,Stroke (engine),0.7397387027740479,keyword
W4281754063,Medicine,0.6226959228515625,keyword
W4281754063,Traditional Chinese medicine,0.5014209747314453,keyword
W4281754063,Case fatality rate,0.4134431481361389,keyword
W4281754063,Bioinformatics,0.34172603487968445,keyword
W4281754063,Signal transduction,0.32938244938850403,keyword
W4281754063,Internal medicine,0.25548386573791504,keyword
W4281754063,Biology,0.17258980870246887,keyword
W4281754063,Pathology,0.15116038918495178,keyword
W4281754063,Alternative medicine,0.1308867633342743,keyword
W4281754063,Cell biology,0.11870226263999939,keyword
W4281754063,Epidemiology,0.06795179843902588,keyword
W4281754063,Traditional Chinese Medicine Analysis,0.9968000054359436,topic
W4281754063,Biological and pharmacological studies of plants,0.9957000017166138,topic
W4281754063,Bioactive Natural Diterpenoids Research,0.9926999807357788,topic
W4393055460,Thermoelectric effect,0.800860583782196,keyword
W4393055460,Piezoresistive effect,0.795525074005127,keyword
W4393055460,Gauge factor,0.787200391292572,keyword
W4393055460,Spiral (railway),0.7770625352859497,keyword
W4393055460,Materials science,0.7520517110824585,keyword
W4393055460,Flexibility (engineering),0.6089490652084351,keyword
W4393055460,Fabrication,0.599306046962738,keyword
W4393055460,Sensitivity (control systems),0.5832889080047607,keyword
W4393055460,Pressure sensor,0.5588986277580261,keyword
W4393055460,Seebeck coefficient,0.4815090596675873,keyword
W4393055460,Optoelectronics,0.45935726165771484,keyword
W4393055460,Composite number,0.4192016124725342,keyword
W4393055460,Nanotechnology,0.3614014983177185,keyword
W4393055460,Composite material,0.3180466890335083,keyword
W4393055460,Mechanical engineering,0.2657133936882019,keyword
W4393055460,Electronic engineering,0.16867268085479736,keyword
W4393055460,Thermal conductivity,0.12986338138580322,keyword
W4393055460,Physics,0.08432748913764954,keyword
W4393055460,Advanced Thermoelectric Materials and Devices,0.9998999834060669,topic
W4393055460,Advanced Sensor and Energy Harvesting Materials,0.9987000226974487,topic
W4393055460,Innovative Energy Harvesting Technologies,0.9919999837875366,topic
W4389511675,Emulation,0.8853533267974854,keyword
W4389511675,Neuromorphic engineering,0.8666406869888306,keyword
W4389511675,Nociceptor,0.7483896613121033,keyword
W4389511675,Sensitization,0.732173502445221,keyword
W4389511675,Materials science,0.5844522714614868,keyword
W4389511675,Perception,0.5171493887901306,keyword
W4389511675,Transistor,0.44209542870521545,keyword
W4389511675,Nanotechnology,0.4303149878978729,keyword
W4389511675,Neuroscience,0.31667935848236084,keyword
W4389511675,Medicine,0.316577672958374,keyword
W4389511675,Computer science,0.2846704125404358,keyword
W4389511675,Nociception,0.2825859785079956,keyword
W4389511675,Psychology,0.21028077602386475,keyword
W4389511675,Electrical engineering,0.20710822939872742,keyword
W4389511675,Artificial intelligence,0.18014007806777954,keyword
W4389511675,Engineering,0.1719668209552765,keyword
W4389511675,Artificial neural network,0.10439887642860413,keyword
W4389511675,Internal medicine,0.07908102869987488,keyword
W4389511675,Advanced Memory and Neural Computing,0.9994999766349792,topic
W4389511675,Neuroscience and Neural Engineering,0.9975000023841858,topic
W4389511675,Advanced Sensor and Energy Harvesting Materials,0.9948999881744385,topic
W4299286035,Hebbian theory,0.8198853135108948,keyword
W4299286035,Computer science,0.7481244802474976,keyword
W4299286035,Task (project management),0.6302454471588135,keyword
W4299286035,Resistive random-access memory,0.5233979821205139,keyword
W4299286035,Artificial neural network,0.4938567280769348,keyword
W4299286035,Set (abstract data type),0.49060502648353577,keyword
W4299286035,Spiking neural network,0.48874330520629883,keyword
W4299286035,Exploit,0.4723093509674072,keyword
W4299286035,Sequence (biology),0.46790820360183716,keyword
W4299286035,Neuromorphic engineering,0.4346138536930084,keyword
W4299286035,Artificial intelligence,0.4292597472667694,keyword
W4299286035,Voltage,0.14222395420074463,keyword
W4299286035,Biology,0.09139806032180786,keyword
W4299286035,Advanced Memory and Neural Computing,1.0,topic
W4299286035,Neural dynamics and brain function,0.9991999864578247,topic
W4299286035,Neural Networks and Reservoir Computing,0.9991999864578247,topic
W4294682826,Neuromorphic engineering,0.9274731874465942,keyword
W4294682826,Silicon,0.6266477704048157,keyword
W4294682826,Stacking,0.6051520705223083,keyword
W4294682826,Materials science,0.5820319652557373,keyword
W4294682826,CMOS,0.5443342328071594,keyword
W4294682826,Memristor,0.5385457277297974,keyword
W4294682826,Computation,0.5224082469940186,keyword
W4294682826,Computer science,0.5005784034729004,keyword
W4294682826,Schottky diode,0.4189297556877136,keyword
W4294682826,Nanotechnology,0.4155648350715637,keyword
W4294682826,Non-volatile memory,0.41454678773880005,keyword
W4294682826,Optoelectronics,0.38445279002189636,keyword
W4294682826,Electronic engineering,0.34083542227745056,keyword
W4294682826,Artificial neural network,0.18447494506835938,keyword
W4294682826,Artificial intelligence,0.15882867574691772,keyword
W4294682826,Engineering,0.11470964550971985,keyword
W4294682826,Physics,0.1131356954574585,keyword
W4294682826,Advanced Memory and Neural Computing,1.0,topic
W4294682826,Ferroelectric and Negative Capacitance Devices,0.9983000159263611,topic
W4294682826,Neuroscience and Neural Engineering,0.9976999759674072,topic
W3093608279,Neuromorphic engineering,0.9602563381195068,keyword
W3093608279,Materials science,0.7035406827926636,keyword
W3093608279,Optoelectronics,0.6251143217086792,keyword
W3093608279,Memristor,0.5931138396263123,keyword
W3093608279,Ohmic contact,0.5866292119026184,keyword
W3093608279,Electrode,0.5325493216514587,keyword
W3093608279,Schottky diode,0.46860894560813904,keyword
W3093608279,Modulation (music),0.4360426962375641,keyword
W3093608279,Schottky barrier,0.4312744736671448,keyword
W3093608279,MNIST database,0.4286803901195526,keyword
W3093608279,Electronic engineering,0.4271010458469391,keyword
W3093608279,Voltage,0.4117882251739502,keyword
W3093608279,Computer science,0.39743196964263916,keyword
W3093608279,Layer (electronics),0.34748393297195435,keyword
W3093608279,Electrical engineering,0.2992379665374756,keyword
W3093608279,Nanotechnology,0.1976396143436432,keyword
W3093608279,Artificial neural network,0.1689404845237732,keyword
W3093608279,Artificial intelligence,0.10680559277534485,keyword
W3093608279,Physics,0.09831124544143677,keyword
W3093608279,Engineering,0.09823673963546753,keyword
W3093608279,Acoustics,0.08711016178131104,keyword
W3093608279,Advanced Memory and Neural Computing,1.0,topic
W3093608279,CCD and CMOS Imaging Sensors,0.9994999766349792,topic
W3093608279,Transition Metal Oxide Nanomaterials,0.9984999895095825,topic
W3211813339,Neuromorphic engineering,0.7141635417938232,keyword
W3211813339,MNIST database,0.644919216632843,keyword
W3211813339,Transistor,0.5853888988494873,keyword
W3211813339,Computer science,0.5183566212654114,keyword
W3211813339,Materials science,0.4948665499687195,keyword
W3211813339,Field-effect transistor,0.4571002721786499,keyword
W3211813339,Artificial neural network,0.45095008611679077,keyword
W3211813339,Learning rule,0.44762369990348816,keyword
W3211813339,Optoelectronics,0.4100340008735657,keyword
W3211813339,Artificial intelligence,0.34341418743133545,keyword
W3211813339,Electronic engineering,0.335979700088501,keyword
W3211813339,Neuroscience,0.33557644486427307,keyword
W3211813339,Voltage,0.27219587564468384,keyword
W3211813339,Electrical engineering,0.2644403576850891,keyword
W3211813339,Engineering,0.15646806359291077,keyword
W3211813339,Psychology,0.1076381504535675,keyword
W3211813339,Advanced Memory and Neural Computing,1.0,topic
W3211813339,Ferroelectric and Negative Capacitance Devices,0.9998000264167786,topic
W3211813339,Neuroscience and Neural Engineering,0.996999979019165,topic
W4322617739,Biosensor,0.7907608151435852,keyword
W4322617739,Nanotechnology,0.7215175032615662,keyword
W4322617739,Materials science,0.6570907235145569,keyword
W4322617739,Conformable matrix,0.5833431482315063,keyword
W4322617739,Transistor,0.5654112100601196,keyword
W4322617739,Electronics,0.5297539830207825,keyword
W4322617739,Wearable computer,0.5252085328102112,keyword
W4322617739,Electronic skin,0.4820593297481537,keyword
W4322617739,Flexible electronics,0.45907849073410034,keyword
W4322617739,Organic electronics,0.4457218050956726,keyword
W4322617739,Bioelectronics,0.44415247440338135,keyword
W4322617739,Neuromorphic engineering,0.4337465167045593,keyword
W4322617739,Wearable technology,0.42864325642585754,keyword
W4322617739,Biointerface,0.42688310146331787,keyword
W4322617739,Computer science,0.3494696617126465,keyword
W4322617739,Electrical engineering,0.1987430453300476,keyword
W4322617739,Embedded system,0.14267760515213013,keyword
W4322617739,Engineering,0.13736656308174133,keyword
W4322617739,Artificial intelligence,0.0682530403137207,keyword
W4322617739,Advanced Sensor and Energy Harvesting Materials,1.0,topic
W4322617739,Conducting polymers and applications,0.9998999834060669,topic
W4322617739,Organic Electronics and Photovoltaics,0.9976999759674072,topic
W4282916667,Reconfigurability,0.7414085865020752,keyword
W4282916667,Nanowire,0.7303794622421265,keyword
W4282916667,Polarization (electrochemistry),0.6699924468994141,keyword
W4282916667,Materials science,0.6261965036392212,keyword
W4282916667,Dielectric,0.6207976341247559,keyword
W4282916667,Multiplexing,0.5361466407775879,keyword
W4282916667,Optoelectronics,0.5086208581924438,keyword
W4282916667,Photonics,0.4964178204536438,keyword
W4282916667,Nanotechnology,0.377980500459671,keyword
W4282916667,Computer science,0.14181363582611084,keyword
W4282916667,Chemistry,0.08547398447990417,keyword
W4282916667,Telecommunications,0.0793897807598114,keyword
W4282916667,Neural Networks and Reservoir Computing,0.9998999834060669,topic
W4282916667,Photonic and Optical Devices,0.9994999766349792,topic
W4282916667,Phase-change materials and chalcogenides,0.9979000091552734,topic
W4292348626,Olfactory system,0.5917437076568604,keyword
W4292348626,Electronic nose,0.5606487393379211,keyword
W4292348626,Sensor array,0.5548584461212158,keyword
W4292348626,Computer science,0.534473717212677,keyword
W4292348626,Artificial intelligence,0.4884316027164459,keyword
W4292348626,Nanotechnology,0.3720635175704956,keyword
W4292348626,Pattern recognition (psychology),0.32870304584503174,keyword
W4292348626,Materials science,0.2955838441848755,keyword
W4292348626,Machine learning,0.14966797828674316,keyword
W4292348626,Neuroscience,0.1467924416065216,keyword
W4292348626,Biology,0.1365778148174286,keyword
W4292348626,Advanced Chemical Sensor Technologies,1.0,topic
W4292348626,Olfactory and Sensory Function Studies,0.9983999729156494,topic
W4292348626,Insect Pheromone Research and Control,0.9950000047683716,topic
W3175494536,Materials science,0.8431947231292725,keyword
W3175494536,Optoelectronics,0.696247398853302,keyword
W3175494536,Nanorod,0.6833016276359558,keyword
W3175494536,Optical switch,0.5875359177589417,keyword
W3175494536,Memristor,0.5697163343429565,keyword
W3175494536,Nanocomposite,0.5254161357879639,keyword
W3175494536,Switching time,0.5047217607498169,keyword
W3175494536,Polymer,0.47255560755729675,keyword
W3175494536,Polarization (electrochemistry),0.43863818049430847,keyword
W3175494536,Nanotechnology,0.3584587574005127,keyword
W3175494536,Composite material,0.10015302896499634,keyword
W3175494536,Chemistry,0.08795192837715149,keyword
W3175494536,Advanced Memory and Neural Computing,0.9998999834060669,topic
W3175494536,Photoreceptor and optogenetics research,0.9991999864578247,topic
W3175494536,Photochromic and Fluorescence Chemistry,0.9987000226974487,topic
W4392861709,Neuromorphic engineering,0.9719250202178955,keyword
W4392861709,Resistive random-access memory,0.8589131236076355,keyword
W4392861709,Computer science,0.6551600098609924,keyword
W4392861709,Context (archaeology),0.587271511554718,keyword
W4392861709,Benchmark (surveying),0.50156569480896,keyword
W4392861709,Salient,0.4291144013404846,keyword
W4392861709,Computer architecture,0.4004383981227875,keyword
W4392861709,Data science,0.3540194630622864,keyword
W4392861709,Artificial intelligence,0.26314741373062134,keyword
W4392861709,Engineering,0.22285223007202148,keyword
W4392861709,Electrical engineering,0.19802707433700562,keyword
W4392861709,Artificial neural network,0.1017240583896637,keyword
W4392861709,Voltage,0.08190491795539856,keyword
W4392861709,Advanced Memory and Neural Computing,1.0,topic
W4392861709,Ferroelectric and Negative Capacitance Devices,0.9983000159263611,topic
W4392861709,Photoreceptor and optogenetics research,0.9965999722480774,topic
W4224104539,Neuromorphic engineering,0.8485625982284546,keyword
W4224104539,Carbon nanotube,0.827864408493042,keyword
W4224104539,Computer science,0.5737924575805664,keyword
W4224104539,Nanotechnology,0.5648651123046875,keyword
W4224104539,Nonlinear system,0.4655820429325104,keyword
W4224104539,Materials science,0.38400399684906006,keyword
W4224104539,Distributed computing,0.3519957661628723,keyword
W4224104539,Data science,0.3481168746948242,keyword
W4224104539,Artificial neural network,0.3104409873485565,keyword
W4224104539,Artificial intelligence,0.23829805850982666,keyword
W4224104539,Physics,0.13505449891090393,keyword
W4224104539,Advanced Memory and Neural Computing,0.9998000264167786,topic
W4224104539,Neural Networks and Reservoir Computing,0.9998000264167786,topic
W4224104539,Neural dynamics and brain function,0.9947999715805054,topic
W4309821892,MXenes,0.8962826132774353,keyword
W4309821892,Actuator,0.6638202667236328,keyword
W4309821892,Computer science,0.5825267434120178,keyword
W4309821892,Biomimetic materials,0.4330298900604248,keyword
W4309821892,Robotics,0.4328463673591614,keyword
W4309821892,Buzzer,0.42962753772735596,keyword
W4309821892,Human–computer interaction,0.4281073212623596,keyword
W4309821892,Nanotechnology,0.3743032217025757,keyword
W4309821892,Artificial intelligence,0.3624967932701111,keyword
W4309821892,Robot,0.3607296347618103,keyword
W4309821892,Materials science,0.26542821526527405,keyword
W4309821892,Engineering,0.24876084923744202,keyword
W4309821892,Electrical engineering,0.21025466918945312,keyword
W4309821892,MXene and MAX Phase Materials,1.0,topic
W4309821892,Advanced Memory and Neural Computing,0.9983000159263611,topic
W4309821892,Advanced Sensor and Energy Harvesting Materials,0.9980000257492065,topic
W4387448837,Materials science,0.6364766955375671,keyword
W4387448837,Transistor,0.6092149615287781,keyword
W4387448837,Sensitivity (control systems),0.6049457788467407,keyword
W4387448837,Strain (injury),0.5636193156242371,keyword
W4387448837,Optoelectronics,0.5036100745201111,keyword
W4387448837,Piezoelectricity,0.49965906143188477,keyword
W4387448837,Gauge factor,0.47558414936065674,keyword
W4387448837,Lateral strain,0.4387497305870056,keyword
W4387448837,Strain gauge,0.4175398051738739,keyword
W4387448837,Nanotechnology,0.36385107040405273,keyword
W4387448837,Acoustics,0.3400272727012634,keyword
W4387448837,Physics,0.20083582401275635,keyword
W4387448837,Fabrication,0.17029473185539246,keyword
W4387448837,Electronic engineering,0.1644761860370636,keyword
W4387448837,Composite material,0.141020268201828,keyword
W4387448837,Electrical engineering,0.13461816310882568,keyword
W4387448837,Voltage,0.09256315231323242,keyword
W4387448837,Engineering,0.08074340224266052,keyword
W4387448837,Advanced Sensor and Energy Harvesting Materials,0.9998999834060669,topic
W4387448837,Mechanical and Optical Resonators,0.9922000169754028,topic
W4387448837,Advanced MEMS and NEMS Technologies,0.9907000064849854,topic
W3203558586,Neuromorphic engineering,0.646838903427124,keyword
W3203558586,Computer science,0.5820642113685608,keyword
W3203558586,Binary number,0.4709252715110779,keyword
W3203558586,Perceptron,0.4577227532863617,keyword
W3203558586,Linear classifier,0.44094690680503845,keyword
W3203558586,Materials science,0.4255210757255554,keyword
W3203558586,Classifier (UML),0.40697383880615234,keyword
W3203558586,Nanotechnology,0.3837825059890747,keyword
W3203558586,Artificial neural network,0.382414847612381,keyword
W3203558586,Artificial intelligence,0.3054346740245819,keyword
W3203558586,Mathematics,0.16093984246253967,keyword
W3203558586,Advanced Memory and Neural Computing,1.0,topic
W3203558586,Ferroelectric and Negative Capacitance Devices,0.9988999962806702,topic
W3203558586,Neuroscience and Neural Engineering,0.9954000115394592,topic
W4285723611,Neural facilitation,0.7544499039649963,keyword
W4285723611,Synaptic plasticity,0.5743194818496704,keyword
W4285723611,Neuroscience,0.533299446105957,keyword
W4285723611,Photodetection,0.484341025352478,keyword
W4285723611,Materials science,0.46928322315216064,keyword
W4285723611,Photonics,0.4491446614265442,keyword
W4285723611,Computer science,0.42154672741889954,keyword
W4285723611,Optoelectronics,0.3804585933685303,keyword
W4285723611,Excitatory postsynaptic potential,0.22177588939666748,keyword
W4285723611,Chemistry,0.15989059209823608,keyword
W4285723611,Biology,0.1545458734035492,keyword
W4285723611,Inhibitory postsynaptic potential,0.14017730951309204,keyword
W4285723611,Photodetector,0.12324005365371704,keyword
W4285723611,Advanced Memory and Neural Computing,0.9998999834060669,topic
W4285723611,Photoreceptor and optogenetics research,0.9994999766349792,topic
W4285723611,Neural Networks and Reservoir Computing,0.9980999827384949,topic
W4395694736,Neuromorphic engineering,0.9140660166740417,keyword
W4395694736,Materials science,0.6551451683044434,keyword
W4395694736,Transistor,0.5638060569763184,keyword
W4395694736,Computer science,0.5515621900558472,keyword
W4395694736,Synapse,0.49148595333099365,keyword
W4395694736,Excitatory postsynaptic potential,0.482342928647995,keyword
W4395694736,Optoelectronics,0.4737081229686737,keyword
W4395694736,Electrode,0.4333682656288147,keyword
W4395694736,Inhibitory postsynaptic potential,0.41551968455314636,keyword
W4395694736,Triboelectric effect,0.4115235209465027,keyword
W4395694736,Artificial neural network,0.28478461503982544,keyword
W4395694736,Neuroscience,0.2822332978248596,keyword
W4395694736,Artificial intelligence,0.27455952763557434,keyword
W4395694736,Electrical engineering,0.2516530752182007,keyword
W4395694736,Voltage,0.20806199312210083,keyword
W4395694736,Physics,0.11428052186965942,keyword
W4395694736,Advanced Memory and Neural Computing,1.0,topic
W4395694736,Photoreceptor and optogenetics research,0.9973999857902527,topic
W4395694736,CCD and CMOS Imaging Sensors,0.9926000237464905,topic
W4381801338,Ternary operation,0.7859435081481934,keyword
W4381801338,Heterojunction,0.6937856674194336,keyword
W4381801338,Optoelectronics,0.6158692240715027,keyword
W4381801338,Binary number,0.6142744421958923,keyword
W4381801338,Transistor,0.5825216770172119,keyword
W4381801338,Materials science,0.5420014262199402,keyword
W4381801338,Logic gate,0.5258374810218811,keyword
W4381801338,Computer science,0.3742601275444031,keyword
W4381801338,Electrical engineering,0.24745675921440125,keyword
W4381801338,Algorithm,0.11455604434013367,keyword
W4381801338,Engineering,0.0867675244808197,keyword
W4381801338,Voltage,0.0814538300037384,keyword
W4381801338,Mathematics,0.0655430257320404,keyword
W4381801338,Arithmetic,0.06279408931732178,keyword
W4381801338,Advanced Memory and Neural Computing,1.0,topic
W4381801338,Ferroelectric and Negative Capacitance Devices,0.9997000098228455,topic
W4381801338,Semiconductor materials and devices,0.9993000030517578,topic
W3103908612,Wearable technology,0.6914151310920715,keyword
W3103908612,Electronics,0.6632063984870911,keyword
W3103908612,Wearable computer,0.606317937374115,keyword
W3103908612,Computer science,0.4473893344402313,keyword
W3103908612,Electrical engineering,0.2964523434638977,keyword
W3103908612,Engineering,0.28818121552467346,keyword
W3103908612,Embedded system,0.23801308870315552,keyword
W3103908612,Advanced Sensor and Energy Harvesting Materials,0.9998999834060669,topic
W3103908612,Tactile and Sensory Interactions,0.9919000267982483,topic
W3103908612,Green IT and Sustainability,0.977400004863739,topic
W4392519602,Reservoir computing,0.8298816084861755,keyword
W4392519602,Computer science,0.7814987301826477,keyword
W4392519602,Series (stratigraphy),0.5745295286178589,keyword
W4392519602,Crossbar switch,0.5105501413345337,keyword
W4392519602,Layer (electronics),0.4295649230480194,keyword
W4392519602,Distributed computing,0.41007253527641296,keyword
W4392519602,Computational science,0.4070656895637512,keyword
W4392519602,Parallel computing,0.3746774196624756,keyword
W4392519602,Artificial intelligence,0.2569202780723572,keyword
W4392519602,Artificial neural network,0.21721071004867554,keyword
W4392519602,Nanotechnology,0.136459618806839,keyword
W4392519602,Geology,0.08885595202445984,keyword
W4392519602,Materials science,0.08556738495826721,keyword
W4392519602,Recurrent neural network,0.08318698406219482,keyword
W4392519602,Advanced Memory and Neural Computing,0.9998999834060669,topic
W4392519602,Neural Networks and Reservoir Computing,0.9998999834060669,topic
W4392519602,Neural dynamics and brain function,0.9943000078201294,topic
W4389436239,Full color,0.7268576622009277,keyword
W4389436239,Perovskite (structure),0.6636468172073364,keyword
W4389436239,Materials science,0.6286342740058899,keyword
W4389436239,Optoelectronics,0.6270865201950073,keyword
W4389436239,Light-emitting diode,0.6171826124191284,keyword
W4389436239,Diode,0.45195239782333374,keyword
W4389436239,Chemistry,0.12479272484779358,keyword
W4389436239,Crystallography,0.08512517809867859,keyword
W4389436239,Perovskite Materials and Applications,1.0,topic
W4389436239,Organic Light-Emitting Diodes Research,0.9945999979972839,topic
W4389436239,Quantum Dots Synthesis And Properties,0.9940999746322632,topic
W4410846753,Electronics,0.6179103255271912,keyword
W4410846753,Thermoelectric materials,0.5340486764907837,keyword
W4410846753,Wearable technology,0.5276060104370117,keyword
W4410846753,Wearable computer,0.4992842674255371,keyword
W4410846753,Computer science,0.4477170705795288,keyword
W4410846753,Nanotechnology,0.40271735191345215,keyword
W4410846753,Materials science,0.30003228783607483,keyword
W4410846753,Thermoelectric effect,0.2774234712123871,keyword
W4410846753,Electrical engineering,0.22270062565803528,keyword
W4410846753,Embedded system,0.19930878281593323,keyword
W4410846753,Engineering,0.1600503921508789,keyword
W4410846753,Physics,0.14380738139152527,keyword
W4410846753,Advanced Thermoelectric Materials and Devices,1.0,topic
W4410846753,Advanced Sensor and Energy Harvesting Materials,0.9954000115394592,topic
W4410846753,"Perfectionism, Procrastination, Anxiety Studies",0.984499990940094,topic
W3005668620,Photocurrent,0.9539562463760376,keyword
W3005668620,Polarity (international relations),0.8062551021575928,keyword
W3005668620,Optoelectronics,0.7088117003440857,keyword
W3005668620,Light intensity,0.6434021592140198,keyword
W3005668620,Materials science,0.6295931339263916,keyword
W3005668620,Ternary operation,0.5669918656349182,keyword
W3005668620,Ray,0.5021202564239502,keyword
W3005668620,Wavelength,0.49625808000564575,keyword
W3005668620,Semiconductor,0.4624590575695038,keyword
W3005668620,Optics,0.3096029758453369,keyword
W3005668620,Computer science,0.1888578236103058,keyword
W3005668620,Chemistry,0.17895841598510742,keyword
W3005668620,Physics,0.14854523539543152,keyword
W3005668620,Advanced Photocatalysis Techniques,0.9998999834060669,topic
W3005668620,Perovskite Materials and Applications,0.9983999729156494,topic
W3005668620,Advanced Memory and Neural Computing,0.9962999820709229,topic
W3036499130,Materials science,0.8234970569610596,keyword
W3036499130,Ferroelectricity,0.7779608368873596,keyword
W3036499130,Amorphous solid,0.6950662136077881,keyword
W3036499130,Scalability,0.6422648429870605,keyword
W3036499130,Optoelectronics,0.6233130693435669,keyword
W3036499130,Non-volatile memory,0.58917236328125,keyword
W3036499130,Dipole,0.5075034499168396,keyword
W3036499130,Nanotechnology,0.4657018780708313,keyword
W3036499130,Polarization (electrochemistry),0.4640350341796875,keyword
W3036499130,Scaling,0.45069462060928345,keyword
W3036499130,Nanometre,0.4401891231536865,keyword
W3036499130,Transistor,0.4340285658836365,keyword
W3036499130,Threshold voltage,0.42454805970191956,keyword
W3036499130,Crystallite,0.4101082682609558,keyword
W3036499130,Voltage,0.3996517062187195,keyword
W3036499130,Electrical engineering,0.21632987260818481,keyword
W3036499130,Computer science,0.159724622964859,keyword
W3036499130,Composite material,0.07755589485168457,keyword
W3036499130,Ferroelectric and Negative Capacitance Devices,1.0,topic
W3036499130,Advanced Memory and Neural Computing,0.9970999956130981,topic
W3036499130,Semiconductor materials and devices,0.9969000220298767,topic
W4381512110,Retinal implant,0.7727965116500854,keyword
W4381512110,Retinitis pigmentosa,0.7118798494338989,keyword
W4381512110,Retinal,0.6743232011795044,keyword
W4381512110,Retinal Prosthesis,0.6628828048706055,keyword
W4381512110,Visual prosthesis,0.651099443435669,keyword
W4381512110,Macular degeneration,0.48219814896583557,keyword
W4381512110,Retina,0.4533384144306183,keyword
W4381512110,Retinal degeneration,0.45261862874031067,keyword
W4381512110,Neuroscience,0.3863618075847626,keyword
W4381512110,Medicine,0.3527180850505829,keyword
W4381512110,Ophthalmology,0.2704271674156189,keyword
W4381512110,Psychology,0.17477187514305115,keyword
W4381512110,Neuroscience and Neural Engineering,1.0,topic
W4381512110,Advanced Memory and Neural Computing,0.9994999766349792,topic
W4381512110,Photoreceptor and optogenetics research,0.996999979019165,topic
W4214590026,Microvesicles,0.8991107940673828,keyword
W4214590026,Exosome,0.8764249086380005,keyword
W4214590026,Isolation (microbiology),0.6303434371948242,keyword
W4214590026,Computational biology,0.5322337746620178,keyword
W4214590026,Nucleic acid,0.48932260274887085,keyword
W4214590026,Extracellular vesicles,0.4804627299308777,keyword
W4214590026,Peptide,0.4530557692050934,keyword
W4214590026,Molecular recognition,0.4371328055858612,keyword
W4214590026,Vesicle,0.433967649936676,keyword
W4214590026,Ultracentrifuge,0.4295842945575714,keyword
W4214590026,Chemistry,0.4258701205253601,keyword
W4214590026,Cell biology,0.41148218512535095,keyword
W4214590026,Biology,0.40862908959388733,keyword
W4214590026,Biochemistry,0.359150767326355,keyword
W4214590026,Membrane,0.23712623119354248,keyword
W4214590026,Bioinformatics,0.224389910697937,keyword
W4214590026,microRNA,0.21047568321228027,keyword
W4214590026,Gene,0.09835579991340637,keyword
W4214590026,Extracellular vesicles in disease,1.0,topic
W4214590026,RNA Interference and Gene Delivery,0.9912999868392944,topic
W4214590026,MicroRNA in disease regulation,0.9905999898910522,topic
W4224250313,Nanotechnology,0.7429009079933167,keyword
W4224250313,Materials science,0.6984953880310059,keyword
W4224250313,Photocatalysis,0.6244317293167114,keyword
W4224250313,Zinc,0.5177389979362488,keyword
W4224250313,Nanoparticle,0.515673041343689,keyword
W4224250313,Catalysis,0.2939326763153076,keyword
W4224250313,Chemistry,0.11772716045379639,keyword
W4224250313,Metallurgy,0.07397344708442688,keyword
W4224250313,ZnO doping and properties,0.974399983882904,topic
W4224250313,Advanced Nanomaterials in Catalysis,0.9602000117301941,topic
W4224250313,Nanoparticles: synthesis and applications,0.9004999995231628,topic
W4402765512,Indium,0.7810081243515015,keyword
W4402765512,Field-effect transistor,0.6808825135231018,keyword
W4402765512,Transistor,0.6138798594474792,keyword
W4402765512,Materials science,0.5692445039749146,keyword
W4402765512,Optoelectronics,0.5416160225868225,keyword
W4402765512,Oxide,0.5130051970481873,keyword
W4402765512,Nanotechnology,0.4788751006126404,keyword
W4402765512,Electrical engineering,0.45737338066101074,keyword
W4402765512,Field (mathematics),0.43294796347618103,keyword
W4402765512,Engineering physics,0.3888920247554779,keyword
W4402765512,Electronic engineering,0.375852108001709,keyword
W4402765512,Computer science,0.3304157257080078,keyword
W4402765512,Engineering,0.292760968208313,keyword
W4402765512,Metallurgy,0.06896793842315674,keyword
W4402765512,Gas Sensing Nanomaterials and Sensors,1.0,topic
W4402765512,Analytical Chemistry and Sensors,0.9994999766349792,topic
W4402765512,Nanowire Synthesis and Applications,0.9977999925613403,topic
W4281659850,Redox,0.7881916165351868,keyword
W4281659850,Oxidative stress,0.7507184147834778,keyword
W4281659850,Neuroscience,0.5942620038986206,keyword
W4281659850,Reactive oxygen species,0.5427205562591553,keyword
W4281659850,Neurodegeneration,0.4819774031639099,keyword
W4281659850,Disease,0.47828277945518494,keyword
W4281659850,Pathogenesis,0.4389324486255646,keyword
W4281659850,Medicine,0.36777615547180176,keyword
W4281659850,Bioinformatics,0.33252376317977905,keyword
W4281659850,Chemistry,0.32636767625808716,keyword
W4281659850,Biology,0.2901954650878906,keyword
W4281659850,Cell biology,0.21764588356018066,keyword
W4281659850,Immunology,0.17010560631752014,keyword
W4281659850,Biochemistry,0.16263145208358765,keyword
W4281659850,Pathology,0.14203780889511108,keyword
W4281659850,Advanced Nanomaterials in Catalysis,1.0,topic
W4281659850,Nanoplatforms for cancer theranostics,0.9940000176429749,topic
W4281659850,Nanocluster Synthesis and Applications,0.987500011920929,topic
W4402379864,Resistive random-access memory,0.6600217223167419,keyword
W4402379864,Resistive touchscreen,0.5282617807388306,keyword
W4402379864,Computer science,0.49924206733703613,keyword
W4402379864,Random access,0.445865273475647,keyword
W4402379864,Computer network,0.22662046551704407,keyword
W4402379864,Electrical engineering,0.20270326733589172,keyword
W4402379864,Operating system,0.16999590396881104,keyword
W4402379864,Engineering,0.1631530225276947,keyword
W4402379864,Advanced Memory and Neural Computing,1.0,topic
W4402379864,Ferroelectric and Negative Capacitance Devices,0.9998999834060669,topic
W4402379864,Semiconductor materials and devices,0.9983000159263611,topic
W3088217251,Neuromorphic engineering,0.947075366973877,keyword
W3088217251,Interfacing,0.7524428963661194,keyword
W3088217251,Computer science,0.627670407295227,keyword
W3088217251,Adaptation (eye),0.5620948076248169,keyword
W3088217251,Neuroscience,0.4943711757659912,keyword
W3088217251,Artificial neural network,0.4496793746948242,keyword
W3088217251,Computational neuroscience,0.4474563002586365,keyword
W3088217251,Spiking neural network,0.4255019426345825,keyword
W3088217251,Artificial intelligence,0.41987767815589905,keyword
W3088217251,Cognitive science,0.3931204080581665,keyword
W3088217251,Human–computer interaction,0.3882655203342438,keyword
W3088217251,Computer architecture,0.351914644241333,keyword
W3088217251,Biology,0.1413055956363678,keyword
W3088217251,Psychology,0.13958480954170227,keyword
W3088217251,Advanced Memory and Neural Computing,1.0,topic
W3088217251,Neural dynamics and brain function,0.9994999766349792,topic
W3088217251,Neuroscience and Neural Engineering,0.9994999766349792,topic
W4388452697,Interface (matter),0.7033198475837708,keyword
W4388452697,Computer science,0.5424869656562805,keyword
W4388452697,Oxygen,0.5244020223617554,keyword
W4388452697,Ion,0.45061224699020386,keyword
W4388452697,Dynamics (music),0.43530410528182983,keyword
W4388452697,Type (biology),0.4124772250652313,keyword
W4388452697,Chemical physics,0.3909285366535187,keyword
W4388452697,Human–computer interaction,0.3287118673324585,keyword
W4388452697,Chemistry,0.26663172245025635,keyword
W4388452697,Physics,0.16646713018417358,keyword
W4388452697,Operating system,0.1363433301448822,keyword
W4388452697,Ecology,0.1074744164943695,keyword
W4388452697,Biology,0.08904504776000977,keyword
W4388452697,Neural Networks and Reservoir Computing,0.9998999834060669,topic
W4388452697,Advanced Memory and Neural Computing,0.9994000196456909,topic
W4388452697,Ferroelectric and Negative Capacitance Devices,0.9824000000953674,topic
W4385462174,Memristor,0.9470809698104858,keyword
W4385462174,Neuromorphic engineering,0.7122170925140381,keyword
W4385462174,Artificial neural network,0.6302003264427185,keyword
W4385462174,Computer science,0.5785353779792786,keyword
W4385462174,Memistor,0.5061356425285339,keyword
W4385462174,Artificial intelligence,0.46481001377105713,keyword
W4385462174,Content-addressable memory,0.42144694924354553,keyword
W4385462174,Computer architecture,0.338427871465683,keyword
W4385462174,Electronic engineering,0.29556798934936523,keyword
W4385462174,Voltage,0.22160640358924866,keyword
W4385462174,Engineering,0.22052061557769775,keyword
W4385462174,Electrical engineering,0.19203147292137146,keyword
W4385462174,Resistive random-access memory,0.17531323432922363,keyword
W4385462174,Advanced Memory and Neural Computing,1.0,topic
W4385462174,Neuroscience and Neural Engineering,0.9980000257492065,topic
W4385462174,Photoreceptor and optogenetics research,0.9970999956130981,topic
W4283723996,Neuromorphic engineering,0.9398553967475891,keyword
W4283723996,Oscillation (cell signaling),0.6582328081130981,keyword
W4283723996,Voltage,0.6206161975860596,keyword
W4283723996,Optoelectronics,0.4712296724319458,keyword
W4283723996,Physics,0.4515704810619354,keyword
W4283723996,Materials science,0.3914363980293274,keyword
W4283723996,Condensed matter physics,0.3536766767501831,keyword
W4283723996,Computer science,0.260562539100647,keyword
W4283723996,Chemistry,0.1521511673927307,keyword
W4283723996,Artificial neural network,0.07417404651641846,keyword
W4283723996,Advanced Memory and Neural Computing,0.9998999834060669,topic
W4283723996,Magnetic properties of thin films,0.9994999766349792,topic
W4283723996,Neural Networks and Reservoir Computing,0.9988999962806702,topic
W2999470894,Neural tissue engineering,0.7931641340255737,keyword
W2999470894,Tissue engineering,0.7567143440246582,keyword
W2999470894,Scaffold,0.7345795631408691,keyword
W2999470894,Computer science,0.4784924387931824,keyword
W2999470894,Brain tissue,0.47186797857284546,keyword
W2999470894,Biomedical engineering,0.4526980221271515,keyword
W2999470894,Neural engineering,0.4343959391117096,keyword
W2999470894,Neuroscience,0.4250600039958954,keyword
W2999470894,Nervous tissue,0.4250493049621582,keyword
W2999470894,Nanotechnology,0.32282885909080505,keyword
W2999470894,Materials science,0.28397291898727417,keyword
W2999470894,Engineering,0.2631799578666687,keyword
W2999470894,Artificial intelligence,0.17394837737083435,keyword
W2999470894,Biology,0.14538100361824036,keyword
W2999470894,Neuroscience and Neural Engineering,0.9975000023841858,topic
W2999470894,Advanced Sensor and Energy Harvesting Materials,0.996999979019165,topic
W2999470894,Graphene and Nanomaterials Applications,0.9965000152587891,topic
W4280595843,Electrospinning,0.9487398266792297,keyword
W4280595843,Nanofiber,0.908841609954834,keyword
W4280595843,Materials science,0.6738536953926086,keyword
W4280595843,Nanotechnology,0.6417280435562134,keyword
W4280595843,Microfiber,0.5234143733978271,keyword
W4280595843,Membrane,0.4324341118335724,keyword
W4280595843,Polymer,0.26987677812576294,keyword
W4280595843,Composite material,0.15662434697151184,keyword
W4280595843,Chemistry,0.06335872411727905,keyword
W4280595843,Electrospun Nanofibers in Biomedical Applications,1.0,topic
W4280595843,Advanced Sensor and Energy Harvesting Materials,0.9929999709129333,topic
W4280595843,Conducting polymers and applications,0.9747999906539917,topic
W4405446995,Neuromorphic engineering,0.9298360347747803,keyword
W4405446995,Computer science,0.6113678812980652,keyword
W4405446995,Synapse,0.5333269834518433,keyword
W4405446995,Computer architecture,0.4758429527282715,keyword
W4405446995,Artificial neural network,0.4556165337562561,keyword
W4405446995,Neuroscience,0.4555441737174988,keyword
W4405446995,Artificial intelligence,0.4196774661540985,keyword
W4405446995,Nanotechnology,0.400884747505188,keyword
W4405446995,Materials science,0.24551263451576233,keyword
W4405446995,Biology,0.18712210655212402,keyword
W4405446995,Advanced Memory and Neural Computing,0.9998999834060669,topic
W4405446995,Conducting polymers and applications,0.9995999932289124,topic
W4405446995,Advanced Sensor and Energy Harvesting Materials,0.9979000091552734,topic
W4399999893,Ferroelectricity,0.9271652102470398,keyword
W4399999893,Non-volatile memory,0.692741870880127,keyword
W4399999893,Materials science,0.660535991191864,keyword
W4399999893,Nanotechnology,0.5219689607620239,keyword
W4399999893,Scaling,0.4729444980621338,keyword
W4399999893,Engineering physics,0.43628495931625366,keyword
W4399999893,Polarization (electrochemistry),0.42827123403549194,keyword
W4399999893,Optoelectronics,0.41715484857559204,keyword
W4399999893,Computer science,0.32364749908447266,keyword
W4399999893,Dielectric,0.19001612067222595,keyword
W4399999893,Chemistry,0.13330796360969543,keyword
W4399999893,Physics,0.13272088766098022,keyword
W4399999893,Ferroelectric and Piezoelectric Materials,0.9998000264167786,topic
W4399999893,Acoustic Wave Resonator Technologies,0.9998000264167786,topic
W4399999893,Ferroelectric and Negative Capacitance Devices,0.9962999820709229,topic
W3126895066,Interfacing,0.979489803314209,keyword
W3126895066,Transistor,0.6148591041564941,keyword
W3126895066,Nanotechnology,0.48897111415863037,keyword
W3126895066,Field (mathematics),0.4574103355407715,keyword
W3126895066,In vivo,0.4421822130680084,keyword
W3126895066,Engineering,0.4231160283088684,keyword
W3126895066,Computer science,0.38146209716796875,keyword
W3126895066,Systems engineering,0.34375208616256714,keyword
W3126895066,Materials science,0.30421486496925354,keyword
W3126895066,Electrical engineering,0.2880837917327881,keyword
W3126895066,Biology,0.17416393756866455,keyword
W3126895066,Biotechnology,0.08441013097763062,keyword
W3126895066,Computer hardware,0.04692584276199341,keyword
W3126895066,Neuroscience and Neural Engineering,0.9998999834060669,topic
W3126895066,Advanced Sensor and Energy Harvesting Materials,0.9995999932289124,topic
W3126895066,Conducting polymers and applications,0.9995999932289124,topic
W4322753476,MXenes,0.989570677280426,keyword
W4322753476,Nanotechnology,0.6959899663925171,keyword
W4322753476,Nanomaterials,0.4962480664253235,keyword
W4322753476,Materials science,0.4877112805843353,keyword
W4322753476,Biomedicine,0.42241108417510986,keyword
W4322753476,Bioinformatics,0.12230393290519714,keyword
W4322753476,Biology,0.09060350060462952,keyword
W4322753476,MXene and MAX Phase Materials,1.0,topic
W4322753476,Graphene and Nanomaterials Applications,0.9961000084877014,topic
W4322753476,Advanced Photocatalysis Techniques,0.9602000117301941,topic
W4405980228,Sustainability,0.7403382658958435,keyword
W4405980228,Engineering ethics,0.4534984230995178,keyword
W4405980228,Business,0.4175010919570923,keyword
W4405980228,Knowledge management,0.3352981507778168,keyword
W4405980228,Engineering,0.3009214997291565,keyword
W4405980228,Computer science,0.22947195172309875,keyword
W4405980228,Green IT and Sustainability,0.8442000150680542,topic
W4405980228,University-Industry-Government Innovation Models,0.7961999773979187,topic
W3133123553,Memristor,0.8949551582336426,keyword
W3133123553,Nanosheet,0.8753821849822998,keyword
W3133123553,Materials science,0.7471476197242737,keyword
W3133123553,Neuromorphic engineering,0.7220954895019531,keyword
W3133123553,Long-term potentiation,0.5102806091308594,keyword
W3133123553,Nociceptor,0.4259325861930847,keyword
W3133123553,Nanotechnology,0.4097940921783447,keyword
W3133123553,Computer science,0.38796836137771606,keyword
W3133123553,Artificial neural network,0.3853021562099457,keyword
W3133123553,Neuroscience,0.32712042331695557,keyword
W3133123553,Artificial intelligence,0.2812124490737915,keyword
W3133123553,Electronic engineering,0.27933675050735474,keyword
W3133123553,Medicine,0.11857610940933228,keyword
W3133123553,Engineering,0.11343786120414734,keyword
W3133123553,Nociception,0.08059385418891907,keyword
W3133123553,Psychology,0.07111561298370361,keyword
W3133123553,Advanced Memory and Neural Computing,1.0,topic
W3133123553,Neuroscience and Neural Engineering,0.9993000030517578,topic
W3133123553,Photoreceptor and optogenetics research,0.998199999332428,topic
W3010026247,Optogenetics,0.9009212255477905,keyword
W3010026247,Intracellular,0.8813254833221436,keyword
W3010026247,Electrode,0.6841403841972351,keyword
W3010026247,Extracellular,0.5572736263275146,keyword
W3010026247,Materials science,0.5362460017204285,keyword
W3010026247,Nanowire,0.50119948387146,keyword
W3010026247,Biophysics,0.46985021233558655,keyword
W3010026247,Cell,0.4637466371059418,keyword
W3010026247,Electrode array,0.4586498737335205,keyword
W3010026247,Nanotechnology,0.43505680561065674,keyword
W3010026247,Population,0.42427733540534973,keyword
W3010026247,Optoelectronics,0.3524476885795593,keyword
W3010026247,Biomedical engineering,0.34611642360687256,keyword
W3010026247,Neuroscience,0.32412466406822205,keyword
W3010026247,Chemistry,0.2897462248802185,keyword
W3010026247,Cell biology,0.26806896924972534,keyword
W3010026247,Biology,0.21493428945541382,keyword
W3010026247,Medicine,0.12496241927146912,keyword
W3010026247,Biochemistry,0.07701811194419861,keyword
W3010026247,Neuroscience and Neural Engineering,0.9998999834060669,topic
W3010026247,Photoreceptor and optogenetics research,0.9998999834060669,topic
W3010026247,Molecular Communication and Nanonetworks,0.9983000159263611,topic
W4382238570,Microelectronics,0.6567388772964478,keyword
W4382238570,Printed electronics,0.6143831610679626,keyword
W4382238570,Electronics,0.5879114270210266,keyword
W4382238570,Nanotechnology,0.5837132334709167,keyword
W4382238570,Electrohydrodynamics,0.5714494585990906,keyword
W4382238570,3D printing,0.5247200727462769,keyword
W4382238570,Materials science,0.5246841311454773,keyword
W4382238570,Fabrication,0.5176975727081299,keyword
W4382238570,Quantum dot,0.4198465645313263,keyword
W4382238570,Reliability (semiconductor),0.415584534406662,keyword
W4382238570,Computer science,0.40637439489364624,keyword
W4382238570,Electrical engineering,0.24755266308784485,keyword
W4382238570,Power (physics),0.20338332653045654,keyword
W4382238570,Engineering,0.16537579894065857,keyword
W4382238570,Electric field,0.13486286997795105,keyword
W4382238570,Physics,0.10844066739082336,keyword
W4382238570,Electrohydrodynamics and Fluid Dynamics,1.0,topic
W4382238570,Advanced Sensor and Energy Harvesting Materials,0.9955000281333923,topic
W4382238570,Nanomaterials and Printing Technologies,0.9950000047683716,topic
W3134479834,Multicellular organism,0.9126924276351929,keyword
W3134479834,Sentience,0.8761533498764038,keyword
W3134479834,Consciousness,0.7587888240814209,keyword
W3134479834,Biology,0.5533082485198975,keyword
W3134479834,Algae,0.48174548149108887,keyword
W3134479834,Cognitive science,0.4142098128795624,keyword
W3134479834,Ecology,0.37335604429244995,keyword
W3134479834,Evolutionary biology,0.3380664587020874,keyword
W3134479834,Environmental ethics,0.22733429074287415,keyword
W3134479834,Cell,0.22161972522735596,keyword
W3134479834,Neuroscience,0.2174791395664215,keyword
W3134479834,Psychology,0.1388339400291443,keyword
W3134479834,Philosophy,0.11582368612289429,keyword
W3134479834,Genetics,0.08721372485160828,keyword
W3134479834,Plant and Biological Electrophysiology Studies,0.9991999864578247,topic
W3134479834,Photoreceptor and optogenetics research,0.9975000023841858,topic
W3134479834,Planarian Biology and Electrostimulation,0.9843000173568726,topic
W2910098374,Brain–computer interface,0.7996000051498413,keyword
W2910098374,Standardization,0.6937000155448914,keyword
W2910098374,Field (mathematics),0.6093000173568726,keyword
W2910098374,Brain research,0.5722000002861023,keyword
W2910098374,Scale (ratio),0.4214000105857849,keyword
W2910098374,Brain activity and meditation,0.41440001130104065,keyword
W2910098374,Feature (linguistics),0.3409999907016754,keyword
W2910098374,EEG and Brain-Computer Interfaces,0.9929999709129333,topic
W2910098374,Functional Brain Connectivity Studies,0.0012000000569969416,topic
W2910098374,Emotion and Mood Recognition,0.00039999998989515007,topic
W3099492106,Materials science,0.8031429052352905,keyword
W3099492106,Thermal conduction,0.6647067666053772,keyword
W3099492106,Temperature coefficient,0.6578875184059143,keyword
W3099492106,Grain boundary,0.6397705674171448,keyword
W3099492106,Condensed matter physics,0.6024734973907471,keyword
W3099492106,Percolation (cognitive psychology),0.5792748928070068,keyword
W3099492106,Electrical resistivity and conductivity,0.5587361454963684,keyword
W3099492106,Coulomb blockade,0.549601674079895,keyword
W3099492106,Atmospheric temperature range,0.5043085813522339,keyword
W3099492106,Space charge,0.41280776262283325,keyword
W3099492106,Electron,0.2914493680000305,keyword
W3099492106,Composite material,0.2376253604888916,keyword
W3099492106,Microstructure,0.14607354998588562,keyword
W3099492106,Voltage,0.0804654061794281,keyword
W3099492106,Advanced Memory and Neural Computing,1.0,topic
W3099492106,Ferroelectric and Negative Capacitance Devices,0.9991999864578247,topic
W3099492106,Semiconductor materials and devices,0.9977999925613403,topic
W4200294500,Materials science,0.8145225048065186,keyword
W4200294500,Durability,0.6785123348236084,keyword
W4200294500,Nanofiber,0.6537564396858215,keyword
W4200294500,Fabrication,0.5798909068107605,keyword
W4200294500,Nanotechnology,0.5598757266998291,keyword
W4200294500,Electrospinning,0.551962673664093,keyword
W4200294500,Polymer,0.5339948534965515,keyword
W4200294500,Electronics,0.5000734329223633,keyword
W4200294500,Pressure sensor,0.486992210149765,keyword
W4200294500,Electrical conductor,0.4826227128505707,keyword
W4200294500,Conductive polymer,0.46868494153022766,keyword
W4200294500,Composite number,0.43158653378486633,keyword
W4200294500,Composite material,0.4278479218482971,keyword
W4200294500,Microelectronics,0.4180357754230499,keyword
W4200294500,Mechanical engineering,0.2272081971168518,keyword
W4200294500,Electrical engineering,0.13798794150352478,keyword
W4200294500,Advanced Sensor and Energy Harvesting Materials,0.9998999834060669,topic
W4200294500,Conducting polymers and applications,0.9987000226974487,topic
W4200294500,Gas Sensing Nanomaterials and Sensors,0.9663000106811523,topic
W4390510698,Neuromorphic engineering,0.8998262882232666,keyword
W4390510698,Computer science,0.7607080936431885,keyword
W4390510698,Scalability,0.6697250008583069,keyword
W4390510698,Von Neumann architecture,0.6570862531661987,keyword
W4390510698,Routing (electronic design automation),0.554743230342865,keyword
W4390510698,Computer architecture,0.4978644847869873,keyword
W4390510698,Parallel computing,0.49241364002227783,keyword
W4390510698,Memristor,0.4904022216796875,keyword
W4390510698,Locality,0.48116812109947205,keyword
W4390510698,Distributed computing,0.48108741641044617,keyword
W4390510698,Spike (software development),0.47362181544303894,keyword
W4390510698,Graph,0.4389963448047638,keyword
W4390510698,Artificial neural network,0.41483333706855774,keyword
W4390510698,Theoretical computer science,0.3254263401031494,keyword
W4390510698,Computer network,0.2722247838973999,keyword
W4390510698,Artificial intelligence,0.24071621894836426,keyword
W4390510698,Electronic engineering,0.10115313529968262,keyword
W4390510698,Engineering,0.09093940258026123,keyword
W4390510698,Advanced Memory and Neural Computing,1.0,topic
W4390510698,Ferroelectric and Negative Capacitance Devices,0.9990000128746033,topic
W4390510698,Photoreceptor and optogenetics research,0.9955000281333923,topic
W3047357371,Nanosensor,0.9080936908721924,keyword
W3047357371,Nanopore,0.8430368900299072,keyword
W3047357371,Nanotechnology,0.7399815917015076,keyword
W3047357371,Electrical conductor,0.6994304656982422,keyword
W3047357371,Nanoscopic scale,0.6750662922859192,keyword
W3047357371,Materials science,0.5446235537528992,keyword
W3047357371,Electrochemistry,0.5306462645530701,keyword
W3047357371,Chemistry,0.20876812934875488,keyword
W3047357371,Electrode,0.08560216426849365,keyword
W3047357371,Composite material,0.05630779266357422,keyword
W3047357371,Nanopore and Nanochannel Transport Studies,0.9998999834060669,topic
W3047357371,Electrochemical Analysis and Applications,0.9990000128746033,topic
W3047357371,Electrostatics and Colloid Interactions,0.994700014591217,topic
W3005555308,Energy harvesting,0.891484260559082,keyword
W3005555308,Nanogenerator,0.8798558712005615,keyword
W3005555308,Triboelectric effect,0.8646067380905151,keyword
W3005555308,Work (physics),0.49887657165527344,keyword
W3005555308,Energy source,0.4651558995246887,keyword
W3005555308,Flexibility (engineering),0.4476116895675659,keyword
W3005555308,Power (physics),0.44371482729911804,keyword
W3005555308,Energy (signal processing),0.4190121591091156,keyword
W3005555308,Computer science,0.34793469309806824,keyword
W3005555308,Electrical engineering,0.34115198254585266,keyword
W3005555308,Automotive engineering,0.33798345923423767,keyword
W3005555308,Materials science,0.3010224401950836,keyword
W3005555308,Engineering,0.2169714868068695,keyword
W3005555308,Renewable energy,0.21275338530540466,keyword
W3005555308,Voltage,0.17857733368873596,keyword
W3005555308,Mechanical engineering,0.14048495888710022,keyword
W3005555308,Physics,0.11024358868598938,keyword
W3005555308,Advanced Sensor and Energy Harvesting Materials,1.0,topic
W3005555308,Conducting polymers and applications,0.9991000294685364,topic
W3005555308,Innovative Energy Harvesting Technologies,0.9988999962806702,topic
W4377093626,Photodetector,0.8990994095802307,keyword
W4377093626,Nanomaterials,0.69803786277771,keyword
W4377093626,Neuromorphic engineering,0.6493949294090271,keyword
W4377093626,Photonics,0.5855372548103333,keyword
W4377093626,Materials science,0.5736023783683777,keyword
W4377093626,Electronics,0.5362180471420288,keyword
W4377093626,Nanotechnology,0.49645620584487915,keyword
W4377093626,Optoelectronics,0.43785661458969116,keyword
W4377093626,Computer science,0.3906020522117615,keyword
W4377093626,Engineering,0.13891085982322693,keyword
W4377093626,Electrical engineering,0.12495541572570801,keyword
W4377093626,Artificial intelligence,0.0880419909954071,keyword
W4377093626,Artificial neural network,0.07091304659843445,keyword
W4377093626,2D Materials and Applications,0.9998000264167786,topic
W4377093626,Perovskite Materials and Applications,0.9988999962806702,topic
W4377093626,Quantum Dots Synthesis And Properties,0.9987999796867371,topic
W4297259616,Fractal,0.6486802101135254,keyword
W4297259616,Scale (ratio),0.5913681387901306,keyword
W4297259616,Perspective (graphical),0.5515409111976624,keyword
W4297259616,Computer science,0.5104147791862488,keyword
W4297259616,Cognitive science,0.508441150188446,keyword
W4297259616,Dynamics (music),0.5036856532096863,keyword
W4297259616,Computation,0.49736645817756653,keyword
W4297259616,Neuroscience,0.48136478662490845,keyword
W4297259616,Brain function,0.4263771176338196,keyword
W4297259616,Psychology,0.3668610453605652,keyword
W4297259616,Artificial intelligence,0.3398866653442383,keyword
W4297259616,Statistical physics,0.3274032473564148,keyword
W4297259616,Mathematics,0.2439773976802826,keyword
W4297259616,Physics,0.14155176281929016,keyword
W4297259616,Algorithm,0.08877930045127869,keyword
W4297259616,Neural dynamics and brain function,0.9995999932289124,topic
W4297259616,Plant and Biological Electrophysiology Studies,0.988099992275238,topic
W4297259616,Complex Systems and Time Series Analysis,0.9868000149726868,topic
W3161746510,Monolayer,0.8540465831756592,keyword
W3161746510,Materials science,0.6816692352294922,keyword
W3161746510,Self-assembled monolayer,0.6705775260925293,keyword
W3161746510,Dielectric,0.6496472358703613,keyword
W3161746510,Dopant,0.6347787976264954,keyword
W3161746510,Nanotechnology,0.6155411601066589,keyword
W3161746510,Transistor,0.6140550374984741,keyword
W3161746510,Biosensor,0.5322019457817078,keyword
W3161746510,Gate dielectric,0.5301863551139832,keyword
W3161746510,Optoelectronics,0.47043392062187195,keyword
W3161746510,Doping,0.463558554649353,keyword
W3161746510,Layer (electronics),0.4143553674221039,keyword
W3161746510,Voltage,0.24077582359313965,keyword
W3161746510,Electrical engineering,0.135351300239563,keyword
W3161746510,Engineering,0.06011626124382019,keyword
W3161746510,Molecular Junctions and Nanostructures,1.0,topic
W3161746510,Semiconductor materials and devices,0.9993000030517578,topic
W3161746510,Nanowire Synthesis and Applications,0.9986000061035156,topic
W4392450555,Materials science,0.6977857351303101,keyword
W4392450555,Piezoelectricity,0.6405020952224731,keyword
W4392450555,Stimulation,0.6162775158882141,keyword
W4392450555,Nanotechnology,0.5486401915550232,keyword
W4392450555,Biomedical engineering,0.548427402973175,keyword
W4392450555,Neural Prosthesis,0.5397821664810181,keyword
W4392450555,Barium titanate,0.5071475505828857,keyword
W4392450555,Neural cell,0.4511968493461609,keyword
W4392450555,Nanoparticle,0.4488365054130554,keyword
W4392450555,Nanomedicine,0.44665876030921936,keyword
W4392450555,Electrode,0.44364750385284424,keyword
W4392450555,Regenerative medicine,0.4285028874874115,keyword
W4392450555,Neuroscience,0.3762557804584503,keyword
W4392450555,Cell,0.2375330924987793,keyword
W4392450555,Optoelectronics,0.17537197470664978,keyword
W4392450555,Medicine,0.17389920353889465,keyword
W4392450555,Chemistry,0.1712484359741211,keyword
W4392450555,Dielectric,0.13167256116867065,keyword
W4392450555,Biology,0.0938640832901001,keyword
W4392450555,Neuroscience and Neural Engineering,0.9995999932289124,topic
W4392450555,Vagus Nerve Stimulation Research,0.9957000017166138,topic
W4392450555,Advanced Sensor and Energy Harvesting Materials,0.9890999794006348,topic
W4307047493,Neuromorphic engineering,0.8968924283981323,keyword
W4307047493,Materials science,0.8085815906524658,keyword
W4307047493,Photonics,0.6561760306358337,keyword
W4307047493,Transistor,0.5201428532600403,keyword
W4307047493,Perovskite (structure),0.5123597383499146,keyword
W4307047493,Optoelectronics,0.5003423690795898,keyword
W4307047493,Quantum dot,0.4807150661945343,keyword
W4307047493,Neural facilitation,0.45789676904678345,keyword
W4307047493,Nanotechnology,0.41962963342666626,keyword
W4307047493,Excitatory postsynaptic potential,0.32578861713409424,keyword
W4307047493,Computer science,0.28375834226608276,keyword
W4307047493,Electrical engineering,0.1437985897064209,keyword
W4307047493,Neuroscience,0.13717424869537354,keyword
W4307047493,Voltage,0.12360206246376038,keyword
W4307047493,Artificial neural network,0.10781189799308777,keyword
W4307047493,Artificial intelligence,0.10409578680992126,keyword
W4307047493,Engineering,0.07110613584518433,keyword
W4307047493,Perovskite Materials and Applications,0.9998000264167786,topic
W4307047493,Advanced Memory and Neural Computing,0.9998000264167786,topic
W4307047493,Neural Networks and Reservoir Computing,0.9991999864578247,topic
W4308603449,Pupillary light reflex,0.6820695400238037,keyword
W4308603449,Neuroscience,0.4503723680973053,keyword
W4308603449,Computer science,0.4495960474014282,keyword
W4308603449,Reflex,0.44885915517807007,keyword
W4308603449,Photonics,0.43806788325309753,keyword
W4308603449,Optoelectronics,0.40533447265625,keyword
W4308603449,Materials science,0.37121880054473877,keyword
W4308603449,Pupil,0.3502325415611267,keyword
W4308603449,Biology,0.1418904960155487,keyword
W4308603449,Advanced Memory and Neural Computing,0.9998000264167786,topic
W4308603449,Neuroscience and Neural Engineering,0.998199999332428,topic
W4308603449,Photoreceptor and optogenetics research,0.9980999827384949,topic
W3148817824,Neuromorphic engineering,0.8097443580627441,keyword
W3148817824,Materials science,0.6981477737426758,keyword
W3148817824,Synaptic weight,0.6070918440818787,keyword
W3148817824,Optoelectronics,0.5906018614768982,keyword
W3148817824,Neural facilitation,0.48831769824028015,keyword
W3148817824,Excitatory postsynaptic potential,0.4529222548007965,keyword
W3148817824,Computer science,0.44432389736175537,keyword
W3148817824,Transistor,0.4410569369792938,keyword
W3148817824,Postsynaptic Current,0.42969974875450134,keyword
W3148817824,Voltage,0.28252625465393066,keyword
W3148817824,Artificial neural network,0.275147020816803,keyword
W3148817824,Neuroscience,0.26282909512519836,keyword
W3148817824,Electrical engineering,0.20001572370529175,keyword
W3148817824,Artificial intelligence,0.11068087816238403,keyword
W3148817824,Advanced Memory and Neural Computing,1.0,topic
W3148817824,Neural Networks and Reservoir Computing,0.9983000159263611,topic
W3148817824,Photoreceptor and optogenetics research,0.9973999857902527,topic
W4285587920,Materials science,0.5903650522232056,keyword
W4285587920,Electronic skin,0.5709521770477295,keyword
W4285587920,Mechanoreceptor,0.4935401678085327,keyword
W4285587920,Tactile sensor,0.4731489419937134,keyword
W4285587920,Process (computing),0.44221681356430054,keyword
W4285587920,Biomedical engineering,0.38371866941452026,keyword
W4285587920,Optoelectronics,0.37805965542793274,keyword
W4285587920,Nanotechnology,0.37789416313171387,keyword
W4285587920,Computer science,0.37307024002075195,keyword
W4285587920,Acoustics,0.33659422397613525,keyword
W4285587920,Robot,0.2663744390010834,keyword
W4285587920,Neuroscience,0.14441636204719543,keyword
W4285587920,Artificial intelligence,0.1389964520931244,keyword
W4285587920,Engineering,0.09585356712341309,keyword
W4285587920,Physics,0.08876878023147583,keyword
W4285587920,Biology,0.08238804340362549,keyword
W4285587920,Stimulation,0.07656696438789368,keyword
W4285587920,Advanced Sensor and Energy Harvesting Materials,1.0,topic
W4285587920,Tactile and Sensory Interactions,0.9994000196456909,topic
W4285587920,Muscle activation and electromyography studies,0.9659000039100647,topic
W4389402570,Neuromorphic engineering,0.8251457214355469,keyword
W4389402570,Synapse,0.6797303557395935,keyword
W4389402570,Materials science,0.5460389852523804,keyword
W4389402570,Neural facilitation,0.47646450996398926,keyword
W4389402570,Computer science,0.45943376421928406,keyword
W4389402570,Spike (software development),0.4312155246734619,keyword
W4389402570,Nanocrystalline material,0.42983344197273254,keyword
W4389402570,Neuroscience,0.4038471579551697,keyword
W4389402570,Optoelectronics,0.3665168881416321,keyword
W4389402570,Artificial intelligence,0.2695067524909973,keyword
W4389402570,Nanotechnology,0.26710599660873413,keyword
W4389402570,Artificial neural network,0.1960330307483673,keyword
W4389402570,Excitatory postsynaptic potential,0.17187246680259705,keyword
W4389402570,Biology,0.10086619853973389,keyword
W4389402570,Inhibitory postsynaptic potential,0.078155517578125,keyword
W4389402570,Advanced Memory and Neural Computing,1.0,topic
W4389402570,Photoreceptor and optogenetics research,0.9986000061035156,topic
W4389402570,Neural dynamics and brain function,0.9940000176429749,topic
W4390113415,Photocatalysis,0.783028244972229,keyword
W4390113415,Nanotechnology,0.7043946981430054,keyword
W4390113415,Semiconductor,0.6483415365219116,keyword
W4390113415,Context (archaeology),0.6209222078323364,keyword
W4390113415,Materials science,0.5679211616516113,keyword
W4390113415,Charge carrier,0.5106516480445862,keyword
W4390113415,Renewable energy,0.4700948894023895,keyword
W4390113415,Graphene,0.45052677392959595,keyword
W4390113415,Semiconductor materials,0.4277569055557251,keyword
W4390113415,Engineering physics,0.32265377044677734,keyword
W4390113415,Optoelectronics,0.1675010621547699,keyword
W4390113415,Engineering,0.15860798954963684,keyword
W4390113415,Chemistry,0.1363266110420227,keyword
W4390113415,Electrical engineering,0.08952590823173523,keyword
W4390113415,Catalysis,0.08024728298187256,keyword
W4390113415,Advanced Photocatalysis Techniques,0.9998999834060669,topic
W4390113415,2D Materials and Applications,0.9993000030517578,topic
W4390113415,MXene and MAX Phase Materials,0.9902999997138977,topic
W4362634664,Spectrometer,0.7918605208396912,keyword
W4362634664,Narrowband,0.6420623660087585,keyword
W4362634664,Plasmon,0.5532907843589783,keyword
W4362634664,Chip,0.5511651635169983,keyword
W4362634664,Computer science,0.5251383781433105,keyword
W4362634664,Optics,0.5006418228149414,keyword
W4362634664,Optoelectronics,0.4182935655117035,keyword
W4362634664,Polarimetry,0.41356712579727173,keyword
W4362634664,Materials science,0.39857858419418335,keyword
W4362634664,Physics,0.3141668438911438,keyword
W4362634664,Telecommunications,0.14068934321403503,keyword
W4362634664,Photonic and Optical Devices,0.9990000128746033,topic
W4362634664,Neural Networks and Reservoir Computing,0.9990000128746033,topic
W4362634664,Plasmonic and Surface Plasmon Research,0.9984999895095825,topic
W4392143641,Materials science,0.9312081336975098,keyword
W4392143641,Aerogel,0.8846461176872253,keyword
W4392143641,Stretchable electronics,0.7211591005325317,keyword
W4392143641,Electronics,0.6484339237213135,keyword
W4392143641,Nanotechnology,0.5939726829528809,keyword
W4392143641,Flexible electronics,0.4353735148906708,keyword
W4392143641,Optoelectronics,0.3747766315937042,keyword
W4392143641,Engineering physics,0.37271633744239807,keyword
W4392143641,Electrical engineering,0.08164501190185547,keyword
W4392143641,Advanced Sensor and Energy Harvesting Materials,1.0,topic
W4392143641,Conducting polymers and applications,0.9984999895095825,topic
W4392143641,Gas Sensing Nanomaterials and Sensors,0.995199978351593,topic
W4281860395,Triboelectric effect,0.9921683073043823,keyword
W4281860395,Interface (matter),0.7372900247573853,keyword
W4281860395,Materials science,0.6718621253967285,keyword
W4281860395,Nanogenerator,0.63257896900177,keyword
W4281860395,Fabrication,0.5805083513259888,keyword
W4281860395,Nanotechnology,0.5640919208526611,keyword
W4281860395,Process (computing),0.47518980503082275,keyword
W4281860395,Mechanical engineering,0.35925745964050293,keyword
W4281860395,Computer science,0.32248514890670776,keyword
W4281860395,Engineering,0.17905762791633606,keyword
W4281860395,Composite material,0.11127534508705139,keyword
W4281860395,Advanced Sensor and Energy Harvesting Materials,1.0,topic
W4281860395,Conducting polymers and applications,0.9987000226974487,topic
W4281860395,Supercapacitor Materials and Fabrication,0.9663000106811523,topic
W4389892054,Moisture,0.6349158883094788,keyword
W4389892054,Heterojunction,0.5377421975135803,keyword
W4389892054,Materials science,0.5192340016365051,keyword
W4389892054,Electricity,0.5179580450057983,keyword
W4389892054,Generator (circuit theory),0.5006828308105469,keyword
W4389892054,Attenuation,0.48849189281463623,keyword
W4389892054,Energy harvesting,0.483539342880249,keyword
W4389892054,Voltage,0.4392518997192383,keyword
W4389892054,SIGNAL (programming language),0.41923853754997253,keyword
W4389892054,Computer science,0.4191870093345642,keyword
W4389892054,Environmental science,0.4156651496887207,keyword
W4389892054,Electrical engineering,0.39190903306007385,keyword
W4389892054,Optoelectronics,0.367112934589386,keyword
W4389892054,Energy (signal processing),0.3126685619354248,keyword
W4389892054,Engineering,0.1469143033027649,keyword
W4389892054,Physics,0.11327329277992249,keyword
W4389892054,Power (physics),0.10453417897224426,keyword
W4389892054,Composite material,0.09789496660232544,keyword
W4389892054,Optics,0.06563830375671387,keyword
W4389892054,Advanced Sensor and Energy Harvesting Materials,0.9998000264167786,topic
W4389892054,Solar-Powered Water Purification Methods,0.9976000189781189,topic
W4389892054,Gas Sensing Nanomaterials and Sensors,0.9958000183105469,topic
W4382199212,Unconventional computing,0.6653079986572266,keyword
W4382199212,Skyrmion,0.6645028591156006,keyword
W4382199212,Computer science,0.6567502617835999,keyword
W4382199212,Reservoir computing,0.6474458575248718,keyword
W4382199212,Focus (optics),0.5915434956550598,keyword
W4382199212,Perspective (graphical),0.5687044858932495,keyword
W4382199212,Nonlinear system,0.4454619288444519,keyword
W4382199212,Field (mathematics),0.412457138299942,keyword
W4382199212,Distributed computing,0.3210788369178772,keyword
W4382199212,Artificial intelligence,0.2657807171344757,keyword
W4382199212,Physics,0.20876669883728027,keyword
W4382199212,Artificial neural network,0.15520533919334412,keyword
W4382199212,Mathematics,0.09197676181793213,keyword
W4382199212,Neural Networks and Reservoir Computing,0.9998999834060669,topic
W4382199212,Advanced Memory and Neural Computing,0.9994999766349792,topic
W4382199212,Neural dynamics and brain function,0.9958000183105469,topic
W4385240399,Materials science,0.7925951480865479,keyword
W4385240399,Regeneration (biology),0.5965690016746521,keyword
W4385240399,Nanotechnology,0.5819512605667114,keyword
W4385240399,Extracellular matrix,0.5332096815109253,keyword
W4385240399,Self-healing hydrogels,0.4924257695674896,keyword
W4385240399,Biomimetics,0.4747365415096283,keyword
W4385240399,Smart material,0.44810667634010315,keyword
W4385240399,Chemistry,0.08733728528022766,keyword
W4385240399,Advanced Sensor and Energy Harvesting Materials,0.9994999766349792,topic
W4385240399,Advanced Materials and Mechanics,0.9991999864578247,topic
W4385240399,Micro and Nano Robotics,0.9987000226974487,topic
W3091587892,Scaffold,0.8231401443481445,keyword
W3091587892,Spinal cord,0.7041025161743164,keyword
W3091587892,Regeneration (biology),0.6985118389129639,keyword
W3091587892,Spinal cord injury,0.6879715919494629,keyword
W3091587892,Neuroscience,0.578953206539154,keyword
W3091587892,Nanofiber,0.5341509580612183,keyword
W3091587892,Neural tissue engineering,0.5103151202201843,keyword
W3091587892,Nervous system,0.45737504959106445,keyword
W3091587892,Tissue engineering,0.4448591470718384,keyword
W3091587892,Nanotechnology,0.3990502953529358,keyword
W3091587892,Medicine,0.27104365825653076,keyword
W3091587892,Biomedical engineering,0.24857836961746216,keyword
W3091587892,Materials science,0.24185800552368164,keyword
W3091587892,Biology,0.2387160062789917,keyword
W3091587892,Cell biology,0.10379046201705933,keyword
W3091587892,Nerve injury and regeneration,0.9997000098228455,topic
W3091587892,Spinal Cord Injury Research,0.9955999851226807,topic
W3091587892,Neurogenesis and neuroplasticity mechanisms,0.9919000267982483,topic
W4392814301,Materials science,0.8162684440612793,keyword
W4392814301,Memristor,0.7523735761642456,keyword
W4392814301,Heterojunction,0.6648202538490295,keyword
W4392814301,Encryption,0.6416460275650024,keyword
W4392814301,Optoelectronics,0.4855308532714844,keyword
W4392814301,Image (mathematics),0.42360541224479675,keyword
W4392814301,Nanotechnology,0.3846769332885742,keyword
W4392814301,Electronic engineering,0.3034348487854004,keyword
W4392814301,Artificial intelligence,0.23655825853347778,keyword
W4392814301,Computer science,0.214228093624115,keyword
W4392814301,Engineering,0.10386613011360168,keyword
W4392814301,Advanced Memory and Neural Computing,1.0,topic
W4392814301,Neuroscience and Neural Engineering,0.9997000098228455,topic
W4392814301,Ferroelectric and Negative Capacitance Devices,0.9973000288009644,topic
W3092997974,Conductance,0.6744830012321472,keyword
W3092997974,Materials science,0.666439950466156,keyword
W3092997974,Homogeneous,0.6364340782165527,keyword
W3092997974,Stack (abstract data type),0.6229860782623291,keyword
W3092997974,Tin,0.6211778521537781,keyword
W3092997974,Work (physics),0.48631080985069275,keyword
W3092997974,Resistive touchscreen,0.4849167466163635,keyword
W3092997974,Optoelectronics,0.4560827910900116,keyword
W3092997974,Facilitation,0.4212179183959961,keyword
W3092997974,Computer science,0.23964551091194153,keyword
W3092997974,Condensed matter physics,0.22865602374076843,keyword
W3092997974,Physics,0.1994258165359497,keyword
W3092997974,Statistical physics,0.11392241716384888,keyword
W3092997974,Psychology,0.109872967004776,keyword
W3092997974,Neuroscience,0.09933042526245117,keyword
W3092997974,Thermodynamics,0.085610032081604,keyword
W3092997974,Advanced Memory and Neural Computing,1.0,topic
W3092997974,Ferroelectric and Negative Capacitance Devices,0.9959999918937683,topic
W3092997974,Transition Metal Oxide Nanomaterials,0.9861000180244446,topic
W4320495521,Materials science,0.7693746089935303,keyword
W4320495521,Neuromorphic engineering,0.7290637493133545,keyword
W4320495521,Synaptic weight,0.7114670872688293,keyword
W4320495521,Heterojunction,0.6949156522750854,keyword
W4320495521,Optoelectronics,0.6357835531234741,keyword
W4320495521,Terminal (telecommunication),0.5876438617706299,keyword
W4320495521,Transistor,0.4593499004840851,keyword
W4320495521,Array data structure,0.458524614572525,keyword
W4320495521,Computer science,0.43031707406044006,keyword
W4320495521,Biological system,0.34219813346862793,keyword
W4320495521,Artificial neural network,0.26721489429473877,keyword
W4320495521,Artificial intelligence,0.21102693676948547,keyword
W4320495521,Electrical engineering,0.18234902620315552,keyword
W4320495521,Telecommunications,0.11183351278305054,keyword
W4320495521,Biology,0.10315811634063721,keyword
W4320495521,Engineering,0.08276048302650452,keyword
W4320495521,Advanced Memory and Neural Computing,1.0,topic
W4320495521,Photoreceptor and optogenetics research,0.9976999759674072,topic
W4320495521,CCD and CMOS Imaging Sensors,0.9940999746322632,topic
W4395009581,Montmorillonite,0.8134098052978516,keyword
W4395009581,Lithium metal,0.7117389440536499,keyword
W4395009581,Electrolyte,0.6581922769546509,keyword
W4395009581,Materials science,0.6523270606994629,keyword
W4395009581,Lithium (medication),0.642723560333252,keyword
W4395009581,Chemical engineering,0.5776668190956116,keyword
W4395009581,Silicone,0.5557863116264343,keyword
W4395009581,Solid-state,0.4818245470523834,keyword
W4395009581,Metal,0.48076602816581726,keyword
W4395009581,Composite material,0.2337963581085205,keyword
W4395009581,Chemistry,0.20526227355003357,keyword
W4395009581,Metallurgy,0.10371696949005127,keyword
W4395009581,Electrode,0.064080148935318,keyword
W4395009581,Advancements in Battery Materials,0.9993000030517578,topic
W4395009581,Advanced Battery Materials and Technologies,0.9991000294685364,topic
W4395009581,Supercapacitor Materials and Fabrication,0.9969000220298767,topic
W4384748077,Spiking neural network,0.5811972618103027,keyword
W4384748077,Synapse,0.5791229009628296,keyword
W4384748077,Computer science,0.5609492063522339,keyword
W4384748077,Biological neuron model,0.5525423288345337,keyword
W4384748077,Neuron,0.5350756645202637,keyword
W4384748077,Neuroscience,0.49621039628982544,keyword
W4384748077,Bursting,0.4948844313621521,keyword
W4384748077,Biological system,0.3804877996444702,keyword
W4384748077,Nanotechnology,0.3310580849647522,keyword
W4384748077,Artificial neural network,0.33016109466552734,keyword
W4384748077,Materials science,0.2707657814025879,keyword
W4384748077,Artificial intelligence,0.21835768222808838,keyword
W4384748077,Biology,0.1916096806526184,keyword
W4384748077,Advanced Memory and Neural Computing,0.9998999834060669,topic
W4384748077,Neural dynamics and brain function,0.9994999766349792,topic
W4384748077,Neural Networks and Reservoir Computing,0.9991999864578247,topic
W4392240934,Materials science,0.7348324060440063,keyword
W4392240934,Nanosheet,0.6710972189903259,keyword
W4392240934,Artificial neural network,0.44159987568855286,keyword
W4392240934,Computer science,0.4400307238101959,keyword
W4392240934,Memristor,0.4319772720336914,keyword
W4392240934,Robot,0.42725086212158203,keyword
W4392240934,Power (physics),0.4179355502128601,keyword
W4392240934,Voltage,0.41074198484420776,keyword
W4392240934,Nanotechnology,0.37770724296569824,keyword
W4392240934,Artificial intelligence,0.2958674728870392,keyword
W4392240934,Electronic engineering,0.27579575777053833,keyword
W4392240934,Electrical engineering,0.24319931864738464,keyword
W4392240934,Engineering,0.10778924822807312,keyword
W4392240934,Advanced Memory and Neural Computing,1.0,topic
W4392240934,Neuroscience and Neural Engineering,0.9994000196456909,topic
W4392240934,Advanced Sensor and Energy Harvesting Materials,0.998199999332428,topic
W4200037314,Computer science,0.6460126042366028,keyword
W4200037314,Key (lock),0.6291038990020752,keyword
W4200037314,Data science,0.5369600653648376,keyword
W4200037314,The Internet,0.49510160088539124,keyword
W4200037314,Emerging technologies,0.41169676184654236,keyword
W4200037314,Nanotechnology,0.3688853681087494,keyword
W4200037314,Systems engineering,0.32216334342956543,keyword
W4200037314,World Wide Web,0.22122859954833984,keyword
W4200037314,Engineering,0.19656458497047424,keyword
W4200037314,Computer security,0.1409531533718109,keyword
W4200037314,Artificial intelligence,0.1082727313041687,keyword
W4200037314,Molecular Communication and Nanonetworks,0.9998000264167786,topic
W4200037314,Advanced biosensing and bioanalysis techniques,0.9828000068664551,topic
W4200037314,Wireless Body Area Networks,0.9754999876022339,topic
W3023919014,Neuromorphic engineering,0.7010199427604675,keyword
W3023919014,Memristor,0.6432809233665466,keyword
W3023919014,Phase-change memory,0.611550509929657,keyword
W3023919014,Chalcogenide,0.5605548024177551,keyword
W3023919014,Phase change,0.5584203600883484,keyword
W3023919014,Computer science,0.54329514503479,keyword
W3023919014,Non-volatile memory,0.47328656911849976,keyword
W3023919014,Nanotechnology,0.46754518151283264,keyword
W3023919014,Computer data storage,0.45658156275749207,keyword
W3023919014,Materials science,0.42793992161750793,keyword
W3023919014,Electrical engineering,0.33012986183166504,keyword
W3023919014,Engineering physics,0.2928527891635895,keyword
W3023919014,Optoelectronics,0.16483351588249207,keyword
W3023919014,Engineering,0.13438856601715088,keyword
W3023919014,Computer hardware,0.08511590957641602,keyword
W3023919014,Advanced Memory and Neural Computing,1.0,topic
W3023919014,Phase-change materials and chalcogenides,0.9991000294685364,topic
W3023919014,Transition Metal Oxide Nanomaterials,0.998199999332428,topic
W3128936982,Carbon nanotube field-effect transistor,0.8044863343238831,keyword
W3128936982,Carbon nanotube,0.7391467094421387,keyword
W3128936982,Nanotechnology,0.6978017687797546,keyword
W3128936982,Field-effect transistor,0.6281258463859558,keyword
W3128936982,Biosensor,0.5074843764305115,keyword
W3128936982,Chemical sensor,0.5043519735336304,keyword
W3128936982,Transistor,0.5027525424957275,keyword
W3128936982,Materials science,0.4808843433856964,keyword
W3128936982,Engineering,0.2015414535999298,keyword
W3128936982,Electrical engineering,0.18615937232971191,keyword
W3128936982,Chemistry,0.11373129487037659,keyword
W3128936982,Carbon Nanotubes in Composites,0.9994999766349792,topic
W3128936982,Analytical Chemistry and Sensors,0.9950000047683716,topic
W3128936982,Electrochemical sensors and biosensors,0.9911999702453613,topic
W4386572150,Photodetector,0.7118136882781982,keyword
W4386572150,Materials science,0.6467611789703369,keyword
W4386572150,Biocompatibility,0.5381631851196289,keyword
W4386572150,Computer science,0.4898378551006317,keyword
W4386572150,Artificial intelligence,0.48308423161506653,keyword
W4386572150,Semiconductor,0.46369919180870056,keyword
W4386572150,Nanotechnology,0.4514816701412201,keyword
W4386572150,Optoelectronics,0.282057523727417,keyword
W4386572150,Advanced Memory and Neural Computing,0.9998999834060669,topic
W4386572150,2D Materials and Applications,0.9994000196456909,topic
W4386572150,Perovskite Materials and Applications,0.9991999864578247,topic
W3041436704,Materials science,0.7158752083778381,keyword
W3041436704,Property (philosophy),0.63846355676651,keyword
W3041436704,Nanowire,0.6173632740974426,keyword
W3041436704,Nanotechnology,0.5487740635871887,keyword
W3041436704,Nanowire Synthesis and Applications,0.9997000098228455,topic
W3041436704,ZnO doping and properties,0.9994999766349792,topic
W3041436704,Quantum Dots Synthesis And Properties,0.9994999766349792,topic
W3007116518,Perovskite (structure),0.8570016026496887,keyword
W3007116518,Materials science,0.69379723072052,keyword
W3007116518,Diode,0.6187165379524231,keyword
W3007116518,Light-emitting diode,0.5642921924591064,keyword
W3007116518,OLED,0.5556820034980774,keyword
W3007116518,Quantum efficiency,0.5259630680084229,keyword
W3007116518,Optoelectronics,0.4534466862678528,keyword
W3007116518,Nanotechnology,0.27912601828575134,keyword
W3007116518,Chemical engineering,0.11686205863952637,keyword
W3007116518,Engineering,0.07260507345199585,keyword
W3007116518,Perovskite Materials and Applications,1.0,topic
W3007116518,Organic Light-Emitting Diodes Research,0.9860000014305115,topic
W3007116518,Quantum Dots Synthesis And Properties,0.9769999980926514,topic
W3197368709,Neuromorphic engineering,0.8603565692901611,keyword
W3197368709,Resistive touchscreen,0.6071650981903076,keyword
W3197368709,Resistive random-access memory,0.5929515957832336,keyword
W3197368709,Metal–insulator transition,0.5395322442054749,keyword
W3197368709,Transmission electron microscopy,0.5361582636833191,keyword
W3197368709,Materials science,0.5110231637954712,keyword
W3197368709,Monoclinic crystal system,0.484150230884552,keyword
W3197368709,Nanotechnology,0.45321011543273926,keyword
W3197368709,Optoelectronics,0.42341870069503784,keyword
W3197368709,Thermal conduction,0.4192991554737091,keyword
W3197368709,Condensed matter physics,0.39203697443008423,keyword
W3197368709,Computer science,0.3633066713809967,keyword
W3197368709,Physics,0.27174311876296997,keyword
W3197368709,Metal,0.2677253484725952,keyword
W3197368709,Chemistry,0.18010678887367249,keyword
W3197368709,Crystallography,0.16459840536117554,keyword
W3197368709,Electrode,0.13474276661872864,keyword
W3197368709,Artificial neural network,0.13104331493377686,keyword
W3197368709,Artificial intelligence,0.1187097430229187,keyword
W3197368709,Advanced Memory and Neural Computing,1.0,topic
W3197368709,Transition Metal Oxide Nanomaterials,0.9995999932289124,topic
W3197368709,Gas Sensing Nanomaterials and Sensors,0.9887999892234802,topic
W4285043230,Neuromorphic engineering,0.9358388185501099,keyword
W4285043230,Memristor,0.9026479721069336,keyword
W4285043230,Heterojunction,0.6342561841011047,keyword
W4285043230,Materials science,0.6188139319419861,keyword
W4285043230,Electrical conductor,0.5153007507324219,keyword
W4285043230,Optoelectronics,0.4790445566177368,keyword
W4285043230,Computation,0.4496786594390869,keyword
W4285043230,Nanotechnology,0.43873846530914307,keyword
W4285043230,Computer science,0.42575401067733765,keyword
W4285043230,Electronic engineering,0.3659033179283142,keyword
W4285043230,Artificial neural network,0.30762165784835815,keyword
W4285043230,Artificial intelligence,0.26705074310302734,keyword
W4285043230,Engineering,0.21105819940567017,keyword
W4285043230,Algorithm,0.11227381229400635,keyword
W4285043230,Advanced Memory and Neural Computing,1.0,topic
W4285043230,Photoreceptor and optogenetics research,0.9965999722480774,topic
W4285043230,Ferroelectric and Negative Capacitance Devices,0.9933000206947327,topic
W4401383180,Chimera (genetics),0.7400763630867004,keyword
W4401383180,Polarimetry,0.7363563776016235,keyword
W4401383180,Computer science,0.6389987468719482,keyword
W4401383180,Computer vision,0.5269877314567566,keyword
W4401383180,Artificial intelligence,0.5019948482513428,keyword
W4401383180,Machine vision,0.49152955412864685,keyword
W4401383180,Physics,0.2122926115989685,keyword
W4401383180,Optics,0.19688740372657776,keyword
W4401383180,Biology,0.12106546759605408,keyword
W4401383180,Advanced Memory and Neural Computing,0.9990000128746033,topic
W4401383180,2D Materials and Applications,0.9980000257492065,topic
W4401383180,Nanowire Synthesis and Applications,0.9962000250816345,topic
W4390951604,Neuromorphic engineering,0.9054875373840332,keyword
W4390951604,Computer science,0.5444357395172119,keyword
W4390951604,Von Neumann architecture,0.5338246822357178,keyword
W4390951604,Electronics,0.4653734862804413,keyword
W4390951604,Nanotechnology,0.456430584192276,keyword
W4390951604,Artificial neural network,0.400859534740448,keyword
W4390951604,Computer architecture,0.37632808089256287,keyword
W4390951604,Electronic engineering,0.32176482677459717,keyword
W4390951604,Materials science,0.3109060525894165,keyword
W4390951604,Artificial intelligence,0.27446019649505615,keyword
W4390951604,Engineering,0.24834206700325012,keyword
W4390951604,Electrical engineering,0.24353596568107605,keyword
W4390951604,Advanced Memory and Neural Computing,0.9998999834060669,topic
W4390951604,Photoreceptor and optogenetics research,0.996399998664856,topic
W4390951604,Analytical Chemistry and Sensors,0.9951000213623047,topic
W4214642047,Spice,0.8173915147781372,keyword
W4214642047,Snapback,0.7078081965446472,keyword
W4214642047,Thermal conduction,0.5257335901260376,keyword
W4214642047,Computer science,0.46345871686935425,keyword
W4214642047,Memristor,0.4524003267288208,keyword
W4214642047,Heuristic,0.44010990858078003,keyword
W4214642047,Electronic engineering,0.43071597814559937,keyword
W4214642047,Reset (finance),0.4100346863269806,keyword
W4214642047,Simulation,0.3705156445503235,keyword
W4214642047,Control theory (sociology),0.33766430616378784,keyword
W4214642047,Electrical engineering,0.2451392114162445,keyword
W4214642047,Physics,0.2380395531654358,keyword
W4214642047,Engineering,0.2287253439426422,keyword
W4214642047,Voltage,0.20595043897628784,keyword
W4214642047,Transistor,0.15091121196746826,keyword
W4214642047,Advanced Memory and Neural Computing,1.0,topic
W4214642047,Ferroelectric and Negative Capacitance Devices,0.998199999332428,topic
W4214642047,Semiconductor materials and devices,0.9966999888420105,topic
W4214655406,Nanosensor,0.6492090225219727,keyword
W4214655406,Chemistry,0.5691591501235962,keyword
W4214655406,Macromolecule,0.5506824254989624,keyword
W4214655406,Biosensor,0.5144129395484924,keyword
W4214655406,Nanotechnology,0.5113677382469177,keyword
W4214655406,Biomolecule,0.4838220477104187,keyword
W4214655406,Fluorescence,0.46736666560173035,keyword
W4214655406,Nanomaterials,0.4450591206550598,keyword
W4214655406,Combinatorial chemistry,0.41139650344848633,keyword
W4214655406,Biochemistry,0.2986461818218231,keyword
W4214655406,Materials science,0.2318297028541565,keyword
W4214655406,Advanced biosensing and bioanalysis techniques,0.9998999834060669,topic
W4214655406,Molecular Sensors and Ion Detection,0.9998999834060669,topic
W4214655406,Electrochemical sensors and biosensors,0.9998000264167786,topic
W4226183822,Neuromorphic engineering,0.9675753116607666,keyword
W4226183822,Synapse,0.5886164307594299,keyword
W4226183822,Voltage,0.5496644377708435,keyword
W4226183822,Domain (mathematical analysis),0.49722030758857727,keyword
W4226183822,Motion (physics),0.46618956327438354,keyword
W4226183822,Tunnel magnetoresistance,0.41538742184638977,keyword
W4226183822,Neuroscience,0.39901164174079895,keyword
W4226183822,Materials science,0.38559582829475403,keyword
W4226183822,Computer science,0.3754982352256775,keyword
W4226183822,Physics,0.33578675985336304,keyword
W4226183822,Optoelectronics,0.3276687264442444,keyword
W4226183822,Electrical engineering,0.29472991824150085,keyword
W4226183822,Nanotechnology,0.276692271232605,keyword
W4226183822,Artificial neural network,0.25980144739151,keyword
W4226183822,Engineering,0.22156229615211487,keyword
W4226183822,Artificial intelligence,0.18058454990386963,keyword
W4226183822,Mathematics,0.11590039730072021,keyword
W4226183822,Psychology,0.09220543503761292,keyword
W4226183822,Advanced Memory and Neural Computing,1.0,topic
W4226183822,Ferroelectric and Negative Capacitance Devices,0.9995999932289124,topic
W4226183822,Neural Networks and Reservoir Computing,0.9980999827384949,topic
W3134068792,Particle (ecology),0.6040734648704529,keyword
W3134068792,Adsorption,0.5515010952949524,keyword
W3134068792,Resolution (logic),0.49829936027526855,keyword
W3134068792,Current (fluid),0.49677854776382446,keyword
W3134068792,Materials science,0.4946410357952118,keyword
W3134068792,High resolution,0.44672641158103943,keyword
W3134068792,Chemical physics,0.4428141415119171,keyword
W3134068792,Deposition (geology),0.4286589026451111,keyword
W3134068792,Single particle analysis,0.41200512647628784,keyword
W3134068792,Nanotechnology,0.4104297161102295,keyword
W3134068792,Computer science,0.35558998584747314,keyword
W3134068792,Biological system,0.35147756338119507,keyword
W3134068792,Chemistry,0.3104562759399414,keyword
W3134068792,Physics,0.12881144881248474,keyword
W3134068792,Physical chemistry,0.12340688705444336,keyword
W3134068792,Artificial intelligence,0.09406870603561401,keyword
W3134068792,Thermodynamics,0.09001252055168152,keyword
W3134068792,Geology,0.06788310408592224,keyword
W3134068792,Advanced Electron Microscopy Techniques and Applications,0.9998999834060669,topic
W3134068792,Ion-surface interactions and analysis,0.9983999729156494,topic
W3134068792,Electron and X-Ray Spectroscopy Techniques,0.9973999857902527,topic
W4306930885,Cyprinus,0.5948004126548767,keyword
W4306930885,Carp,0.5470141768455505,keyword
W4306930885,Neurotoxicity,0.4828525185585022,keyword
W4306930885,Chemistry,0.4611717760562897,keyword
W4306930885,Anatomy,0.4482715427875519,keyword
W4306930885,Necrosis,0.4308212101459503,keyword
W4306930885,Acetylcholinesterase,0.4302929937839508,keyword
W4306930885,Common carp,0.42994585633277893,keyword
W4306930885,Aché,0.4254434406757355,keyword
W4306930885,Internal medicine,0.4129258990287781,keyword
W4306930885,Biology,0.393563449382782,keyword
W4306930885,Endocrinology,0.38292309641838074,keyword
W4306930885,Toxicity,0.32411694526672363,keyword
W4306930885,Biochemistry,0.19785809516906738,keyword
W4306930885,Medicine,0.18358802795410156,keyword
W4306930885,Fishery,0.10950705409049988,keyword
W4306930885,Enzyme,0.07246428728103638,keyword
W4306930885,Microplastics and Plastic Pollution,1.0,topic
W4306930885,Nanoparticles: synthesis and applications,0.9848999977111816,topic
W4306930885,Marine Biology and Environmental Chemistry,0.9017999768257141,topic
W4200296922,Neuromorphic engineering,0.9382810592651367,keyword
W4200296922,CMOS,0.6308470368385315,keyword
W4200296922,Von Neumann architecture,0.6166754961013794,keyword
W4200296922,Computer architecture,0.5723651647567749,keyword
W4200296922,Memristor,0.5549477338790894,keyword
W4200296922,Ferroelectricity,0.5488666296005249,keyword
W4200296922,Computer science,0.517804741859436,keyword
W4200296922,Transistor,0.41118013858795166,keyword
W4200296922,Materials science,0.4002137780189514,keyword
W4200296922,Electronic engineering,0.38799625635147095,keyword
W4200296922,Embedded system,0.37452638149261475,keyword
W4200296922,Electrical engineering,0.34969061613082886,keyword
W4200296922,Engineering,0.30457550287246704,keyword
W4200296922,Voltage,0.13544857501983643,keyword
W4200296922,Artificial intelligence,0.12417873740196228,keyword
W4200296922,Artificial neural network,0.11930078268051147,keyword
W4200296922,Ferroelectric and Negative Capacitance Devices,1.0,topic
W4200296922,Advanced Memory and Neural Computing,0.9998999834060669,topic
W4200296922,Semiconductor materials and devices,0.9988999962806702,topic
W4293761140,Wearable computer,0.8235321044921875,keyword
W4293761140,Biomedicine,0.6006116271018982,keyword
W4293761140,Wearable technology,0.6000489592552185,keyword
W4293761140,Computer science,0.5386044979095459,keyword
W4293761140,Human–computer interaction,0.40313953161239624,keyword
W4293761140,Nanotechnology,0.3734818696975708,keyword
W4293761140,Embedded system,0.23613294959068298,keyword
W4293761140,Materials science,0.13047096133232117,keyword
W4293761140,Bioinformatics,0.118120938539505,keyword
W4293761140,Advanced Sensor and Energy Harvesting Materials,0.9998999834060669,topic
W4293761140,Cardiovascular and Diving-Related Complications,0.9603999853134155,topic
W4293761140,Conducting polymers and applications,0.9585000276565552,topic
W3164662996,Neuroinflammation,0.9668577909469604,keyword
W3164662996,Microglia,0.8826895356178284,keyword
W3164662996,Neurodegeneration,0.6509113907814026,keyword
W3164662996,Medicine,0.6224052906036377,keyword
W3164662996,Inflammation,0.5987287759780884,keyword
W3164662996,Blood–brain barrier,0.5173094272613525,keyword
W3164662996,Drug delivery,0.4921697974205017,keyword
W3164662996,Neuroscience,0.47054818272590637,keyword
W3164662996,Central nervous system,0.42533040046691895,keyword
W3164662996,Pharmacology,0.37864914536476135,keyword
W3164662996,Disease,0.3198097348213196,keyword
W3164662996,Immunology,0.2639431357383728,keyword
W3164662996,Biology,0.1551399827003479,keyword
W3164662996,Chemistry,0.11824831366539001,keyword
W3164662996,Pathology,0.11207804083824158,keyword
W3164662996,Internal medicine,0.06767624616622925,keyword
W3164662996,Neuroinflammation and Neurodegeneration Mechanisms,0.9991999864578247,topic
W3164662996,Advanced Drug Delivery Systems,0.9940999746322632,topic
W3164662996,Alzheimer's disease research and treatments,0.9936000108718872,topic
W4360600994,Photovoltaic system,0.7939503192901611,keyword
W4360600994,Materials science,0.7074350714683533,keyword
W4360600994,Optoelectronics,0.6544561982154846,keyword
W4360600994,Organic solar cell,0.6259703040122986,keyword
W4360600994,Photovoltaics,0.6143772602081299,keyword
W4360600994,Energy conversion efficiency,0.5251588225364685,keyword
W4360600994,Perovskite (structure),0.4461551010608673,keyword
W4360600994,Heterojunction,0.43146488070487976,keyword
W4360600994,Voltage,0.42787522077560425,keyword
W4360600994,Nanotechnology,0.3348481059074402,keyword
W4360600994,Electrical engineering,0.15690761804580688,keyword
W4360600994,Chemistry,0.11477893590927124,keyword
W4360600994,Organic Electronics and Photovoltaics,1.0,topic
W4360600994,Perovskite Materials and Applications,0.9994999766349792,topic
W4360600994,Conducting polymers and applications,0.9993000030517578,topic
W3131402409,Microvesicles,0.8750790357589722,keyword
W3131402409,Proteomics,0.854527473449707,keyword
W3131402409,Biomarker,0.7566407322883606,keyword
W3131402409,Exosome,0.7084371447563171,keyword
W3131402409,Biomarker discovery,0.6079259514808655,keyword
W3131402409,Computational biology,0.5292961597442627,keyword
W3131402409,Biology,0.5197912454605103,keyword
W3131402409,Disease,0.47882726788520813,keyword
W3131402409,Quantitative proteomics,0.4519951641559601,keyword
W3131402409,Proteome,0.4133700728416443,keyword
W3131402409,Bioinformatics,0.3788492977619171,keyword
W3131402409,microRNA,0.30164042115211487,keyword
W3131402409,Medicine,0.25908517837524414,keyword
W3131402409,Biochemistry,0.12684884667396545,keyword
W3131402409,Pathology,0.10460329055786133,keyword
W3131402409,Gene,0.07555675506591797,keyword
W3131402409,Extracellular vesicles in disease,1.0,topic
W3131402409,MicroRNA in disease regulation,0.9782000184059143,topic
W3131402409,RNA Interference and Gene Delivery,0.9674999713897705,topic
W4365136182,Wearable technology,0.5299110412597656,keyword
W4365136182,Architecture,0.5252368450164795,keyword
W4365136182,Textile,0.5192587375640869,keyword
W4365136182,Scale (ratio),0.4897010624408722,keyword
W4365136182,Materials science,0.48572593927383423,keyword
W4365136182,Fiber,0.4702170193195343,keyword
W4365136182,Wearable computer,0.4497239589691162,keyword
W4365136182,Electronics,0.4440919756889343,keyword
W4365136182,Smart material,0.44278284907341003,keyword
W4365136182,Computer science,0.4425986111164093,keyword
W4365136182,Internet of Things,0.4184541404247284,keyword
W4365136182,Nanotechnology,0.4107581377029419,keyword
W4365136182,Systems engineering,0.40413305163383484,keyword
W4365136182,Telecommunications,0.3691962957382202,keyword
W4365136182,Electrical engineering,0.2611314058303833,keyword
W4365136182,Embedded system,0.25117459893226624,keyword
W4365136182,Engineering,0.18306660652160645,keyword
W4365136182,Advanced Sensor and Energy Harvesting Materials,0.9998999834060669,topic
W4365136182,Conducting polymers and applications,0.9975000023841858,topic
W4365136182,Organic Light-Emitting Diodes Research,0.9908999800682068,topic
W4386910583,van der Waals force,0.7352437973022461,keyword
W4386910583,Materials science,0.5969775319099426,keyword
W4386910583,Hamaker constant,0.5299093723297119,keyword
W4386910583,Thin film,0.5232707262039185,keyword
W4386910583,Chemical physics,0.39519596099853516,keyword
W4386910583,Nanotechnology,0.3892059624195099,keyword
W4386910583,Van der Waals radius,0.23929741978645325,keyword
W4386910583,Chemistry,0.23047617077827454,keyword
W4386910583,Molecule,0.17092546820640564,keyword
W4386910583,Organic chemistry,0.10525497794151306,keyword
W4386910583,2D Materials and Applications,0.9998999834060669,topic
W4386910583,Nanowire Synthesis and Applications,0.9998999834060669,topic
W4386910583,Graphene research and applications,0.9993000030517578,topic
W3202098867,Perovskite (structure),0.6578778624534607,keyword
W3202098867,Nanotechnology,0.47357019782066345,keyword
W3202098867,Materials science,0.40894439816474915,keyword
W3202098867,Computer science,0.36302900314331055,keyword
W3202098867,Chemical engineering,0.22139954566955566,keyword
W3202098867,Engineering,0.1350979506969452,keyword
W3202098867,Perovskite Materials and Applications,0.9990000128746033,topic
W3202098867,Advanced Memory and Neural Computing,0.9829999804496765,topic
W3202098867,Energy Harvesting in Wireless Networks,0.9550999999046326,topic
W4382311024,Bioelectronics,0.9316664338111877,keyword
W4382311024,Wearable computer,0.6836631298065186,keyword
W4382311024,Environmentally friendly,0.6744630932807922,keyword
W4382311024,Health care,0.6143510341644287,keyword
W4382311024,User Friendly,0.6133197546005249,keyword
W4382311024,Wearable technology,0.4933220446109772,keyword
W4382311024,Healthcare system,0.4826715290546417,keyword
W4382311024,Nanotechnology,0.4094110429286957,keyword
W4382311024,Computer science,0.3813505172729492,keyword
W4382311024,Engineering,0.37004420161247253,keyword
W4382311024,Systems engineering,0.333988219499588,keyword
W4382311024,Embedded system,0.2018233835697174,keyword
W4382311024,Ecology,0.08731266856193542,keyword
W4382311024,Materials science,0.0758121907711029,keyword
W4382311024,Advanced Sensor and Energy Harvesting Materials,1.0,topic
W4382311024,Neuroscience and Neural Engineering,0.9962999820709229,topic
W4382311024,Conducting polymers and applications,0.9941999912261963,topic
W3168543933,Neuromorphic engineering,0.9158934354782104,keyword
W3168543933,Computer science,0.6648814678192139,keyword
W3168543933,Photonics,0.6220464110374451,keyword
W3168543933,Spike (software development),0.5521369576454163,keyword
W3168543933,Encoder,0.5062793493270874,keyword
W3168543933,Vertical-cavity surface-emitting laser,0.4118496775627136,keyword
W3168543933,Electronic engineering,0.39321550726890564,keyword
W3168543933,Computer hardware,0.3568451404571533,keyword
W3168543933,Laser,0.337321013212204,keyword
W3168543933,Artificial neural network,0.27128317952156067,keyword
W3168543933,Optoelectronics,0.26662856340408325,keyword
W3168543933,Artificial intelligence,0.2230658233165741,keyword
W3168543933,Optics,0.21706902980804443,keyword
W3168543933,Physics,0.21232402324676514,keyword
W3168543933,Engineering,0.1458325982093811,keyword
W3168543933,Neural Networks and Reservoir Computing,1.0,topic
W3168543933,Advanced Memory and Neural Computing,0.9997000098228455,topic
W3168543933,Neural dynamics and brain function,0.9955999851226807,topic
W4391842719,Photonics,0.5676412582397461,keyword
W4391842719,Nanotechnology,0.5338261127471924,keyword
W4391842719,Materials science,0.4886634647846222,keyword
W4391842719,Optoelectronics,0.21814778447151184,keyword
W4391842719,Advanced Materials and Mechanics,0.9968000054359436,topic
W4391842719,Polydiacetylene-based materials and applications,0.9962000250816345,topic
W4391842719,Supramolecular Self-Assembly in Materials,0.9916999936103821,topic
W4288052769,Computer science,0.739298939704895,keyword
W4288052769,Photonics,0.6521360278129578,keyword
W4288052769,Neuromorphic engineering,0.5801569223403931,keyword
W4288052769,Efficient energy use,0.5672826170921326,keyword
W4288052769,Computer architecture,0.4920763373374939,keyword
W4288052769,Phase-change memory,0.48538386821746826,keyword
W4288052769,Von Neumann architecture,0.4714466333389282,keyword
W4288052769,Energy consumption,0.45727092027664185,keyword
W4288052769,Silicon photonics,0.4211200475692749,keyword
W4288052769,In-Memory Processing,0.4195069968700409,keyword
W4288052769,Computer hardware,0.3809795677661896,keyword
W4288052769,Electronic engineering,0.3365918695926666,keyword
W4288052769,Materials science,0.20444241166114807,keyword
W4288052769,Electrical engineering,0.19046169519424438,keyword
W4288052769,Nanotechnology,0.1736527383327484,keyword
W4288052769,Optoelectronics,0.173639178276062,keyword
W4288052769,Artificial neural network,0.1537717878818512,keyword
W4288052769,Engineering,0.12213647365570068,keyword
W4288052769,Neural Networks and Reservoir Computing,0.9998000264167786,topic
W4288052769,Photonic and Optical Devices,0.9965000152587891,topic
W4288052769,Optical Network Technologies,0.9961000084877014,topic
W4366352635,Nanodot,0.7559921741485596,keyword
W4366352635,Memristor,0.7055075168609619,keyword
W4366352635,Perception,0.645444929599762,keyword
W4366352635,Sensory system,0.5827929973602295,keyword
W4366352635,Nanotechnology,0.5347434878349304,keyword
W4366352635,Carbon fibers,0.457450807094574,keyword
W4366352635,Materials science,0.44438156485557556,keyword
W4366352635,Computer science,0.32122480869293213,keyword
W4366352635,Psychology,0.2738020718097687,keyword
W4366352635,Cognitive psychology,0.2668038606643677,keyword
W4366352635,Neuroscience,0.26244959235191345,keyword
W4366352635,Engineering,0.2042037844657898,keyword
W4366352635,Electrical engineering,0.1755806803703308,keyword
W4366352635,Composite material,0.06842955946922302,keyword
W4366352635,Advanced Memory and Neural Computing,0.9994999766349792,topic
W4366352635,Carbon and Quantum Dots Applications,0.9987000226974487,topic
W4366352635,Advanced biosensing and bioanalysis techniques,0.9980000257492065,topic
W3177475073,Materials science,0.6740078926086426,keyword
W3177475073,Heterojunction,0.608444333076477,keyword
W3177475073,Excitatory postsynaptic potential,0.6054086089134216,keyword
W3177475073,Neuromorphic engineering,0.5868163108825684,keyword
W3177475073,Optoelectronics,0.5409238934516907,keyword
W3177475073,Graphene,0.49853086471557617,keyword
W3177475073,Synapse,0.43926292657852173,keyword
W3177475073,Nanotechnology,0.38761088252067566,keyword
W3177475073,Neuroscience,0.3681334853172302,keyword
W3177475073,Computer science,0.364119291305542,keyword
W3177475073,Artificial neural network,0.13954070210456848,keyword
W3177475073,Inhibitory postsynaptic potential,0.12102538347244263,keyword
W3177475073,Artificial intelligence,0.11371994018554688,keyword
W3177475073,Biology,0.09441891312599182,keyword
W3177475073,Advanced Memory and Neural Computing,0.9998999834060669,topic
W3177475073,Photoreceptor and optogenetics research,0.9994000196456909,topic
W3177475073,Neuroscience and Neural Engineering,0.9990000128746033,topic
W4385649051,Computer science,0.7239297032356262,keyword
W4385649051,Neuromorphic engineering,0.6476556658744812,keyword
W4385649051,Perceptron,0.597600519657135,keyword
W4385649051,Artificial neural network,0.5391445755958557,keyword
W4385649051,Nonlinear system,0.4583096504211426,keyword
W4385649051,Optical computing,0.4487442672252655,keyword
W4385649051,Artificial intelligence,0.43253758549690247,keyword
W4385649051,Theoretical computer science,0.4187206029891968,keyword
W4385649051,Algorithm,0.33587759733200073,keyword
W4385649051,Electronic engineering,0.21072807908058167,keyword
W4385649051,Physics,0.11698341369628906,keyword
W4385649051,Neural Networks and Reservoir Computing,1.0,topic
W4385649051,Advanced Memory and Neural Computing,0.9970999956130981,topic
W4385649051,Photonic and Optical Devices,0.9943000078201294,topic
W4221084294,Biosensor,0.8380234241485596,keyword
W4221084294,Wearable computer,0.7263783812522888,keyword
W4221084294,Jaundice,0.5445679426193237,keyword
W4221084294,Nanotechnology,0.5153672099113464,keyword
W4221084294,Scope (computer science),0.4690675437450409,keyword
W4221084294,Wireless,0.4173387289047241,keyword
W4221084294,Computer science,0.3951036334037781,keyword
W4221084294,Materials science,0.31985020637512207,keyword
W4221084294,Medicine,0.25204068422317505,keyword
W4221084294,Telecommunications,0.2450811266899109,keyword
W4221084294,Embedded system,0.22720584273338318,keyword
W4221084294,Internal medicine,0.08937552571296692,keyword
W4221084294,Energy Harvesting in Wireless Networks,0.9983000159263611,topic
W4221084294,Innovative Energy Harvesting Technologies,0.9869999885559082,topic
W4221084294,Neonatal Health and Biochemistry,0.9839000105857849,topic
W4309810232,Lithography,0.776781439781189,keyword
W4309810232,Nanolithography,0.6177678108215332,keyword
W4309810232,Materials science,0.5917695164680481,keyword
W4309810232,Throughput,0.518842339515686,keyword
W4309810232,Photolithography,0.5106530785560608,keyword
W4309810232,Optoelectronics,0.4905080199241638,keyword
W4309810232,Optics,0.4769360423088074,keyword
W4309810232,Fabrication,0.47675925493240356,keyword
W4309810232,Diffraction,0.46915924549102783,keyword
W4309810232,Realization (probability),0.45411327481269836,keyword
W4309810232,Focus (optics),0.45243337750434875,keyword
W4309810232,Laser,0.4483460783958435,keyword
W4309810232,Nanotechnology,0.422777384519577,keyword
W4309810232,Nanoimprint lithography,0.4101369082927704,keyword
W4309810232,Computer science,0.2774837017059326,keyword
W4309810232,Physics,0.2476256787776947,keyword
W4309810232,Telecommunications,0.09845560789108276,keyword
W4309810232,Nonlinear Optical Materials Studies,0.9998999834060669,topic
W4309810232,Nanofabrication and Lithography Techniques,0.9980000257492065,topic
W4309810232,Laser Material Processing Techniques,0.9968000054359436,topic
W4297973345,Algorithm,0.6666150689125061,keyword
W4297973345,Machine learning,0.6164682507514954,keyword
W4297973345,Artificial intelligence,0.6152352690696716,keyword
W4297973345,Artificial neural network,0.5363978147506714,keyword
W4297973345,Computer science,0.5339310169219971,keyword
W4297973345,Fracture (geology),0.5256413221359253,keyword
W4297973345,Unsupervised learning,0.48993414640426636,keyword
W4297973345,Random forest,0.45729243755340576,keyword
W4297973345,Self-organizing map,0.4191238284111023,keyword
W4297973345,Materials science,0.23975571990013123,keyword
W4297973345,Composite material,0.09262850880622864,keyword
W4297973345,Advanced Welding Techniques Analysis,0.9998000264167786,topic
W4297973345,Non-Destructive Testing Techniques,0.9991999864578247,topic
W4297973345,Welding Techniques and Residual Stresses,0.9983999729156494,topic
W4386601211,Nanotechnology,0.6351603269577026,keyword
W4386601211,Dementia,0.5617830753326416,keyword
W4386601211,Biosensor,0.5211229920387268,keyword
W4386601211,Biomarker,0.48538458347320557,keyword
W4386601211,Disease,0.47117120027542114,keyword
W4386601211,Clinical diagnosis,0.41471344232559204,keyword
W4386601211,Computer science,0.38288795948028564,keyword
W4386601211,Medicine,0.3382534384727478,keyword
W4386601211,Materials science,0.25306379795074463,keyword
W4386601211,Pathology,0.16579124331474304,keyword
W4386601211,Intensive care medicine,0.1484563648700714,keyword
W4386601211,Chemistry,0.14665013551712036,keyword
W4386601211,Gold and Silver Nanoparticles Synthesis and Applications,0.9983000159263611,topic
W4386601211,Nanocluster Synthesis and Applications,0.9966999888420105,topic
W4386601211,Advanced Nanomaterials in Catalysis,0.996399998664856,topic
W4382618478,MXenes,0.6371489763259888,keyword
W4382618478,Computer science,0.4676857590675354,keyword
W4382618478,Nanotechnology,0.4305473566055298,keyword
W4382618478,Materials science,0.3732554018497467,keyword
W4382618478,MXene and MAX Phase Materials,1.0,topic
W4382618478,2D Materials and Applications,0.9890999794006348,topic
W4382618478,Advanced Sensor and Energy Harvesting Materials,0.9883999824523926,topic
W3207580993,Ionic liquid,0.688772439956665,keyword
W3207580993,Resistive touchscreen,0.67145836353302,keyword
W3207580993,Materials science,0.6479054689407349,keyword
W3207580993,Electrolyte,0.48816925287246704,keyword
W3207580993,Nanotechnology,0.4851601719856262,keyword
W3207580993,Ion,0.4799961745738983,keyword
W3207580993,Shell (structure),0.4483347535133362,keyword
W3207580993,Optoelectronics,0.42502111196517944,keyword
W3207580993,Computer science,0.38529789447784424,keyword
W3207580993,Electrode,0.21309703588485718,keyword
W3207580993,Chemistry,0.18135562539100647,keyword
W3207580993,Composite material,0.1068401038646698,keyword
W3207580993,Advanced Memory and Neural Computing,1.0,topic
W3207580993,Neural dynamics and brain function,0.9943000078201294,topic
W3207580993,Neuroscience and Neural Engineering,0.9943000078201294,topic
W4296312112,PI3K/AKT/mTOR pathway,0.5261511206626892,keyword
W4296312112,Organoid,0.5255138874053955,keyword
W4296312112,Cochlea,0.5233244895935059,keyword
W4296312112,Cell biology,0.5078299641609192,keyword
W4296312112,Composite number,0.49853014945983887,keyword
W4296312112,Chemistry,0.44142115116119385,keyword
W4296312112,Nanotechnology,0.3978632688522339,keyword
W4296312112,Materials science,0.37070316076278687,keyword
W4296312112,Signal transduction,0.33561044931411743,keyword
W4296312112,Biology,0.15211793780326843,keyword
W4296312112,Neuroscience,0.1419665813446045,keyword
W4296312112,Composite material,0.07272717356681824,keyword
W4296312112,Advanced Sensor and Energy Harvesting Materials,0.9972000122070312,topic
W4296312112,MXene and MAX Phase Materials,0.9922999739646912,topic
W4296312112,Energy Harvesting in Wireless Networks,0.989799976348877,topic
W3005215180,Materials science,0.8951744437217712,keyword
W3005215180,Graphene,0.7412871718406677,keyword
W3005215180,Thin film,0.6493990421295166,keyword
W3005215180,Annealing (glass),0.6448943614959717,keyword
W3005215180,Oxide,0.6346879005432129,keyword
W3005215180,Tin oxide,0.6148425936698914,keyword
W3005215180,Optoelectronics,0.5822423696517944,keyword
W3005215180,Scanning electron microscope,0.4982292652130127,keyword
W3005215180,Sheet resistance,0.4738914370536804,keyword
W3005215180,Nanotechnology,0.46565109491348267,keyword
W3005215180,Substrate (aquarium),0.41783207654953003,keyword
W3005215180,Layer (electronics),0.3390253484249115,keyword
W3005215180,Doping,0.2611652910709381,keyword
W3005215180,Composite material,0.2502610683441162,keyword
W3005215180,Metallurgy,0.11481702327728271,keyword
W3005215180,Advanced Memory and Neural Computing,1.0,topic
W3005215180,Photoreceptor and optogenetics research,0.9929999709129333,topic
W3005215180,Advanced Sensor and Energy Harvesting Materials,0.9894999861717224,topic
W3128919416,Neuromorphic engineering,0.9513797760009766,keyword
W3128919416,Excitatory postsynaptic potential,0.5874097347259521,keyword
W3128919416,Computer science,0.5589113235473633,keyword
W3128919416,Materials science,0.5051100850105286,keyword
W3128919416,Neuroscience,0.45411917567253113,keyword
W3128919416,Long-term potentiation,0.42100194096565247,keyword
W3128919416,Nanotechnology,0.3928505778312683,keyword
W3128919416,Artificial neural network,0.3471726179122925,keyword
W3128919416,Artificial intelligence,0.24299156665802002,keyword
W3128919416,Inhibitory postsynaptic potential,0.15838941931724548,keyword
W3128919416,Chemistry,0.1550459861755371,keyword
W3128919416,Biology,0.12758541107177734,keyword
W3128919416,Advanced Memory and Neural Computing,1.0,topic
W3128919416,Neural Networks and Reservoir Computing,0.9977999925613403,topic
W3128919416,Photoreceptor and optogenetics research,0.9976000189781189,topic
W4223644201,Neuromorphic engineering,0.8901034593582153,keyword
W4223644201,Computer science,0.690290629863739,keyword
W4223644201,Complex system,0.5495551824569702,keyword
W4223644201,Perceptron,0.5074331164360046,keyword
W4223644201,Generalization,0.4791828393936157,keyword
W4223644201,Physical system,0.42858999967575073,keyword
W4223644201,Set (abstract data type),0.41322484612464905,keyword
W4223644201,Artificial intelligence,0.3925189673900604,keyword
W4223644201,Artificial neural network,0.3649725019931793,keyword
W4223644201,Theoretical computer science,0.339451402425766,keyword
W4223644201,Physics,0.12859410047531128,keyword
W4223644201,Mathematics,0.1276540756225586,keyword
W4223644201,Advanced Memory and Neural Computing,1.0,topic
W4223644201,Neuroscience and Neural Engineering,0.9955000281333923,topic
W4223644201,Ferroelectric and Negative Capacitance Devices,0.9955000281333923,topic
W4390591016,XNOR gate,0.721476137638092,keyword
W4390591016,Transistor,0.6326257586479187,keyword
W4390591016,CMOS,0.6210100054740906,keyword
W4390591016,Electronic engineering,0.566862165927887,keyword
W4390591016,Electronic circuit,0.5591562986373901,keyword
W4390591016,Logic gate,0.5573002099990845,keyword
W4390591016,Inverter,0.5400145649909973,keyword
W4390591016,NAND gate,0.5325967669487,keyword
W4390591016,Computer science,0.49366554617881775,keyword
W4390591016,Pass transistor logic,0.4756574034690857,keyword
W4390591016,Materials science,0.323978453874588,keyword
W4390591016,Voltage,0.32377856969833374,keyword
W4390591016,Electrical engineering,0.3175048232078552,keyword
W4390591016,Engineering,0.27727842330932617,keyword
W4390591016,Semiconductor materials and devices,1.0,topic
W4390591016,Advancements in Semiconductor Devices and Circuit Design,1.0,topic
W4390591016,Semiconductor materials and interfaces,0.9998999834060669,topic
W3093422241,Computer science,0.6809741258621216,keyword
W3093422241,Scalability,0.6676669120788574,keyword
W3093422241,Photonics,0.5968942046165466,keyword
W3093422241,Neuromorphic engineering,0.5616191625595093,keyword
W3093422241,Computation,0.47448208928108215,keyword
W3093422241,Workstation,0.4551432728767395,keyword
W3093422241,Artificial neural network,0.43212610483169556,keyword
W3093422241,Electronic engineering,0.3856014907360077,keyword
W3093422241,Computer architecture,0.36891600489616394,keyword
W3093422241,Distributed computing,0.3280119299888611,keyword
W3093422241,Artificial intelligence,0.3148503005504608,keyword
W3093422241,Engineering,0.18807002902030945,keyword
W3093422241,Optoelectronics,0.16434192657470703,keyword
W3093422241,Materials science,0.1412878930568695,keyword
W3093422241,Neural Networks and Reservoir Computing,0.9998999834060669,topic
W3093422241,Advanced Memory and Neural Computing,0.9997000098228455,topic
W3093422241,Neural dynamics and brain function,0.9972000122070312,topic
W4409508841,Image sensor,0.6989761590957642,keyword
W4409508841,Materials science,0.6198052763938904,keyword
W4409508841,Rendering (computer graphics),0.5970187783241272,keyword
W4409508841,Semiconductor,0.5368455052375793,keyword
W4409508841,Nanotechnology,0.49339333176612854,keyword
W4409508841,Computer science,0.4320119023323059,keyword
W4409508841,Artificial intelligence,0.3802502155303955,keyword
W4409508841,Optoelectronics,0.22184255719184875,keyword
W4409508841,Nanoplatforms for cancer theranostics,0.9987999796867371,topic
W4409508841,2D Materials and Applications,0.9983000159263611,topic
W4409508841,Gas Sensing Nanomaterials and Sensors,0.9936000108718872,topic
W4220991637,Neuromorphic engineering,0.9582408666610718,keyword
W4220991637,Materials science,0.8678345680236816,keyword
W4220991637,Electronics,0.7508460283279419,keyword
W4220991637,Nanotechnology,0.5334033966064453,keyword
W4220991637,Flexible electronics,0.42117631435394287,keyword
W4220991637,Electronic materials,0.41081559658050537,keyword
W4220991637,Engineering physics,0.4069662392139435,keyword
W4220991637,Electrical engineering,0.18089652061462402,keyword
W4220991637,Artificial intelligence,0.15141579508781433,keyword
W4220991637,Computer science,0.1373797059059143,keyword
W4220991637,Artificial neural network,0.10761255025863647,keyword
W4220991637,Engineering,0.10742184519767761,keyword
W4220991637,Advanced Memory and Neural Computing,1.0,topic
W4220991637,Ferroelectric and Negative Capacitance Devices,0.9976999759674072,topic
W4220991637,Neuroscience and Neural Engineering,0.9968000054359436,topic
W4386823099,Fabrication,0.5384594798088074,keyword
W4386823099,Computer science,0.5307063460350037,keyword
W4386823099,Dram,0.5042861700057983,keyword
W4386823099,Electronics,0.49447059631347656,keyword
W4386823099,Embedded system,0.46185576915740967,keyword
W4386823099,Nanotechnology,0.35075902938842773,keyword
W4386823099,Electrical engineering,0.34349524974823,keyword
W4386823099,Computer hardware,0.2948385775089264,keyword
W4386823099,Materials science,0.24989208579063416,keyword
W4386823099,Engineering,0.21165955066680908,keyword
W4386823099,Advanced Memory and Neural Computing,1.0,topic
W4386823099,Ferroelectric and Negative Capacitance Devices,0.998199999332428,topic
W4386823099,Conducting polymers and applications,0.9973999857902527,topic
W3200850345,Materials science,0.7561947703361511,keyword
W3200850345,Crystallization,0.691981315612793,keyword
W3200850345,Amorphous solid,0.6599984169006348,keyword
W3200850345,Monatomic gas,0.6150925755500793,keyword
W3200850345,Phase (matter),0.6035471558570862,keyword
W3200850345,Chemical physics,0.5405274033546448,keyword
W3200850345,Mechanism (biology),0.5044616460800171,keyword
W3200850345,Phase change,0.4973199665546417,keyword
W3200850345,Atomic units,0.41335272789001465,keyword
W3200850345,Nanotechnology,0.3955513834953308,keyword
W3200850345,Chemical engineering,0.3437609076499939,keyword
W3200850345,Crystallography,0.23389393091201782,keyword
W3200850345,Chemistry,0.1397164762020111,keyword
W3200850345,Thermodynamics,0.13137516379356384,keyword
W3200850345,Physics,0.04994800686836243,keyword
W3200850345,Phase-change materials and chalcogenides,1.0,topic
W3200850345,Material Dynamics and Properties,0.9976999759674072,topic
W3200850345,Advanced Thermoelectric Materials and Devices,0.9891999959945679,topic
W4404186562,Halide,0.784370481967926,keyword
W4404186562,Microscale chemistry,0.7331637144088745,keyword
W4404186562,Perovskite (structure),0.710905909538269,keyword
W4404186562,Memristor,0.5779460072517395,keyword
W4404186562,Materials science,0.551953911781311,keyword
W4404186562,Optoelectronics,0.5255566835403442,keyword
W4404186562,Nanotechnology,0.4267624616622925,keyword
W4404186562,Scalability,0.42264729738235474,keyword
W4404186562,Computer science,0.27104777097702026,keyword
W4404186562,Chemistry,0.24515050649642944,keyword
W4404186562,Electrical engineering,0.18783900141716003,keyword
W4404186562,Engineering,0.08614593744277954,keyword
W4404186562,Inorganic chemistry,0.08379662036895752,keyword
W4404186562,Perovskite Materials and Applications,1.0,topic
W4404186562,Advanced Memory and Neural Computing,0.9998999834060669,topic
W4404186562,Conducting polymers and applications,0.996999979019165,topic
W4362602212,Neuromodulation,0.8491348624229431,keyword
W4362602212,Optogenetics,0.744090735912323,keyword
W4362602212,Materials science,0.5244760513305664,keyword
W4362602212,Computer science,0.4953424036502838,keyword
W4362602212,Microscale chemistry,0.46934473514556885,keyword
W4362602212,Diode,0.4645293653011322,keyword
W4362602212,Optical wireless,0.44367411732673645,keyword
W4362602212,Microsystem,0.4390106797218323,keyword
W4362602212,Wireless,0.4360673427581787,keyword
W4362602212,Light-emitting diode,0.42535439133644104,keyword
W4362602212,Reconfigurability,0.42130860686302185,keyword
W4362602212,Nanotechnology,0.3935723304748535,keyword
W4362602212,Optoelectronics,0.3481578230857849,keyword
W4362602212,Neuroscience,0.23530656099319458,keyword
W4362602212,Telecommunications,0.16738751530647278,keyword
W4362602212,Stimulation,0.12505218386650085,keyword
W4362602212,Photoreceptor and optogenetics research,0.9998999834060669,topic
W4362602212,Neuroscience and Neural Engineering,0.9991999864578247,topic
W4362602212,Vagus Nerve Stimulation Research,0.9919000267982483,topic
W3022969277,Computer science,0.5738027095794678,keyword
W3022969277,Robustness (evolution),0.5032028555870056,keyword
W3022969277,Contraction (grammar),0.4861869215965271,keyword
W3022969277,Flexor muscles,0.4730590581893921,keyword
W3022969277,Coupling (piping),0.45616915822029114,keyword
W3022969277,Coupling strength,0.44990500807762146,keyword
W3022969277,Excitation,0.4494119882583618,keyword
W3022969277,Physics,0.4479132890701294,keyword
W3022969277,Materials science,0.30708807706832886,keyword
W3022969277,Biology,0.22195205092430115,keyword
W3022969277,Anatomy,0.2055250108242035,keyword
W3022969277,Advanced Sensor and Energy Harvesting Materials,1.0,topic
W3022969277,Muscle activation and electromyography studies,0.9994000196456909,topic
W3022969277,Neuroscience and Neural Engineering,0.9991999864578247,topic
W4401456963,Nanotechnology,0.6893501281738281,keyword
W4401456963,Flexibility (engineering),0.6731836795806885,keyword
W4401456963,Transparency (behavior),0.6399120688438416,keyword
W4401456963,Materials science,0.5863276124000549,keyword
W4401456963,Bioelectronics,0.4999966621398926,keyword
W4401456963,Electrode,0.4641870856285095,keyword
W4401456963,Computer science,0.4350851774215698,keyword
W4401456963,Biosensor,0.30567222833633423,keyword
W4401456963,Advanced Sensor and Energy Harvesting Materials,0.9997000098228455,topic
W4401456963,Gas Sensing Nanomaterials and Sensors,0.9990000128746033,topic
W4401456963,Conducting polymers and applications,0.9954000115394592,topic
W4377022964,Computer science,0.5840668082237244,keyword
W4377022964,Brain–computer interface,0.47466447949409485,keyword
W4377022964,Artifact (error),0.46144193410873413,keyword
W4377022964,Neuroscience,0.4373451769351959,keyword
W4377022964,Biological neural network,0.42451101541519165,keyword
W4377022964,Human–computer interaction,0.39025524258613586,keyword
W4377022964,Nanotechnology,0.388712078332901,keyword
W4377022964,Artificial intelligence,0.34170007705688477,keyword
W4377022964,Materials science,0.31108975410461426,keyword
W4377022964,Machine learning,0.14308896660804749,keyword
W4377022964,Electroencephalography,0.1210930347442627,keyword
W4377022964,Biology,0.11856555938720703,keyword
W4377022964,Neuroscience and Neural Engineering,1.0,topic
W4377022964,Advanced Memory and Neural Computing,0.9986000061035156,topic
W4377022964,Photoreceptor and optogenetics research,0.9980000257492065,topic
W3186492485,Cell biology,0.7617844939231873,keyword
W3186492485,Mechanotransduction,0.7327651977539062,keyword
W3186492485,Immunological synapse,0.6944613456726074,keyword
W3186492485,Actin cytoskeleton,0.5494746565818787,keyword
W3186492485,Actin,0.5248984098434448,keyword
W3186492485,Actin remodeling,0.4648282527923584,keyword
W3186492485,Biology,0.44733086228370667,keyword
W3186492485,Cell,0.41287919878959656,keyword
W3186492485,Chemistry,0.4097975492477417,keyword
W3186492485,Cytoskeleton,0.39234459400177,keyword
W3186492485,Immunology,0.25409072637557983,keyword
W3186492485,Immune system,0.2537297308444977,keyword
W3186492485,T cell,0.19767892360687256,keyword
W3186492485,Immune Cell Function and Interaction,0.9998999834060669,topic
W3186492485,Immune cells in cancer,0.9983000159263611,topic
W3186492485,T-cell and B-cell Immunology,0.9973999857902527,topic
W4393217263,Neuromorphic engineering,0.941239058971405,keyword
W4393217263,Transistor,0.6568618416786194,keyword
W4393217263,Computer science,0.6560585498809814,keyword
W4393217263,Von Neumann architecture,0.5381641387939453,keyword
W4393217263,Emulation,0.509563684463501,keyword
W4393217263,Nanotechnology,0.4672154486179352,keyword
W4393217263,DNA computing,0.4621390402317047,keyword
W4393217263,Materials science,0.4456171989440918,keyword
W4393217263,Oxide,0.41890233755111694,keyword
W4393217263,Artificial neural network,0.38862144947052,keyword
W4393217263,Computer architecture,0.3345569670200348,keyword
W4393217263,Artificial intelligence,0.3030209541320801,keyword
W4393217263,Electrical engineering,0.2765786945819855,keyword
W4393217263,Voltage,0.25792914628982544,keyword
W4393217263,Computation,0.17764431238174438,keyword
W4393217263,Engineering,0.14964526891708374,keyword
W4393217263,Algorithm,0.09613513946533203,keyword
W4393217263,Advanced Memory and Neural Computing,1.0,topic
W4393217263,Neuroscience and Neural Engineering,0.9984999895095825,topic
W4393217263,Neural dynamics and brain function,0.9961000084877014,topic
W4311063930,Neuromorphic engineering,0.7277746200561523,keyword
W4311063930,Emulation,0.6798397898674011,keyword
W4311063930,Materials science,0.6280176043510437,keyword
W4311063930,Semiconductor,0.5696787238121033,keyword
W4311063930,Nanotechnology,0.47316890954971313,keyword
W4311063930,Computer science,0.4584784507751465,keyword
W4311063930,Transistor,0.4374251961708069,keyword
W4311063930,Flexibility (engineering),0.4300695061683655,keyword
W4311063930,Optoelectronics,0.41324543952941895,keyword
W4311063930,Electronic engineering,0.34545087814331055,keyword
W4311063930,Artificial neural network,0.29186490178108215,keyword
W4311063930,Electrical engineering,0.22302567958831787,keyword
W4311063930,Voltage,0.20841830968856812,keyword
W4311063930,Artificial intelligence,0.16418203711509705,keyword
W4311063930,Engineering,0.1461825668811798,keyword
W4311063930,Advanced Memory and Neural Computing,0.9998999834060669,topic
W4311063930,Conducting polymers and applications,0.9984999895095825,topic
W4311063930,Photoreceptor and optogenetics research,0.9980999827384949,topic
W4393357411,Biocompatible material,0.6080363988876343,keyword
W4393357411,Nanotechnology,0.5896990299224854,keyword
W4393357411,Biosensor,0.46375516057014465,keyword
W4393357411,Software deployment,0.4228532612323761,keyword
W4393357411,Computer science,0.3995315730571747,keyword
W4393357411,Systems engineering,0.3727618455886841,keyword
W4393357411,Engineering,0.3509482145309448,keyword
W4393357411,Biomedical engineering,0.21406033635139465,keyword
W4393357411,Materials science,0.18850216269493103,keyword
W4393357411,Advanced Sensor and Energy Harvesting Materials,0.9983000159263611,topic
W4393357411,Neuroscience and Neural Engineering,0.9977999925613403,topic
W4393357411,Additive Manufacturing and 3D Printing Technologies,0.9678999781608582,topic
W4213376420,Materials science,0.784125566482544,keyword
W4213376420,Porous silicon,0.7365108728408813,keyword
W4213376420,Dielectric spectroscopy,0.7257456183433533,keyword
W4213376420,Nanomaterials,0.610559344291687,keyword
W4213376420,Porosity,0.6045352816581726,keyword
W4213376420,Fractal,0.5524383187294006,keyword
W4213376420,Percolation (cognitive psychology),0.5490123629570007,keyword
W4213376420,Porous medium,0.5045744180679321,keyword
W4213376420,Electrical impedance,0.49668818712234497,keyword
W4213376420,Oxide,0.45579349994659424,keyword
W4213376420,Silicon,0.452091783285141,keyword
W4213376420,Spectroscopy,0.44240665435791016,keyword
W4213376420,Chemical engineering,0.4338952600955963,keyword
W4213376420,Mesoporous material,0.4304959177970886,keyword
W4213376420,Adsorption,0.4160436689853668,keyword
W4213376420,Nanotechnology,0.36303186416625977,keyword
W4213376420,Composite material,0.24535736441612244,keyword
W4213376420,Optoelectronics,0.18443602323532104,keyword
W4213376420,Chemistry,0.1269805133342743,keyword
W4213376420,Metallurgy,0.10880419611930847,keyword
W4213376420,Organic chemistry,0.10305696725845337,keyword
W4213376420,Electrode,0.0877082347869873,keyword
W4213376420,Physical chemistry,0.08759099245071411,keyword
W4213376420,Electrochemistry,0.06428694725036621,keyword
W4213376420,Gas Sensing Nanomaterials and Sensors,0.9994999766349792,topic
W4213376420,Analytical Chemistry and Sensors,0.9955000281333923,topic
W4213376420,Silicon Nanostructures and Photoluminescence,0.9921000003814697,topic
W4309554694,Organoid,0.946946918964386,keyword
W4309554694,Neuroscience,0.6246511340141296,keyword
W4309554694,Electrophysiology,0.49229538440704346,keyword
W4309554694,Cardiac electrophysiology,0.4589018225669861,keyword
W4309554694,Immunostaining,0.451729416847229,keyword
W4309554694,Computer science,0.44999372959136963,keyword
W4309554694,Biology,0.36866360902786255,keyword
W4309554694,Immunology,0.05870363116264343,keyword
W4309554694,Neuroscience and Neural Engineering,0.9998999834060669,topic
W4309554694,Neural dynamics and brain function,0.9968000054359436,topic
W4309554694,Advanced Memory and Neural Computing,0.9966999888420105,topic
W4297251577,Materials science,0.9004878401756287,keyword
W4297251577,Thin-film transistor,0.82367342710495,keyword
W4297251577,Amorphous solid,0.6500985622406006,keyword
W4297251577,Dielectric,0.5580188632011414,keyword
W4297251577,Optoelectronics,0.5556926131248474,keyword
W4297251577,Flexible display,0.49033212661743164,keyword
W4297251577,Insulator (electricity),0.48430171608924866,keyword
W4297251577,Flexible electronics,0.4721553325653076,keyword
W4297251577,Atomic layer deposition,0.44588953256607056,keyword
W4297251577,Threshold voltage,0.4239172339439392,keyword
W4297251577,Transistor,0.37303054332733154,keyword
W4297251577,Composite material,0.3403734266757965,keyword
W4297251577,Layer (electronics),0.3156886100769043,keyword
W4297251577,Voltage,0.15993961691856384,keyword
W4297251577,Electrical engineering,0.08972004055976868,keyword
W4297251577,Thin-Film Transistor Technologies,1.0,topic
W4297251577,Nanowire Synthesis and Applications,0.9952999949455261,topic
W4297251577,Advanced Sensor and Energy Harvesting Materials,0.995199978351593,topic
W4403492031,Nanotechnology,0.5768560171127319,keyword
W4403492031,Regeneration (biology),0.5381153225898743,keyword
W4403492031,Triboelectric effect,0.5343441367149353,keyword
W4403492031,Regenerative medicine,0.5339896082878113,keyword
W4403492031,Tissue engineering,0.500802755355835,keyword
W4403492031,Biomedical engineering,0.4829108715057373,keyword
W4403492031,Bioelectronics,0.4592364728450775,keyword
W4403492031,Bone tissue,0.43588346242904663,keyword
W4403492031,Materials science,0.42609095573425293,keyword
W4403492031,Neuroscience,0.3527509570121765,keyword
W4403492031,Biochemical engineering,0.34446650743484497,keyword
W4403492031,Stem cell,0.2945265769958496,keyword
W4403492031,Engineering,0.22864305973052979,keyword
W4403492031,Biology,0.172846257686615,keyword
W4403492031,Cell biology,0.15182039141654968,keyword
W4403492031,Advanced Sensor and Energy Harvesting Materials,0.9998999834060669,topic
W4403492031,Conducting polymers and applications,0.9901000261306763,topic
W4403492031,Advanced Materials and Mechanics,0.9869999885559082,topic
W3129753480,Neuromorphic engineering,0.8276069164276123,keyword
W3129753480,Josephson effect,0.7608442306518555,keyword
W3129753480,Computer science,0.5809035301208496,keyword
W3129753480,Scalability,0.560144305229187,keyword
W3129753480,Topology (electrical circuits),0.5498837232589722,keyword
W3129753480,Spiking neural network,0.5201690196990967,keyword
W3129753480,Artificial neural network,0.45724108815193176,keyword
W3129753480,Superconductivity,0.4157559275627136,keyword
W3129753480,Physics,0.3969424366950989,keyword
W3129753480,Artificial intelligence,0.2010725736618042,keyword
W3129753480,Electrical engineering,0.1420029103755951,keyword
W3129753480,Condensed matter physics,0.1274069845676422,keyword
W3129753480,Engineering,0.10995340347290039,keyword
W3129753480,Advanced Memory and Neural Computing,0.9998999834060669,topic
W3129753480,Neural Networks and Reservoir Computing,0.9997000098228455,topic
W3129753480,Neural dynamics and brain function,0.9969000220298767,topic
W4309158984,Neuromorphic engineering,0.9767907857894897,keyword
W4309158984,Memristor,0.8294669389724731,keyword
W4309158984,Reservoir computing,0.7767410278320312,keyword
W4309158984,Mesoporous silica,0.6050816178321838,keyword
W4309158984,Mesoporous material,0.546412467956543,keyword
W4309158984,Materials science,0.5006937980651855,keyword
W4309158984,Computer science,0.47229722142219543,keyword
W4309158984,Computer architecture,0.4482616186141968,keyword
W4309158984,Nanotechnology,0.4270247220993042,keyword
W4309158984,Artificial intelligence,0.2577384114265442,keyword
W4309158984,Artificial neural network,0.18997767567634583,keyword
W4309158984,Chemistry,0.14112481474876404,keyword
W4309158984,Engineering,0.13366854190826416,keyword
W4309158984,Electronic engineering,0.08325684070587158,keyword
W4309158984,Advanced Memory and Neural Computing,1.0,topic
W4309158984,Neural Networks and Reservoir Computing,0.9995999932289124,topic
W4309158984,Neural dynamics and brain function,0.9961000084877014,topic
W3035371860,Neuroscience,0.7654815912246704,keyword
W3035371860,French horn,0.7037580609321594,keyword
W3035371860,Dorsum,0.6921951174736023,keyword
W3035371860,Spinal cord,0.4705144464969635,keyword
W3035371860,Function (biology),0.43429142236709595,keyword
W3035371860,Psychology,0.3568490743637085,keyword
W3035371860,Biology,0.31016770005226135,keyword
W3035371860,Anatomy,0.18996915221214294,keyword
W3035371860,Cell biology,0.08646911382675171,keyword
W3035371860,Cephalopods and Marine Biology,0.9550999999046326,topic
W3035371860,Hemispheric Asymmetry in Neuroscience,0.9444000124931335,topic
W3035371860,Neurobiology and Insect Physiology Research,0.9419999718666077,topic
W4399140168,Wearable computer,0.7651951909065247,keyword
W4399140168,Flexibility (engineering),0.5838212370872498,keyword
W4399140168,Digital health,0.5803638696670532,keyword
W4399140168,Capacitive sensing,0.5477119088172913,keyword
W4399140168,Computer science,0.5347596406936646,keyword
W4399140168,Wearable technology,0.5268522500991821,keyword
W4399140168,Health care,0.5093908905982971,keyword
W4399140168,Wireless sensor network,0.4323950409889221,keyword
W4399140168,Embedded system,0.22799617052078247,keyword
W4399140168,Advanced Sensor and Energy Harvesting Materials,1.0,topic
W4399140168,Non-Invasive Vital Sign Monitoring,0.9908000230789185,topic
W4399140168,Muscle activation and electromyography studies,0.9617000222206116,topic
W4382721878,Pace,0.7506073713302612,keyword
W4382721878,Computer science,0.6527729034423828,keyword
W4382721878,Nanophotonics,0.6020830869674683,keyword
W4382721878,Microelectronics,0.587513267993927,keyword
W4382721878,Field (mathematics),0.5184549689292908,keyword
W4382721878,Photonics,0.41567277908325195,keyword
W4382721878,Metamaterial,0.41418251395225525,keyword
W4382721878,Nanotechnology,0.3549198508262634,keyword
W4382721878,Physics,0.1173582673072815,keyword
W4382721878,Mathematics,0.11164680123329163,keyword
W4382721878,Materials science,0.09524676203727722,keyword
W4382721878,Neural Networks and Reservoir Computing,0.9990000128746033,topic
W4382721878,Metaheuristic Optimization Algorithms Research,0.9937000274658203,topic
W4382721878,Photonic and Optical Devices,0.9837999939918518,topic
W4387244276,Materials science,0.6014556884765625,keyword
W4387244276,Flexibility (engineering),0.5752520561218262,keyword
W4387244276,Nanotechnology,0.5412651300430298,keyword
W4387244276,Computer science,0.4822586178779602,keyword
W4387244276,Optoelectronics,0.3419933617115021,keyword
W4387244276,Conducting polymers and applications,0.9997000098228455,topic
W4387244276,Advanced Memory and Neural Computing,0.9994999766349792,topic
W4387244276,Photochromic and Fluorescence Chemistry,0.9987999796867371,topic
W4225162665,Tin,0.749207079410553,keyword
W4225162665,Earth (classical element),0.6827421188354492,keyword
W4225162665,Zinc,0.6269261837005615,keyword
W4225162665,Materials science,0.6183711290359497,keyword
W4225162665,Tin oxide,0.5419763326644897,keyword
W4225162665,Oxide,0.4944612979888916,keyword
W4225162665,Astrobiology,0.48280107975006104,keyword
W4225162665,Engineering physics,0.48091742396354675,keyword
W4225162665,Energy (signal processing),0.46116891503334045,keyword
W4225162665,Metallurgy,0.43411335349082947,keyword
W4225162665,Rare earth,0.41998034715652466,keyword
W4225162665,Nanotechnology,0.3955244719982147,keyword
W4225162665,Physics,0.15107816457748413,keyword
W4225162665,Thin-Film Transistor Technologies,0.9995999932289124,topic
W4225162665,Transition Metal Oxide Nanomaterials,0.9984999895095825,topic
W4225162665,ZnO doping and properties,0.9959999918937683,topic
W4384661315,Carbon nanotube field-effect transistor,0.7874808311462402,keyword
W4384661315,Carbon nanotube,0.6801678538322449,keyword
W4384661315,Materials science,0.678366482257843,keyword
W4384661315,Nanotechnology,0.6780576109886169,keyword
W4384661315,Transistor,0.639655590057373,keyword
W4384661315,Field-effect transistor,0.5809734463691711,keyword
W4384661315,CMOS,0.47814854979515076,keyword
W4384661315,Electronic circuit,0.4514819085597992,keyword
W4384661315,Engineering physics,0.3473243713378906,keyword
W4384661315,Electrical engineering,0.23031333088874817,keyword
W4384661315,Optoelectronics,0.20771130919456482,keyword
W4384661315,Voltage,0.15827661752700806,keyword
W4384661315,Engineering,0.13845813274383545,keyword
W4384661315,Carbon Nanotubes in Composites,0.9997000098228455,topic
W4384661315,Advanced Memory and Neural Computing,0.9993000030517578,topic
W4384661315,Nanowire Synthesis and Applications,0.9991999864578247,topic
W4400246015,Transient (computer programming),0.669493556022644,keyword
W4400246015,Nanotechnology,0.6162382364273071,keyword
W4400246015,Organic electronics,0.6102221012115479,keyword
W4400246015,Transistor,0.5382310152053833,keyword
W4400246015,Neuromorphic engineering,0.5159157514572144,keyword
W4400246015,Computer science,0.47323426604270935,keyword
W4400246015,Electronics,0.4614947736263275,keyword
W4400246015,Bioelectronics,0.4444804787635803,keyword
W4400246015,Materials science,0.3701575994491577,keyword
W4400246015,Biosensor,0.24018359184265137,keyword
W4400246015,Electrical engineering,0.22918879985809326,keyword
W4400246015,Engineering,0.201012521982193,keyword
W4400246015,Voltage,0.16800209879875183,keyword
W4400246015,Artificial intelligence,0.16241633892059326,keyword
W4400246015,Artificial neural network,0.08352294564247131,keyword
W4400246015,Conducting polymers and applications,1.0,topic
W4400246015,Advanced Memory and Neural Computing,0.9998000264167786,topic
W4400246015,Organic Electronics and Photovoltaics,0.9997000098228455,topic
W4224211271,Neuromorphic engineering,0.8615794777870178,keyword
W4224211271,Josephson effect,0.7252487540245056,keyword
W4224211271,Physics,0.6936492919921875,keyword
W4224211271,Fluxon,0.6412011981010437,keyword
W4224211271,Superconductivity,0.5780276656150818,keyword
W4224211271,Spiking neural network,0.49517622590065,keyword
W4224211271,Artificial neural network,0.442035436630249,keyword
W4224211271,Energy (signal processing),0.4327768087387085,keyword
W4224211271,Condensed matter physics,0.37200087308883667,keyword
W4224211271,Topology (electrical circuits),0.34835413098335266,keyword
W4224211271,Computer science,0.3391944169998169,keyword
W4224211271,Pi Josephson junction,0.20847749710083008,keyword
W4224211271,Electrical engineering,0.19166579842567444,keyword
W4224211271,Quantum mechanics,0.158683180809021,keyword
W4224211271,Artificial intelligence,0.091595858335495,keyword
W4224211271,Advanced Memory and Neural Computing,0.9998000264167786,topic
W4224211271,Neural Networks and Reservoir Computing,0.9990000128746033,topic
W4224211271,Neural dynamics and brain function,0.9969000220298767,topic
W3161644277,Organoid,0.9333490133285522,keyword
W3161644277,Induced pluripotent stem cell,0.6800006031990051,keyword
W3161644277,Regenerative medicine,0.5774075984954834,keyword
W3161644277,Biology,0.5660915970802307,keyword
W3161644277,Stem cell,0.4870045781135559,keyword
W3161644277,Computational biology,0.45307138562202454,keyword
W3161644277,Neuroscience,0.42580878734588623,keyword
W3161644277,Cell type,0.42206257581710815,keyword
W3161644277,Cell biology,0.34504103660583496,keyword
W3161644277,Bioinformatics,0.3329876661300659,keyword
W3161644277,Pathology,0.32985472679138184,keyword
W3161644277,Medicine,0.2909950613975525,keyword
W3161644277,Cell,0.26227807998657227,keyword
W3161644277,Embryonic stem cell,0.20885130763053894,keyword
W3161644277,Genetics,0.10596111416816711,keyword
W3161644277,Pluripotent Stem Cells Research,0.9966999888420105,topic
W3161644277,3D Printing in Biomedical Research,0.9965999722480774,topic
W3161644277,Tissue Engineering and Regenerative Medicine,0.9835000038146973,topic
W3216789262,Microelectrode,0.9361521601676941,keyword
W3216789262,Intracellular,0.707931637763977,keyword
W3216789262,Electrode,0.6101027727127075,keyword
W3216789262,Multielectrode array,0.6062646508216858,keyword
W3216789262,Extracellular,0.5870770812034607,keyword
W3216789262,Materials science,0.544128954410553,keyword
W3216789262,Aplysia,0.5399783253669739,keyword
W3216789262,Stimulation,0.49964189529418945,keyword
W3216789262,Biophysics,0.45489779114723206,keyword
W3216789262,Neuron,0.41607633233070374,keyword
W3216789262,Chemistry,0.2860221862792969,keyword
W3216789262,Biology,0.26681602001190186,keyword
W3216789262,Neuroscience,0.25589948892593384,keyword
W3216789262,Biochemistry,0.09639009833335876,keyword
W3216789262,Neuroscience and Neural Engineering,1.0,topic
W3216789262,Neural dynamics and brain function,0.9983000159263611,topic
W3216789262,EEG and Brain-Computer Interfaces,0.9975000023841858,topic
W4401321376,Medicine,0.655032217502594,keyword
W4401321376,Disease,0.6333156824111938,keyword
W4401321376,Drug delivery,0.5769693851470947,keyword
W4401321376,Context (archaeology),0.5477114319801331,keyword
W4401321376,Intensive care medicine,0.5050128102302551,keyword
W4401321376,Amyotrophic lateral sclerosis,0.4647141695022583,keyword
W4401321376,Modalities,0.46391430497169495,keyword
W4401321376,Multiple sclerosis,0.4303657114505768,keyword
W4401321376,Drug,0.41914287209510803,keyword
W4401321376,Pharmacology,0.24394449591636658,keyword
W4401321376,Nanotechnology,0.1870829463005066,keyword
W4401321376,Pathology,0.17132839560508728,keyword
W4401321376,Immunology,0.09876960515975952,keyword
W4401321376,Advanced Drug Delivery Systems,0.9994999766349792,topic
W4401321376,RNA Interference and Gene Delivery,0.9983000159263611,topic
W4401321376,Advanced Nanomaterials in Catalysis,0.9979000091552734,topic
W4401068731,Neuromorphic engineering,0.988021731376648,keyword
W4401068731,Computer science,0.5458195805549622,keyword
W4401068731,Interfacing,0.5414865016937256,keyword
W4401068731,Artificial intelligence,0.438425213098526,keyword
W4401068731,Nanotechnology,0.351955771446228,keyword
W4401068731,Computer architecture,0.3512817323207855,keyword
W4401068731,Artificial neural network,0.3089217245578766,keyword
W4401068731,Materials science,0.2372691035270691,keyword
W4401068731,Computer hardware,0.1557389199733734,keyword
W4401068731,Advanced Memory and Neural Computing,1.0,topic
W4401068731,Neuroscience and Neural Engineering,0.9988999962806702,topic
W4401068731,Conducting polymers and applications,0.9968000054359436,topic
W3119616878,Exocytosis,0.8641484975814819,keyword
W3119616878,Neurotransmitter,0.740963339805603,keyword
W3119616878,Vesicle,0.7160057425498962,keyword
W3119616878,Amperometry,0.6418527960777283,keyword
W3119616878,Synaptic vesicle,0.500969648361206,keyword
W3119616878,Chemistry,0.49674898386001587,keyword
W3119616878,Biophysics,0.47273269295692444,keyword
W3119616878,Neurotransmitter Agents,0.4667530357837677,keyword
W3119616878,Neurotransmission,0.46001455187797546,keyword
W3119616878,Nanotechnology,0.43690288066864014,keyword
W3119616878,Biology,0.28235679864883423,keyword
W3119616878,Electrochemistry,0.2678943872451782,keyword
W3119616878,Membrane,0.2663425803184509,keyword
W3119616878,Biochemistry,0.2607150673866272,keyword
W3119616878,Materials science,0.21564435958862305,keyword
W3119616878,Electrode,0.15921205282211304,keyword
W3119616878,Receptor,0.07683491706848145,keyword
W3119616878,Lipid Membrane Structure and Behavior,0.9995999932289124,topic
W3119616878,Advanced biosensing and bioanalysis techniques,0.9994999766349792,topic
W3119616878,Electrochemical Analysis and Applications,0.9994000196456909,topic
W4319754523,Materials science,0.7952685356140137,keyword
W4319754523,Photoresist,0.7868040800094604,keyword
W4319754523,Electrode,0.688651442527771,keyword
W4319754523,3D printing,0.6844456791877747,keyword
W4319754523,Nanotechnology,0.6791747212409973,keyword
W4319754523,Carbon fibers,0.6134398579597473,keyword
W4319754523,Lithography,0.5557780861854553,keyword
W4319754523,Pyrolysis,0.47848910093307495,keyword
W4319754523,Microfluidics,0.47362157702445984,keyword
W4319754523,Glassy carbon,0.4733562469482422,keyword
W4319754523,Electrochemistry,0.352145254611969,keyword
W4319754523,Optoelectronics,0.3353727459907532,keyword
W4319754523,Composite material,0.17607644200325012,keyword
W4319754523,Chemical engineering,0.07622817158699036,keyword
W4319754523,Chemistry,0.07056650519371033,keyword
W4319754523,Neuroscience and Neural Engineering,0.9997000098228455,topic
W4319754523,Conducting polymers and applications,0.9991999864578247,topic
W4319754523,Electrochemical sensors and biosensors,0.9991000294685364,topic
W4366827991,Memristor,0.9563506841659546,keyword
W4366827991,Neuromorphic engineering,0.9396076202392578,keyword
W4366827991,Computer science,0.541500449180603,keyword
W4366827991,Electronic engineering,0.45845359563827515,keyword
W4366827991,Modulation (music),0.4179448187351227,keyword
W4366827991,Artificial intelligence,0.21537059545516968,keyword
W4366827991,Engineering,0.20870858430862427,keyword
W4366827991,Physics,0.1461731493473053,keyword
W4366827991,Artificial neural network,0.10082641243934631,keyword
W4366827991,Advanced Memory and Neural Computing,1.0,topic
W4366827991,Photoreceptor and optogenetics research,0.9965000152587891,topic
W4366827991,Neural dynamics and brain function,0.9922999739646912,topic
W4364379999,Nanopillar,0.9633870124816895,keyword
W4364379999,Diamond,0.7064580917358398,keyword
W4364379999,Biosensor,0.6157367825508118,keyword
W4364379999,Nanotechnology,0.5714440941810608,keyword
W4364379999,Materials science,0.41108155250549316,keyword
W4364379999,Computer science,0.39138710498809814,keyword
W4364379999,Nanostructure,0.10231411457061768,keyword
W4364379999,Composite material,0.08490398526191711,keyword
W4364379999,Diamond and Carbon-based Materials Research,1.0,topic
W4364379999,Neuroscience and Neural Engineering,0.9965999722480774,topic
W4364379999,Carbon Nanotubes in Composites,0.9934999942779541,topic
W4375855328,Biosensor,0.8382401466369629,keyword
W4375855328,Nanotechnology,0.770504355430603,keyword
W4375855328,Biomolecule,0.6845847368240356,keyword
W4375855328,Raman scattering,0.5812218189239502,keyword
W4375855328,Materials science,0.4040825366973877,keyword
W4375855328,Computer science,0.36173945665359497,keyword
W4375855328,Raman spectroscopy,0.29841670393943787,keyword
W4375855328,Physics,0.1265868842601776,keyword
W4375855328,Gold and Silver Nanoparticles Synthesis and Applications,0.9998999834060669,topic
W4375855328,Advanced biosensing and bioanalysis techniques,0.9997000098228455,topic
W4375855328,Biosensors and Analytical Detection,0.9995999932289124,topic
W4289175722,Nanomaterials,0.838134765625,keyword
W4289175722,Nanotechnology,0.8324586153030396,keyword
W4289175722,Nanolithography,0.7267469167709351,keyword
W4289175722,Materials science,0.7029271125793457,keyword
W4289175722,Nanowire,0.6830334663391113,keyword
W4289175722,Spintronics,0.6800333857536316,keyword
W4289175722,Fabrication,0.5953156352043152,keyword
W4289175722,Nanostructure,0.5655548572540283,keyword
W4289175722,Ferromagnetism,0.14304396510124207,keyword
W4289175722,Physics,0.08677303791046143,keyword
W4289175722,Anodic Oxide Films and Nanostructures,0.9997000098228455,topic
W4289175722,Electrodeposition and Electroless Coatings,0.9984999895095825,topic
W4289175722,ZnO doping and properties,0.9983999729156494,topic
W4321770440,Biosensor,0.8387705087661743,keyword
W4321770440,Nanotechnology,0.7618561387062073,keyword
W4321770440,Memristor,0.6435139179229736,keyword
W4321770440,Materials science,0.5850685238838196,keyword
W4321770440,Fabrication,0.5185118913650513,keyword
W4321770440,Graphene,0.49148237705230713,keyword
W4321770440,Field-effect transistor,0.44840458035469055,keyword
W4321770440,Silicon nanowires,0.42180299758911133,keyword
W4321770440,Transistor,0.4123364984989166,keyword
W4321770440,Computer science,0.3983396887779236,keyword
W4321770440,Nanowire,0.3419826626777649,keyword
W4321770440,Electronic engineering,0.2430238127708435,keyword
W4321770440,Electrical engineering,0.14659249782562256,keyword
W4321770440,Voltage,0.1330169141292572,keyword
W4321770440,Medicine,0.10099992156028748,keyword
W4321770440,Engineering,0.10080280900001526,keyword
W4321770440,Advanced Memory and Neural Computing,1.0,topic
W4321770440,Advanced biosensing and bioanalysis techniques,0.9994000196456909,topic
W4321770440,Neuroscience and Neural Engineering,0.9994000196456909,topic
W4407302679,Neuromorphic engineering,0.9004698991775513,keyword
W4407302679,Sensory system,0.6333726048469543,keyword
W4407302679,Computer science,0.5122129321098328,keyword
W4407302679,Neuroscience,0.47516459226608276,keyword
W4407302679,Artificial intelligence,0.41168519854545593,keyword
W4407302679,Computer hardware,0.36293283104896545,keyword
W4407302679,Cognitive science,0.3520081639289856,keyword
W4407302679,Computer architecture,0.3383702337741852,keyword
W4407302679,Artificial neural network,0.26355087757110596,keyword
W4407302679,Biology,0.22601380944252014,keyword
W4407302679,Psychology,0.1725715696811676,keyword
W4407302679,Advanced Memory and Neural Computing,1.0,topic
W4407302679,Neuroscience and Neural Engineering,0.9979000091552734,topic
W4407302679,Neural dynamics and brain function,0.9976999759674072,topic
W3023934094,Crossbar switch,0.717574417591095,keyword
W3023934094,Artificial neural network,0.6315488219261169,keyword
W3023934094,Computer science,0.586372971534729,keyword
W3023934094,Synapse,0.560912549495697,keyword
W3023934094,Electrical conductor,0.4777987599372864,keyword
W3023934094,Space (punctuation),0.46756821870803833,keyword
W3023934094,Materials science,0.46344614028930664,keyword
W3023934094,Polymer,0.4606705904006958,keyword
W3023934094,Memristor,0.44326668977737427,keyword
W3023934094,Physical neural network,0.43394654989242554,keyword
W3023934094,Nanotechnology,0.3654916286468506,keyword
W3023934094,Artificial intelligence,0.30671924352645874,keyword
W3023934094,Neuroscience,0.1847563087940216,keyword
W3023934094,Electronic engineering,0.1841387152671814,keyword
W3023934094,Recurrent neural network,0.16596725583076477,keyword
W3023934094,Types of artificial neural networks,0.12321323156356812,keyword
W3023934094,Engineering,0.1183062493801117,keyword
W3023934094,Telecommunications,0.11782950162887573,keyword
W3023934094,Biology,0.0717867910861969,keyword
W3023934094,Advanced Memory and Neural Computing,1.0,topic
W3023934094,Neuroscience and Neural Engineering,0.9990000128746033,topic
W3023934094,Neural dynamics and brain function,0.9983000159263611,topic
W3008728252,Neuroprosthetics,0.9108762741088867,keyword
W3008728252,Retina,0.6490483283996582,keyword
W3008728252,Computer science,0.6356382369995117,keyword
W3008728252,Stimulus (psychology),0.6131523847579956,keyword
W3008728252,Neuroscience,0.5978954434394836,keyword
W3008728252,Visual cortex,0.5876452326774597,keyword
W3008728252,Decoding methods,0.46699562668800354,keyword
W3008728252,Neural decoding,0.4583858847618103,keyword
W3008728252,Biological neural network,0.4229612350463867,keyword
W3008728252,Artificial intelligence,0.37407588958740234,keyword
W3008728252,Psychology,0.16123807430267334,keyword
W3008728252,Algorithm,0.08167922496795654,keyword
W3008728252,Neural dynamics and brain function,0.9998000264167786,topic
W3008728252,Photoreceptor and optogenetics research,0.9990000128746033,topic
W3008728252,Neuroscience and Neural Engineering,0.9980000257492065,topic
W4391103248,Connectome,0.8611890077590942,keyword
W4391103248,Toolbox,0.7748301029205322,keyword
W4391103248,Computer science,0.6919167041778564,keyword
W4391103248,Neuroscience,0.39159953594207764,keyword
W4391103248,Functional connectivity,0.32437437772750854,keyword
W4391103248,Biology,0.23278534412384033,keyword
W4391103248,Programming language,0.1029999852180481,keyword
W4391103248,Neural Networks and Reservoir Computing,0.9998000264167786,topic
W4391103248,Neural dynamics and brain function,0.9995999932289124,topic
W4391103248,Advanced Memory and Neural Computing,0.996399998664856,topic
W4390224797,Reservoir computing,0.7138227224349976,keyword
W4390224797,Nanoparticle,0.6401436924934387,keyword
W4390224797,Nonlinear system,0.562527596950531,keyword
W4390224797,Computer science,0.5441668033599854,keyword
W4390224797,Diffusion,0.5353330373764038,keyword
W4390224797,Task (project management),0.5225095748901367,keyword
W4390224797,Sine wave,0.5183571577072144,keyword
W4390224797,Memristor,0.4936271905899048,keyword
W4390224797,Materials science,0.4648313522338867,keyword
W4390224797,Series (stratigraphy),0.4495863914489746,keyword
W4390224797,Dynamics (music),0.42014020681381226,keyword
W4390224797,Fourier transform,0.42010557651519775,keyword
W4390224797,Algorithm,0.38269710540771484,keyword
W4390224797,Biological system,0.36964988708496094,keyword
W4390224797,Nanotechnology,0.3081410229206085,keyword
W4390224797,Artificial neural network,0.2590348422527313,keyword
W4390224797,Electronic engineering,0.2197341024875641,keyword
W4390224797,Artificial intelligence,0.2072681486606598,keyword
W4390224797,Mathematics,0.19542214274406433,keyword
W4390224797,Physics,0.19042891263961792,keyword
W4390224797,Engineering,0.15454676747322083,keyword
W4390224797,Acoustics,0.14968910813331604,keyword
W4390224797,Recurrent neural network,0.12341544032096863,keyword
W4390224797,Geology,0.09678849577903748,keyword
W4390224797,Electrical engineering,0.0940803587436676,keyword
W4390224797,Neural Networks and Reservoir Computing,1.0,topic
W4390224797,Advanced Memory and Neural Computing,0.9997000098228455,topic
W4390224797,Neural dynamics and brain function,0.9961000084877014,topic
W4315631428,Transconductance,0.8891134858131409,keyword
W4315631428,Bioelectronics,0.8297799825668335,keyword
W4315631428,Transistor,0.7301405072212219,keyword
W4315631428,Materials science,0.7127166986465454,keyword
W4315631428,Capacitance,0.6312143206596375,keyword
W4315631428,Neuromorphic engineering,0.6180938482284546,keyword
W4315631428,Optoelectronics,0.5602371692657471,keyword
W4315631428,Electronics,0.5342205166816711,keyword
W4315631428,Wearable computer,0.5069727897644043,keyword
W4315631428,Nanotechnology,0.4884394705295563,keyword
W4315631428,Flexible electronics,0.4763208329677582,keyword
W4315631428,Semiconductor,0.4667860269546509,keyword
W4315631428,Inkwell,0.4582781493663788,keyword
W4315631428,Organic semiconductor,0.4212823212146759,keyword
W4315631428,Wearable technology,0.4166800379753113,keyword
W4315631428,Voltage,0.3254753351211548,keyword
W4315631428,Computer science,0.30629801750183105,keyword
W4315631428,Electrical engineering,0.245934396982193,keyword
W4315631428,Biosensor,0.20215338468551636,keyword
W4315631428,Electrode,0.17232832312583923,keyword
W4315631428,Embedded system,0.09200215339660645,keyword
W4315631428,Chemistry,0.07589945197105408,keyword
W4315631428,Conducting polymers and applications,1.0,topic
W4315631428,Advanced Sensor and Energy Harvesting Materials,0.9995999932289124,topic
W4315631428,Supercapacitor Materials and Fabrication,0.9994000196456909,topic
W4400764152,Scale (ratio),0.6485280990600586,keyword
W4400764152,Computer science,0.517551600933075,keyword
W4400764152,Resolution (logic),0.48818665742874146,keyword
W4400764152,Point (geometry),0.47671645879745483,keyword
W4400764152,Computer vision,0.4223948121070862,keyword
W4400764152,Artificial intelligence,0.3693670630455017,keyword
W4400764152,Geography,0.1829451322555542,keyword
W4400764152,Cartography,0.17274129390716553,keyword
W4400764152,Mathematics,0.16383454203605652,keyword
W4400764152,Geometry,0.0719994306564331,keyword
W4400764152,Tactile and Sensory Interactions,0.9998000264167786,topic
W4400764152,Advanced Sensor and Energy Harvesting Materials,0.9993000030517578,topic
W4400764152,Interactive and Immersive Displays,0.9832000136375427,topic
W4389323674,Materials science,0.8740518093109131,keyword
W4389323674,Memristor,0.8199678659439087,keyword
W4389323674,Conductivity,0.679344654083252,keyword
W4389323674,Resistive random-access memory,0.6402277946472168,keyword
W4389323674,Electrode,0.5858010649681091,keyword
W4389323674,Stack (abstract data type),0.5847256183624268,keyword
W4389323674,Conductance,0.5308821201324463,keyword
W4389323674,Nanotechnology,0.4879102408885956,keyword
W4389323674,Electrical conductor,0.48199835419654846,keyword
W4389323674,Optoelectronics,0.4317367374897003,keyword
W4389323674,Electronic engineering,0.27513641119003296,keyword
W4389323674,Composite material,0.2123229205608368,keyword
W4389323674,Computer science,0.11741253733634949,keyword
W4389323674,Condensed matter physics,0.10377129912376404,keyword
W4389323674,Advanced Memory and Neural Computing,1.0,topic
W4389323674,Transition Metal Oxide Nanomaterials,0.9973000288009644,topic
W4389323674,Ferroelectric and Negative Capacitance Devices,0.9909999966621399,topic
W3207283791,Computer science,0.32005438208580017,keyword
W3207283791,MXene and MAX Phase Materials,0.9998000264167786,topic
W3207283791,Advancements in Battery Materials,0.9994000196456909,topic
W3207283791,Advanced Battery Materials and Technologies,0.9993000030517578,topic
W4392265984,Raman scattering,0.7528959512710571,keyword
W4392265984,Neuromorphic engineering,0.6890567541122437,keyword
W4392265984,Materials science,0.5669124722480774,keyword
W4392265984,Molecule,0.5211465358734131,keyword
W4392265984,Nanorod,0.4795919954776764,keyword
W4392265984,Raman spectroscopy,0.4567289650440216,keyword
W4392265984,Nanotechnology,0.4497152268886566,keyword
W4392265984,Nonlinear system,0.42918404936790466,keyword
W4392265984,Nanoparticle,0.4136982858181,keyword
W4392265984,Computer science,0.40801090002059937,keyword
W4392265984,Chemistry,0.22570180892944336,keyword
W4392265984,Physics,0.2174639105796814,keyword
W4392265984,Optics,0.20496127009391785,keyword
W4392265984,Artificial neural network,0.19936323165893555,keyword
W4392265984,Artificial intelligence,0.10667884349822998,keyword
W4392265984,Neural Networks and Reservoir Computing,0.9998999834060669,topic
W4392265984,Advanced Memory and Neural Computing,0.9994999766349792,topic
W4392265984,Machine Learning and ELM,0.9801999926567078,topic
W4391512152,Amorphous solid,0.8544392585754395,keyword
W4391512152,Crystallization,0.7933861017227173,keyword
W4391512152,Materials science,0.7526624202728271,keyword
W4391512152,X-ray absorption spectroscopy,0.7189238667488098,keyword
W4391512152,Chemical physics,0.6523921489715576,keyword
W4391512152,Phase (matter),0.5326169729232788,keyword
W4391512152,Polyamorphism,0.5247381329536438,keyword
W4391512152,Phase transition,0.49913454055786133,keyword
W4391512152,Nanoscopic scale,0.49777939915657043,keyword
W4391512152,Crystallography,0.42624276876449585,keyword
W4391512152,Absorption spectroscopy,0.4012535512447357,keyword
W4391512152,Nanotechnology,0.3768329620361328,keyword
W4391512152,Condensed matter physics,0.19204890727996826,keyword
W4391512152,Chemistry,0.1521015763282776,keyword
W4391512152,Thermodynamics,0.1305101215839386,keyword
W4391512152,Physics,0.09992736577987671,keyword
W4391512152,Optics,0.09243154525756836,keyword
W4391512152,Phase-change materials and chalcogenides,1.0,topic
W4391512152,Chalcogenide Semiconductor Thin Films,0.9908000230789185,topic
W4391512152,Transition Metal Oxide Nanomaterials,0.9905999898910522,topic
W4411532682,Thermoreceptor,0.5632505416870117,keyword
W4411532682,Reliability (semiconductor),0.5060383677482605,keyword
W4411532682,Thermoelectric materials,0.47933968901634216,keyword
W4411532682,Materials science,0.45100510120391846,keyword
W4411532682,Thermoelectric effect,0.3207845091819763,keyword
W4411532682,Neuroscience,0.21513617038726807,keyword
W4411532682,Biology,0.19184023141860962,keyword
W4411532682,Physics,0.1906348466873169,keyword
W4411532682,Thermodynamics,0.11039301753044128,keyword
W4411532682,Advanced Thermoelectric Materials and Devices,0.9990000128746033,topic
W4411532682,Gas Sensing Nanomaterials and Sensors,0.9984999895095825,topic
W4411532682,Advanced Memory and Neural Computing,0.9983000159263611,topic
W4200475560,Skyrmion,0.9628587961196899,keyword
W4200475560,Spintronics,0.9272411465644836,keyword
W4200475560,Nucleation,0.607269287109375,keyword
W4200475560,Underpinning,0.5306379199028015,keyword
W4200475560,Spin (aerodynamics),0.4750901758670807,keyword
W4200475560,Nanotechnology,0.4080044627189636,keyword
W4200475560,Physics,0.38409650325775146,keyword
W4200475560,Computer science,0.37316906452178955,keyword
W4200475560,Condensed matter physics,0.33692222833633423,keyword
W4200475560,Materials science,0.2876720726490021,keyword
W4200475560,Engineering,0.19141441583633423,keyword
W4200475560,Ferromagnetism,0.1831625998020172,keyword
W4200475560,Magnetic properties of thin films,0.9983999729156494,topic
W4200475560,Multiferroics and related materials,0.9937999844551086,topic
W4200475560,ZnO doping and properties,0.9925000071525574,topic
W4378982058,Materials science,0.8322956562042236,keyword
W4378982058,Nanofiber,0.7272916436195374,keyword
W4378982058,Optoelectronics,0.5364196300506592,keyword
W4378982058,Transistor,0.48781898617744446,keyword
W4378982058,Electrospinning,0.4405195713043213,keyword
W4378982058,Oxide,0.43985167145729065,keyword
W4378982058,Nanotechnology,0.41680383682250977,keyword
W4378982058,Electrical engineering,0.14719077944755554,keyword
W4378982058,Composite material,0.13826778531074524,keyword
W4378982058,Polymer,0.0874142050743103,keyword
W4378982058,Voltage,0.08048644661903381,keyword
W4378982058,Advanced Memory and Neural Computing,1.0,topic
W4378982058,Neuroscience and Neural Engineering,0.998199999332428,topic
W4378982058,Conducting polymers and applications,0.996399998664856,topic
W3042171042,Halide,0.8863755464553833,keyword
W3042171042,Perovskite (structure),0.8597025275230408,keyword
W3042171042,Materials science,0.7065496444702148,keyword
W3042171042,Photoluminescence,0.6596404910087585,keyword
W3042171042,Photoelectric effect,0.6595948934555054,keyword
W3042171042,Single crystal,0.4947590231895447,keyword
W3042171042,Crystal growth,0.46753498911857605,keyword
W3042171042,Nanotechnology,0.4537929594516754,keyword
W3042171042,Optoelectronics,0.4123242497444153,keyword
W3042171042,Inorganic chemistry,0.2346898317337036,keyword
W3042171042,Chemistry,0.19773989915847778,keyword
W3042171042,Crystallography,0.19585242867469788,keyword
W3042171042,Perovskite Materials and Applications,1.0,topic
W3042171042,2D Materials and Applications,0.9690999984741211,topic
W3042171042,Conducting polymers and applications,0.929099977016449,topic
W4393159410,Responsivity,0.8123106360435486,keyword
W4393159410,Photodetection,0.8052154779434204,keyword
W4393159410,Optoelectronics,0.784049391746521,keyword
W4393159410,Materials science,0.7759597897529602,keyword
W4393159410,Schottky diode,0.5421891808509827,keyword
W4393159410,Infrared,0.5233489871025085,keyword
W4393159410,Visible spectrum,0.47820234298706055,keyword
W4393159410,Photodetector,0.45361024141311646,keyword
W4393159410,Near-infrared spectroscopy,0.4435630142688751,keyword
W4393159410,Photodiode,0.438997745513916,keyword
W4393159410,Optics,0.30412745475769043,keyword
W4393159410,Physics,0.09370991587638855,keyword
W4393159410,2D Materials and Applications,1.0,topic
W4393159410,Perovskite Materials and Applications,0.9993000030517578,topic
W4393159410,MXene and MAX Phase Materials,0.9991999864578247,topic
W3014855718,Nanotechnology,0.3718021810054779,keyword
W3014855718,Materials science,0.34130650758743286,keyword
W3014855718,Bone Tissue Engineering Materials,0.9998999834060669,topic
W3014855718,Graphene and Nanomaterials Applications,0.9997000098228455,topic
W3014855718,Electrospun Nanofibers in Biomedical Applications,0.9972000122070312,topic
W4377103008,Graphene,0.9033978581428528,keyword
W4377103008,Heterojunction,0.7748129367828369,keyword
W4377103008,Materials science,0.5458758473396301,keyword
W4377103008,Nanotechnology,0.5294185280799866,keyword
W4377103008,Optoelectronics,0.5265727043151855,keyword
W4377103008,Graphene research and applications,0.9998000264167786,topic
W4377103008,Nanowire Synthesis and Applications,0.9995999932289124,topic
W4377103008,Plasmonic and Surface Plasmon Research,0.9994999766349792,topic
W3200146391,Carbon nanotube,0.7588028907775879,keyword
W3200146391,Nanotechnology,0.5925885438919067,keyword
W3200146391,Internet of Things,0.5071015357971191,keyword
W3200146391,The Internet,0.44972115755081177,keyword
W3200146391,Materials science,0.40286579728126526,keyword
W3200146391,Astrobiology,0.3604312241077423,keyword
W3200146391,World Wide Web,0.2897731065750122,keyword
W3200146391,Computer science,0.2123439610004425,keyword
W3200146391,Physics,0.1406005620956421,keyword
W3200146391,Advanced Sensor and Energy Harvesting Materials,0.9998000264167786,topic
W3200146391,Conducting polymers and applications,0.9995999932289124,topic
W3200146391,Advanced Memory and Neural Computing,0.996999979019165,topic
W3195348439,Graphene,0.7715567350387573,keyword
W3195348439,Nanotechnology,0.7384134531021118,keyword
W3195348439,Materials science,0.6999182105064392,keyword
W3195348439,Regeneration (biology),0.6182039380073547,keyword
W3195348439,Tissue engineering,0.5976904630661011,keyword
W3195348439,Biocompatibility,0.5325011014938354,keyword
W3195348439,Nanomaterials,0.49235641956329346,keyword
W3195348439,Drug delivery,0.43929019570350647,keyword
W3195348439,Biomedical engineering,0.26323896646499634,keyword
W3195348439,Biology,0.14417341351509094,keyword
W3195348439,Cell biology,0.1141405999660492,keyword
W3195348439,Medicine,0.11342597007751465,keyword
W3195348439,Graphene and Nanomaterials Applications,1.0,topic
W3195348439,Carbon and Quantum Dots Applications,0.9904999732971191,topic
W3195348439,Graphene research and applications,0.9861999750137329,topic
W4405828345,Neuromorphic engineering,0.9539922475814819,keyword
W4405828345,Heterojunction,0.7412811517715454,keyword
W4405828345,Materials science,0.5828344821929932,keyword
W4405828345,Optoelectronics,0.5236886739730835,keyword
W4405828345,Computer science,0.4535534977912903,keyword
W4405828345,Internet of Things,0.43421411514282227,keyword
W4405828345,Nanotechnology,0.3885717988014221,keyword
W4405828345,Artificial intelligence,0.21496474742889404,keyword
W4405828345,Embedded system,0.20168021321296692,keyword
W4405828345,Artificial neural network,0.1388111114501953,keyword
W4405828345,Advanced Memory and Neural Computing,0.9997000098228455,topic
W4405828345,Transition Metal Oxide Nanomaterials,0.992900013923645,topic
W4405828345,CCD and CMOS Imaging Sensors,0.9855999946594238,topic
W4388452533,Biosensor,0.6439365148544312,keyword
W4388452533,Nanotechnology,0.6175937056541443,keyword
W4388452533,Flexibility (engineering),0.602246880531311,keyword
W4388452533,Electronics,0.5590641498565674,keyword
W4388452533,Wearable computer,0.532623827457428,keyword
W4388452533,Bioelectronics,0.4882795810699463,keyword
W4388452533,Computer science,0.40650439262390137,keyword
W4388452533,Systems engineering,0.3414180278778076,keyword
W4388452533,Biochemical engineering,0.32399600744247437,keyword
W4388452533,Engineering,0.25268593430519104,keyword
W4388452533,Materials science,0.22527596354484558,keyword
W4388452533,Electrical engineering,0.13728728890419006,keyword
W4388452533,Embedded system,0.11208632588386536,keyword
W4388452533,Conducting polymers and applications,0.9998999834060669,topic
W4388452533,Advanced Sensor and Energy Harvesting Materials,0.9990000128746033,topic
W4388452533,Analytical Chemistry and Sensors,0.9984999895095825,topic
W4392739648,Neuroscience,0.7995696067810059,keyword
W4392739648,Axon,0.7558081150054932,keyword
W4392739648,Electrophysiology,0.6237097382545471,keyword
W4392739648,Soma,0.5458318591117859,keyword
W4392739648,Biology,0.46213239431381226,keyword
W4392739648,Computer science,0.37232357263565063,keyword
W4392739648,Neuroscience and Neural Engineering,0.9998999834060669,topic
W4392739648,Photoreceptor and optogenetics research,0.9994999766349792,topic
W4392739648,Neuroscience and Neuropharmacology Research,0.9988999962806702,topic
W3034197770,Biosensor,0.7315368056297302,keyword
W3034197770,Surface plasmon resonance,0.6613792777061462,keyword
W3034197770,Dopamine,0.491340309381485,keyword
W3034197770,Nanotechnology,0.47984787821769714,keyword
W3034197770,Nanomaterials,0.45710334181785583,keyword
W3034197770,Analyte,0.4205261468887329,keyword
W3034197770,Neuroscience,0.4168550670146942,keyword
W3034197770,Chemistry,0.34516626596450806,keyword
W3034197770,Biology,0.30952876806259155,keyword
W3034197770,Materials science,0.281777560710907,keyword
W3034197770,Nanoparticle,0.21761393547058105,keyword
W3034197770,Chromatography,0.1611281931400299,keyword
W3034197770,Advanced biosensing and bioanalysis techniques,0.9994000196456909,topic
W3034197770,Electrochemical sensors and biosensors,0.9986000061035156,topic
W3034197770,Biotin and Related Studies,0.996999979019165,topic
W3022224321,Swing,0.5973010063171387,keyword
W3022224321,Transistor,0.5953967571258545,keyword
W3022224321,Electrical engineering,0.5214502215385437,keyword
W3022224321,Positive feedback,0.5121748447418213,keyword
W3022224321,Subthreshold conduction,0.5000510215759277,keyword
W3022224321,Power consumption,0.49950742721557617,keyword
W3022224321,Multivibrator,0.494660347700119,keyword
W3022224321,Materials science,0.47758010029792786,keyword
W3022224321,Optoelectronics,0.4574652314186096,keyword
W3022224321,Power (physics),0.4324486255645752,keyword
W3022224321,Subthreshold swing,0.4189901053905487,keyword
W3022224321,Saturation (graph theory),0.4178907871246338,keyword
W3022224321,Negative feedback,0.41735056042671204,keyword
W3022224321,Threshold voltage,0.4097694158554077,keyword
W3022224321,Engineering physics,0.3749748468399048,keyword
W3022224321,Voltage,0.3023029863834381,keyword
W3022224321,Physics,0.22433993220329285,keyword
W3022224321,Engineering,0.17805343866348267,keyword
W3022224321,Mechanical engineering,0.08450794219970703,keyword
W3022224321,Advanced Memory and Neural Computing,1.0,topic
W3022224321,Advancements in Semiconductor Devices and Circuit Design,0.9998999834060669,topic
W3022224321,Ferroelectric and Negative Capacitance Devices,0.9998999834060669,topic
W4206270748,Carbon nanotube,0.7932919263839722,keyword
W4206270748,Nanotechnology,0.7205827832221985,keyword
W4206270748,Materials science,0.6180868744850159,keyword
W4206270748,Electronics,0.5950366854667664,keyword
W4206270748,Electrical engineering,0.20647701621055603,keyword
W4206270748,Engineering,0.12383037805557251,keyword
W4206270748,Carbon Nanotubes in Composites,0.9997000098228455,topic
W4206270748,Nanowire Synthesis and Applications,0.9984999895095825,topic
W4206270748,Molecular Communication and Nanonetworks,0.9970999956130981,topic
W4403148966,Parkinson's disease,0.8147655725479126,keyword
W4403148966,microRNA,0.6947615146636963,keyword
W4403148966,Disease,0.6154968738555908,keyword
W4403148966,Medicine,0.5488598346710205,keyword
W4403148966,Neuroscience,0.3910636603832245,keyword
W4403148966,Bioinformatics,0.3713908791542053,keyword
W4403148966,Psychology,0.27241283655166626,keyword
W4403148966,Internal medicine,0.23218229413032532,keyword
W4403148966,Biology,0.21701925992965698,keyword
W4403148966,Genetics,0.14569395780563354,keyword
W4403148966,Gene,0.11425277590751648,keyword
W4403148966,MicroRNA in disease regulation,0.9986000061035156,topic
W4403148966,RNA regulation and disease,0.9983000159263611,topic
W4403148966,Electrospun Nanofibers in Biomedical Applications,0.9911999702453613,topic
W4321104668,Extracellular vesicles,0.7779711484909058,keyword
W4321104668,Biology,0.7360879778862,keyword
W4321104668,Breast cancer,0.638066291809082,keyword
W4321104668,Extracellular vesicle,0.4592357575893402,keyword
W4321104668,Oncology,0.44384124875068665,keyword
W4321104668,Cancer,0.38166579604148865,keyword
W4321104668,Internal medicine,0.37337589263916016,keyword
W4321104668,Cancer research,0.3621308207511902,keyword
W4321104668,Microvesicles,0.33062800765037537,keyword
W4321104668,Pathology,0.33035391569137573,keyword
W4321104668,Medicine,0.1925581991672516,keyword
W4321104668,microRNA,0.10724461078643799,keyword
W4321104668,Cell biology,0.09227457642555237,keyword
W4321104668,Genetics,0.08897662162780762,keyword
W4321104668,Extracellular vesicles in disease,1.0,topic
W4321104668,MicroRNA in disease regulation,0.9958000183105469,topic
W4321104668,Cell Adhesion Molecules Research,0.9937000274658203,topic
W4407720034,Materials science,0.7779815793037415,keyword
W4407720034,Electronics,0.7366600632667542,keyword
W4407720034,Interface (matter),0.6152257919311523,keyword
W4407720034,Engineering physics,0.5003306865692139,keyword
W4407720034,Transistor,0.4953443109989166,keyword
W4407720034,Nanotechnology,0.49136248230934143,keyword
W4407720034,Neuromorphic engineering,0.45753979682922363,keyword
W4407720034,Silicon,0.4516535997390747,keyword
W4407720034,Semiconductor,0.44673019647598267,keyword
W4407720034,Electronic materials,0.44291743636131287,keyword
W4407720034,Semiconductor device,0.4317224621772766,keyword
W4407720034,Optoelectronics,0.35627037286758423,keyword
W4407720034,Electrical engineering,0.29177165031433105,keyword
W4407720034,Computer science,0.2747899889945984,keyword
W4407720034,Engineering,0.09185117483139038,keyword
W4407720034,2D Materials and Applications,0.9998999834060669,topic
W4407720034,MXene and MAX Phase Materials,0.9998999834060669,topic
W4407720034,Graphene research and applications,0.9993000030517578,topic
W4321213510,Hafnium,0.8815256357192993,keyword
W4321213510,Zirconium,0.7871280908584595,keyword
W4321213510,Materials science,0.6498705148696899,keyword
W4321213510,Ferroelectricity,0.6155569553375244,keyword
W4321213510,Zirconium oxide,0.4729863405227661,keyword
W4321213510,Oxide,0.42740559577941895,keyword
W4321213510,Optoelectronics,0.23628643155097961,keyword
W4321213510,Metallurgy,0.1253478229045868,keyword
W4321213510,Dielectric,0.07033646106719971,keyword
W4321213510,Ferroelectric and Negative Capacitance Devices,1.0,topic
W4321213510,Advanced Memory and Neural Computing,0.9998999834060669,topic
W4321213510,Semiconductor materials and devices,0.9936000108718872,topic
W4225550182,Neuromorphic engineering,0.9039123058319092,keyword
W4225550182,Computer science,0.4680245518684387,keyword
W4225550182,Nanotechnology,0.4630221724510193,keyword
W4225550182,Quantum computer,0.4464098811149597,keyword
W4225550182,Quantum,0.4164023995399475,keyword
W4225550182,Materials science,0.39233410358428955,keyword
W4225550182,Physics,0.3380124568939209,keyword
W4225550182,Engineering physics,0.32102227210998535,keyword
W4225550182,Artificial neural network,0.1987699270248413,keyword
W4225550182,Artificial intelligence,0.17357322573661804,keyword
W4225550182,Quantum mechanics,0.11363285779953003,keyword
W4225550182,Advanced Memory and Neural Computing,0.9998999834060669,topic
W4225550182,Neural Networks and Reservoir Computing,0.9983000159263611,topic
W4225550182,Ferroelectric and Negative Capacitance Devices,0.9918000102043152,topic
W3048233773,Neuromorphic engineering,0.7939407825469971,keyword
W3048233773,Computer science,0.7496705651283264,keyword
W3048233773,Von Neumann architecture,0.6974841356277466,keyword
W3048233773,Random access,0.6171469688415527,keyword
W3048233773,Bottleneck,0.5949611067771912,keyword
W3048233773,In-Memory Processing,0.575283944606781,keyword
W3048233773,Unconventional computing,0.5170172452926636,keyword
W3048233773,Non-volatile memory,0.514800488948822,keyword
W3048233773,Boolean circuit,0.46454334259033203,keyword
W3048233773,Computer architecture,0.45894375443458557,keyword
W3048233773,Semiconductor memory,0.44849538803100586,keyword
W3048233773,Computation,0.43033134937286377,keyword
W3048233773,Parallel computing,0.3964485228061676,keyword
W3048233773,Theoretical computer science,0.3685830235481262,keyword
W3048233773,Computer engineering,0.34070003032684326,keyword
W3048233773,Logic gate,0.330069363117218,keyword
W3048233773,Embedded system,0.2817617654800415,keyword
W3048233773,Computer hardware,0.26824167370796204,keyword
W3048233773,Distributed computing,0.264385461807251,keyword
W3048233773,Artificial neural network,0.21669840812683105,keyword
W3048233773,Artificial intelligence,0.20513129234313965,keyword
W3048233773,Algorithm,0.19361776113510132,keyword
W3048233773,Search engine,0.10946905612945557,keyword
W3048233773,Programming language,0.10429325699806213,keyword
W3048233773,Advanced Memory and Neural Computing,1.0,topic
W3048233773,Ferroelectric and Negative Capacitance Devices,0.9998999834060669,topic
W3048233773,Neural Networks and Reservoir Computing,0.9986000061035156,topic
W4399333493,Boosting (machine learning),0.7679020166397095,keyword
W4399333493,Electronics,0.5447720885276794,keyword
W4399333493,Materials science,0.4300793409347534,keyword
W4399333493,Computer science,0.3946499228477478,keyword
W4399333493,Nanotechnology,0.3791888952255249,keyword
W4399333493,Engineering,0.2713516354560852,keyword
W4399333493,Artificial intelligence,0.23783913254737854,keyword
W4399333493,Electrical engineering,0.23341050744056702,keyword
W4399333493,Advanced Sensor and Energy Harvesting Materials,0.9995999932289124,topic
W4399333493,Advanced Materials and Mechanics,0.9933000206947327,topic
W4399333493,Supercapacitor Materials and Fabrication,0.9918000102043152,topic
W3008344483,Neuromorphic engineering,0.850749135017395,keyword
W3008344483,Computer science,0.6968960762023926,keyword
W3008344483,Footprint,0.5782246589660645,keyword
W3008344483,Photonics,0.5661588311195374,keyword
W3008344483,Waveguide,0.5524847507476807,keyword
W3008344483,Optoelectronics,0.5395350456237793,keyword
W3008344483,Nanowire,0.5344302654266357,keyword
W3008344483,Artificial neural network,0.5073630213737488,keyword
W3008344483,Efficient energy use,0.49857020378112793,keyword
W3008344483,Electronic engineering,0.39010685682296753,keyword
W3008344483,Materials science,0.3666623830795288,keyword
W3008344483,Topology (electrical circuits),0.33558619022369385,keyword
W3008344483,Artificial intelligence,0.2850591540336609,keyword
W3008344483,Electrical engineering,0.19337576627731323,keyword
W3008344483,Neural Networks and Reservoir Computing,0.9998999834060669,topic
W3008344483,Advanced Memory and Neural Computing,0.9994999766349792,topic
W3008344483,Photonic and Optical Devices,0.9973999857902527,topic
W4361009500,Materials science,0.8006490468978882,keyword
W4361009500,Annealing (glass),0.6674627065658569,keyword
W4361009500,Resistive random-access memory,0.6621930003166199,keyword
W4361009500,Optoelectronics,0.5938457250595093,keyword
W4361009500,Schottky barrier,0.5525019764900208,keyword
W4361009500,Non-volatile memory,0.5235645174980164,keyword
W4361009500,Nanowire,0.5220763087272644,keyword
W4361009500,Ohmic contact,0.49759700894355774,keyword
W4361009500,Rutile,0.48390230536460876,keyword
W4361009500,Thermal conduction,0.413249135017395,keyword
W4361009500,Nanotechnology,0.3666311502456665,keyword
W4361009500,Electrode,0.2815236449241638,keyword
W4361009500,Chemistry,0.15567821264266968,keyword
W4361009500,Composite material,0.1463850438594818,keyword
W4361009500,Layer (electronics),0.12445959448814392,keyword
W4361009500,Advanced Memory and Neural Computing,1.0,topic
W4361009500,Electronic and Structural Properties of Oxides,0.9986000061035156,topic
W4361009500,Ferroelectric and Negative Capacitance Devices,0.9984999895095825,topic
W4386927289,Neuroscience,0.7970312237739563,keyword
W4386927289,Retinal ganglion cell,0.6238480806350708,keyword
W4386927289,Transplantation,0.5623710751533508,keyword
W4386927289,Optic nerve,0.5378744602203369,keyword
W4386927289,Optic neuropathy,0.49067723751068115,keyword
W4386927289,Neuroprotection,0.43132850527763367,keyword
W4386927289,Biology,0.3986652195453644,keyword
W4386927289,Medicine,0.37027299404144287,keyword
W4386927289,Surgery,0.11960098147392273,keyword
W4386927289,Retinal Development and Disorders,0.9998999834060669,topic
W4386927289,Neuroscience and Neural Engineering,0.9958999752998352,topic
W4386927289,Photoreceptor and optogenetics research,0.995199978351593,topic
W4402284796,Memristor,0.8902710676193237,keyword
W4402284796,Halide,0.8525768518447876,keyword
W4402284796,Perovskite (structure),0.7276104092597961,keyword
W4402284796,Optoelectronics,0.6216990351676941,keyword
W4402284796,Materials science,0.5254125595092773,keyword
W4402284796,Computer science,0.435185968875885,keyword
W4402284796,Chemistry,0.21911370754241943,keyword
W4402284796,Electrical engineering,0.20913586020469666,keyword
W4402284796,Engineering,0.14161387085914612,keyword
W4402284796,Inorganic chemistry,0.10603657364845276,keyword
W4402284796,Crystallography,0.05426669120788574,keyword
W4402284796,Advanced Memory and Neural Computing,1.0,topic
W4402284796,Perovskite Materials and Applications,0.9997000098228455,topic
W4402284796,Conducting polymers and applications,0.9940000176429749,topic
W4360982901,Materials science,0.6726589202880859,keyword
W4360982901,Electronic circuit,0.6371705532073975,keyword
W4360982901,Nanotechnology,0.5972576141357422,keyword
W4360982901,Transistor,0.5337454080581665,keyword
W4360982901,Organic semiconductor,0.508091926574707,keyword
W4360982901,Semiconductor,0.49261122941970825,keyword
W4360982901,Organic field-effect transistor,0.47973671555519104,keyword
W4360982901,Crosstalk,0.4750252366065979,keyword
W4360982901,Integrated circuit,0.4634629786014557,keyword
W4360982901,Optoelectronics,0.38755249977111816,keyword
W4360982901,Field-effect transistor,0.3797740936279297,keyword
W4360982901,Electronic engineering,0.24418169260025024,keyword
W4360982901,Electrical engineering,0.14663055539131165,keyword
W4360982901,Voltage,0.08900478482246399,keyword
W4360982901,Organic Electronics and Photovoltaics,0.9998999834060669,topic
W4360982901,Perovskite Materials and Applications,0.9991999864578247,topic
W4360982901,Advanced Sensor and Energy Harvesting Materials,0.9990000128746033,topic
W4409394268,Neuromorphic engineering,0.9554534554481506,keyword
W4409394268,Reservoir computing,0.7406960129737854,keyword
W4409394268,Computer science,0.7279554009437561,keyword
W4409394268,Context (archaeology),0.6609479188919067,keyword
W4409394268,Noise (video),0.5554107427597046,keyword
W4409394268,Artificial neural network,0.4564899802207947,keyword
W4409394268,Unconventional computing,0.4422854781150818,keyword
W4409394268,Process (computing),0.44176873564720154,keyword
W4409394268,Distributed computing,0.42421025037765503,keyword
W4409394268,Theoretical computer science,0.37159594893455505,keyword
W4409394268,Artificial intelligence,0.3604525625705719,keyword
W4409394268,Recurrent neural network,0.11862826347351074,keyword
W4409394268,Advanced Memory and Neural Computing,1.0,topic
W4409394268,Neural Networks and Reservoir Computing,1.0,topic
W4409394268,Neural dynamics and brain function,0.9991000294685364,topic
W4308292306,Memristor,0.972095251083374,keyword
W4308292306,Microelectronics,0.8112702369689941,keyword
W4308292306,Neuromorphic engineering,0.8051969408988953,keyword
W4308292306,Materials science,0.7680201530456543,keyword
W4308292306,Graphene,0.6723407506942749,keyword
W4308292306,Scalability,0.5797159671783447,keyword
W4308292306,Nanotechnology,0.5765473246574402,keyword
W4308292306,Oxide,0.485086590051651,keyword
W4308292306,Electronic circuit,0.45036977529525757,keyword
W4308292306,Optoelectronics,0.4405531883239746,keyword
W4308292306,Resistive random-access memory,0.4289936423301697,keyword
W4308292306,Computer science,0.4171355962753296,keyword
W4308292306,Electronic engineering,0.2651423215866089,keyword
W4308292306,Electrical engineering,0.20695415139198303,keyword
W4308292306,Artificial intelligence,0.14471247792243958,keyword
W4308292306,Artificial neural network,0.1383551061153412,keyword
W4308292306,Metallurgy,0.08625370264053345,keyword
W4308292306,Advanced Memory and Neural Computing,1.0,topic
W4308292306,Photoreceptor and optogenetics research,0.9945999979972839,topic
W4308292306,Transition Metal Oxide Nanomaterials,0.9919000267982483,topic
W4404836419,Neuromorphic engineering,0.8221390247344971,keyword
W4404836419,Computer science,0.7021085619926453,keyword
W4404836419,RGB color model,0.6791317462921143,keyword
W4404836419,Artificial intelligence,0.6316617727279663,keyword
W4404836419,Photonics,0.5352699756622314,keyword
W4404836419,Computer vision,0.42238831520080566,keyword
W4404836419,Artificial neural network,0.2789011597633362,keyword
W4404836419,Optoelectronics,0.21670472621917725,keyword
W4404836419,Materials science,0.19037115573883057,keyword
W4404836419,Advanced Memory and Neural Computing,1.0,topic
W4404836419,Photoreceptor and optogenetics research,0.9990000128746033,topic
W4404836419,Neural Networks and Reservoir Computing,0.9984999895095825,topic
W4385891663,Neurochemical,0.7257425785064697,keyword
W4385891663,Neuromodulation,0.6415657997131348,keyword
W4385891663,Nanotechnology,0.5605472326278687,keyword
W4385891663,Brain implant,0.5444763898849487,keyword
W4385891663,Neuroscience,0.5168105363845825,keyword
W4385891663,Electrochemistry,0.5015618801116943,keyword
W4385891663,Computer science,0.43079617619514465,keyword
W4385891663,Materials science,0.3713657259941101,keyword
W4385891663,Chemistry,0.20293301343917847,keyword
W4385891663,Psychology,0.18923065066337585,keyword
W4385891663,Electrode,0.15243899822235107,keyword
W4385891663,Central nervous system,0.08869528770446777,keyword
W4385891663,Neuroscience and Neural Engineering,0.9998000264167786,topic
W4385891663,Conducting polymers and applications,0.9997000098228455,topic
W4385891663,Electrochemical Analysis and Applications,0.9997000098228455,topic
W4367179758,Parkinson's disease,0.8295063972473145,keyword
W4367179758,Disease,0.650040864944458,keyword
W4367179758,Substantia nigra,0.5802568197250366,keyword
W4367179758,Pars compacta,0.5486453771591187,keyword
W4367179758,Medicine,0.5118455290794373,keyword
W4367179758,Neuroscience,0.4593835473060608,keyword
W4367179758,Dopaminergic,0.4236822724342346,keyword
W4367179758,Psychology,0.2550065517425537,keyword
W4367179758,Pathology,0.18539810180664062,keyword
W4367179758,Dopamine,0.17378482222557068,keyword
W4367179758,Conducting polymers and applications,0.9987999796867371,topic
W4367179758,Neuroscience and Neural Engineering,0.9983999729156494,topic
W4367179758,Parkinson's Disease Mechanisms and Treatments,0.9979000091552734,topic
W4394841082,Materials science,0.7361283898353577,keyword
W4394841082,Nanotechnology,0.6482549905776978,keyword
W4394841082,Miniaturization,0.4940474331378937,keyword
W4394841082,Non-volatile memory,0.4658867418766022,keyword
W4394841082,Electrolyte,0.4607561230659485,keyword
W4394841082,Optoelectronics,0.4571528136730194,keyword
W4394841082,Resistive random-access memory,0.45006194710731506,keyword
W4394841082,Polymer,0.44688504934310913,keyword
W4394841082,Semiconductor,0.4265156686306,keyword
W4394841082,Fast ion conductor,0.42130836844444275,keyword
W4394841082,Electrode,0.39044883847236633,keyword
W4394841082,Chemistry,0.1210949718952179,keyword
W4394841082,Advanced Memory and Neural Computing,1.0,topic
W4394841082,Conducting polymers and applications,0.9991000294685364,topic
W4394841082,Perovskite Materials and Applications,0.9975000023841858,topic
W3112949736,Biosensor,0.6774402260780334,keyword
W3112949736,Nanotechnology,0.6591253876686096,keyword
W3112949736,Context (archaeology),0.5401791930198669,keyword
W3112949736,Point of care,0.5184035301208496,keyword
W3112949736,Point-of-care testing,0.5009551048278809,keyword
W3112949736,Computer science,0.48651403188705444,keyword
W3112949736,Bridging (networking),0.48239195346832275,keyword
W3112949736,Automation,0.47297966480255127,keyword
W3112949736,Microfluidics,0.4616369903087616,keyword
W3112949736,Lab-on-a-chip,0.4238743782043457,keyword
W3112949736,Reliability (semiconductor),0.4134635329246521,keyword
W3112949736,Biochemical engineering,0.4050278663635254,keyword
W3112949736,Data science,0.38941752910614014,keyword
W3112949736,Systems engineering,0.32895034551620483,keyword
W3112949736,Risk analysis (engineering),0.3269386291503906,keyword
W3112949736,Engineering,0.3218139410018921,keyword
W3112949736,Medicine,0.23332929611206055,keyword
W3112949736,Biology,0.17841103672981262,keyword
W3112949736,Materials science,0.15934538841247559,keyword
W3112949736,Pathology,0.14779752492904663,keyword
W3112949736,Physics,0.11155042052268982,keyword
W3112949736,Biosensors and Analytical Detection,0.9997000098228455,topic
W3112949736,Microfluidic and Capillary Electrophoresis Applications,0.9994999766349792,topic
W3112949736,Advanced biosensing and bioanalysis techniques,0.9994000196456909,topic
W4389266206,Nozzle,0.5743404626846313,keyword
W4389266206,Process optimization,0.5658062696456909,keyword
W4389266206,Volumetric flow rate,0.5616337060928345,keyword
W4389266206,Process (computing),0.5245718955993652,keyword
W4389266206,Computer science,0.5044037103652954,keyword
W4389266206,Inkwell,0.5003204345703125,keyword
W4389266206,Mechanical engineering,0.4833812117576599,keyword
W4389266206,Process engineering,0.4634746015071869,keyword
W4389266206,Roll-to-roll processing,0.4398157298564911,keyword
W4389266206,Electrode,0.42244136333465576,keyword
W4389266206,Simulation,0.34993571043014526,keyword
W4389266206,Engineering,0.23435890674591064,keyword
W4389266206,Mechanics,0.1879989504814148,keyword
W4389266206,Chemistry,0.10865113139152527,keyword
W4389266206,Nanomaterials and Printing Technologies,0.9991999864578247,topic
W4389266206,Electrohydrodynamics and Fluid Dynamics,0.9962999820709229,topic
W4389266206,Additive Manufacturing and 3D Printing Technologies,0.9800999760627747,topic
W3163945493,Resistive random-access memory,0.957842230796814,keyword
W3163945493,Materials science,0.6737367510795593,keyword
W3163945493,Resistor,0.6674062013626099,keyword
W3163945493,Voltage,0.526550829410553,keyword
W3163945493,Transistor,0.521462619304657,keyword
W3163945493,Electrode,0.5207557678222656,keyword
W3163945493,Static random-access memory,0.5145711302757263,keyword
W3163945493,Optoelectronics,0.4892241954803467,keyword
W3163945493,Sensitivity (control systems),0.44163984060287476,keyword
W3163945493,Scalability,0.4219176769256592,keyword
W3163945493,Protein filament,0.4175284504890442,keyword
W3163945493,Electrical engineering,0.35245227813720703,keyword
W3163945493,Electronic engineering,0.3510800898075104,keyword
W3163945493,Physics,0.17654430866241455,keyword
W3163945493,Computer science,0.1743362843990326,keyword
W3163945493,Engineering,0.14889395236968994,keyword
W3163945493,Advanced Memory and Neural Computing,1.0,topic
W3163945493,Ferroelectric and Negative Capacitance Devices,0.9998999834060669,topic
W3163945493,Semiconductor materials and devices,0.9983000159263611,topic
W4214558720,Neuromorphic engineering,0.9055058360099792,keyword
W4214558720,Resonant-tunneling diode,0.613906979560852,keyword
W4214558720,Spiking neural network,0.6069576740264893,keyword
W4214558720,Computer science,0.5907709002494812,keyword
W4214558720,Node (physics),0.5733994245529175,keyword
W4214558720,Photodiode,0.533240795135498,keyword
W4214558720,Spike (software development),0.5109761953353882,keyword
W4214558720,Thresholding,0.4778132736682892,keyword
W4214558720,Optoelectronics,0.4671831429004669,keyword
W4214558720,Electronic engineering,0.415861576795578,keyword
W4214558720,Photonics,0.41380375623703003,keyword
W4214558720,Artificial neural network,0.38081270456314087,keyword
W4214558720,Physics,0.37203699350357056,keyword
W4214558720,Artificial intelligence,0.354106068611145,keyword
W4214558720,Optics,0.15831688046455383,keyword
W4214558720,Engineering,0.1410388946533203,keyword
W4214558720,Neural Networks and Reservoir Computing,1.0,topic
W4214558720,Advanced Memory and Neural Computing,0.9997000098228455,topic
W4214558720,Neural dynamics and brain function,0.9951000213623047,topic
W4394754039,Memristor,0.8179613351821899,keyword
W4394754039,Nociceptor,0.716904878616333,keyword
W4394754039,Materials science,0.6812763214111328,keyword
W4394754039,Neuromorphic engineering,0.5402393937110901,keyword
W4394754039,Nanotechnology,0.49197933077812195,keyword
W4394754039,Cobalt,0.4756086468696594,keyword
W4394754039,Doping,0.466587096452713,keyword
W4394754039,Computer science,0.3049430251121521,keyword
W4394754039,Optoelectronics,0.27746784687042236,keyword
W4394754039,Electronic engineering,0.22172537446022034,keyword
W4394754039,Chemistry,0.1939801275730133,keyword
W4394754039,Nociception,0.17962157726287842,keyword
W4394754039,Artificial neural network,0.1620260775089264,keyword
W4394754039,Artificial intelligence,0.1391688585281372,keyword
W4394754039,Engineering,0.0983637273311615,keyword
W4394754039,Receptor,0.09424778819084167,keyword
W4394754039,Advanced Memory and Neural Computing,1.0,topic
W4394754039,Neuroscience and Neural Engineering,0.9986000061035156,topic
W4394754039,Photoreceptor and optogenetics research,0.9980999827384949,topic
W4388542686,Bimetallic strip,0.7241520881652832,keyword
W4388542686,Sustainability,0.6100102066993713,keyword
W4388542686,Sustainable development,0.5878585577011108,keyword
W4388542686,Sanitation,0.5421894192695618,keyword
W4388542686,Nanotechnology,0.4999549388885498,keyword
W4388542686,Business,0.3801387548446655,keyword
W4388542686,Risk analysis (engineering),0.3553262948989868,keyword
W4388542686,Engineering,0.2577636241912842,keyword
W4388542686,Political science,0.21404045820236206,keyword
W4388542686,Materials science,0.15706825256347656,keyword
W4388542686,Environmental engineering,0.13965964317321777,keyword
W4388542686,Nanoparticles: synthesis and applications,0.9991999864578247,topic
W4388542686,Environmental remediation with nanomaterials,0.9857000112533569,topic
W4388542686,Nanomaterials for catalytic reactions,0.9848999977111816,topic
W3126184592,Exciton,0.8589013814926147,keyword
W3126184592,Atomic physics,0.49870991706848145,keyword
W3126184592,Materials science,0.4969201385974884,keyword
W3126184592,Band gap,0.4817412197589874,keyword
W3126184592,Rydberg formula,0.4440976083278656,keyword
W3126184592,Valence (chemistry),0.4424739480018616,keyword
W3126184592,Conduction band,0.4418938457965851,keyword
W3126184592,Quasi Fermi level,0.4235793352127075,keyword
W3126184592,Chemistry,0.36514490842819214,keyword
W3126184592,Valence band,0.35465526580810547,keyword
W3126184592,Molecular physics,0.34956201910972595,keyword
W3126184592,Condensed matter physics,0.33557069301605225,keyword
W3126184592,Physics,0.2252536416053772,keyword
W3126184592,Optoelectronics,0.16434767842292786,keyword
W3126184592,Ionization,0.06815674901008606,keyword
W3126184592,2D Materials and Applications,1.0,topic
W3126184592,Chalcogenide Semiconductor Thin Films,0.9986000061035156,topic
W3126184592,MXene and MAX Phase Materials,0.9977999925613403,topic
W4205394965,Graphene,0.8053840398788452,keyword
W4205394965,Materials science,0.7211185693740845,keyword
W4205394965,Ultrashort pulse,0.6502336859703064,keyword
W4205394965,Nanophotonics,0.6290404796600342,keyword
W4205394965,Photodetector,0.6244673132896423,keyword
W4205394965,Modulation (music),0.6038106679916382,keyword
W4205394965,Nanomaterials,0.5627676844596863,keyword
W4205394965,Optoelectronics,0.5338353514671326,keyword
W4205394965,Nanotechnology,0.45669490098953247,keyword
W4205394965,Optical modulator,0.4152308702468872,keyword
W4205394965,Phase modulation,0.19383403658866882,keyword
W4205394965,Optics,0.16110268235206604,keyword
W4205394965,Physics,0.12927016615867615,keyword
W4205394965,Laser,0.12701940536499023,keyword
W4205394965,Graphene research and applications,1.0,topic
W4205394965,Plasmonic and Surface Plasmon Research,0.9990000128746033,topic
W4205394965,2D Materials and Applications,0.998199999332428,topic
W4388673756,Neuroscience,0.8324182033538818,keyword
W4388673756,Mechanotransduction,0.7422645092010498,keyword
W4388673756,Nervous system,0.6536370515823364,keyword
W4388673756,Biology,0.4877637028694153,keyword
W4388673756,Function (biology),0.48223480582237244,keyword
W4388673756,Mechanobiology,0.4467483460903168,keyword
W4388673756,Cell mechanics,0.41633492708206177,keyword
W4388673756,Disease,0.4138243496417999,keyword
W4388673756,Cell,0.2449539303779602,keyword
W4388673756,Anatomy,0.2003796100616455,keyword
W4388673756,Medicine,0.17033231258392334,keyword
W4388673756,Pathology,0.12931549549102783,keyword
W4388673756,Cell biology,0.12815794348716736,keyword
W4388673756,Cellular Mechanics and Interactions,0.9998999834060669,topic
W4388673756,Planarian Biology and Electrostimulation,0.9984999895095825,topic
W4388673756,Axon Guidance and Neuronal Signaling,0.9983999729156494,topic
W3133640590,Neuromorphic engineering,0.9235445857048035,keyword
W3133640590,Crossbar switch,0.7382131814956665,keyword
W3133640590,Computer science,0.6710113286972046,keyword
W3133640590,CMOS,0.6338096261024475,keyword
W3133640590,Offset (computer science),0.5693289041519165,keyword
W3133640590,Resistive random-access memory,0.5213243365287781,keyword
W3133640590,Memristor,0.5129096508026123,keyword
W3133640590,Electronic circuit,0.502037525177002,keyword
W3133640590,Scalability,0.5001630783081055,keyword
W3133640590,Electronic engineering,0.4583527147769928,keyword
W3133640590,Chip,0.44186562299728394,keyword
W3133640590,Voltage,0.3777197599411011,keyword
W3133640590,Electrical engineering,0.36535120010375977,keyword
W3133640590,Artificial intelligence,0.22044029831886292,keyword
W3133640590,Engineering,0.16767200827598572,keyword
W3133640590,Artificial neural network,0.13466772437095642,keyword
W3133640590,Telecommunications,0.09660229086875916,keyword
W3133640590,Advanced Memory and Neural Computing,1.0,topic
W3133640590,CCD and CMOS Imaging Sensors,0.9983000159263611,topic
W3133640590,Photoreceptor and optogenetics research,0.9973999857902527,topic
W3093231674,Neuroprotection,0.5699531435966492,keyword
W3093231674,Cofilin,0.563020646572113,keyword
W3093231674,Pathogenesis,0.4673260748386383,keyword
W3093231674,Kinase,0.4269125163555145,keyword
W3093231674,Biology,0.40741997957229614,keyword
W3093231674,Cell biology,0.3257634937763214,keyword
W3093231674,Pharmacology,0.31239253282546997,keyword
W3093231674,Biochemistry,0.20877444744110107,keyword
W3093231674,Immunology,0.1626890003681183,keyword
W3093231674,Cell,0.07586279511451721,keyword
W3093231674,Actin cytoskeleton,0.05945342779159546,keyword
W3093231674,Mitochondrial Function and Pathology,0.9987999796867371,topic
W3093231674,Alzheimer's disease research and treatments,0.9965999722480774,topic
W3093231674,Adipose Tissue and Metabolism,0.9951000213623047,topic
W4220992928,Graphene,0.7703937292098999,keyword
W4220992928,Biomarker,0.7071893215179443,keyword
W4220992928,Enzyme,0.47946107387542725,keyword
W4220992928,Electrochemistry,0.45662131905555725,keyword
W4220992928,Chemistry,0.4387039542198181,keyword
W4220992928,Disease,0.41645753383636475,keyword
W4220992928,Biochemistry,0.327625036239624,keyword
W4220992928,Medicine,0.25648850202560425,keyword
W4220992928,Nanotechnology,0.24744874238967896,keyword
W4220992928,Materials science,0.20444798469543457,keyword
W4220992928,Internal medicine,0.15435096621513367,keyword
W4220992928,Graphene and Nanomaterials Applications,0.9994000196456909,topic
W4220992928,Electrochemical sensors and biosensors,0.9937000274658203,topic
W4220992928,Advanced biosensing and bioanalysis techniques,0.9919000267982483,topic
W3087034102,Nanosensor,0.7844334244728088,keyword
W3087034102,Biocompatibility,0.7706013917922974,keyword
W3087034102,Dopamine,0.7610321044921875,keyword
W3087034102,Carbon nanotube,0.5819994807243347,keyword
W3087034102,Materials science,0.5490506291389465,keyword
W3087034102,Microglia,0.5056462287902832,keyword
W3087034102,Passivation,0.4955853223800659,keyword
W3087034102,Neuroscience,0.4952773153781891,keyword
W3087034102,Nanotechnology,0.49024420976638794,keyword
W3087034102,Biophysics,0.42405208945274353,keyword
W3087034102,Biology,0.21171602606773376,keyword
W3087034102,Inflammation,0.1093708872795105,keyword
W3087034102,Immunology,0.08218151330947876,keyword
W3087034102,Neuroscience and Neural Engineering,0.9998000264167786,topic
W3087034102,Neuroinflammation and Neurodegeneration Mechanisms,0.9940999746322632,topic
W3087034102,Conducting polymers and applications,0.9927999973297119,topic
W4289922251,MNIST database,0.866510272026062,keyword
W4289922251,Computer science,0.6289762258529663,keyword
W4289922251,Quantization (signal processing),0.6149449348449707,keyword
W4289922251,Artificial neural network,0.5087581276893616,keyword
W4289922251,Algorithm,0.49633365869522095,keyword
W4289922251,Margin (machine learning),0.49161726236343384,keyword
W4289922251,Synaptic weight,0.47866329550743103,keyword
W4289922251,Inference,0.45073264837265015,keyword
W4289922251,Artificial intelligence,0.44520020484924316,keyword
W4289922251,Stochastic gradient descent,0.41352736949920654,keyword
W4289922251,Machine learning,0.2025805413722992,keyword
W4289922251,Advanced Memory and Neural Computing,1.0,topic
W4289922251,Ferroelectric and Negative Capacitance Devices,0.9998000264167786,topic
W4289922251,Semiconductor materials and devices,0.9969000220298767,topic
W4397026484,Graphene,0.9196869134902954,keyword
W4397026484,Humidity,0.7220607995986938,keyword
W4397026484,Internet of Things,0.5503749251365662,keyword
W4397026484,Nanotechnology,0.48157334327697754,keyword
W4397026484,Computer science,0.46790915727615356,keyword
W4397026484,Materials science,0.46505507826805115,keyword
W4397026484,Embedded system,0.18825343251228333,keyword
W4397026484,Geography,0.09390300512313843,keyword
W4397026484,Gas Sensing Nanomaterials and Sensors,0.9998000264167786,topic
W4397026484,Graphene research and applications,0.9980999827384949,topic
W4397026484,Advanced Sensor and Energy Harvesting Materials,0.9973000288009644,topic
W3084692572,SH-SY5Y,0.7777707576751709,keyword
W3084692572,Cytotoxicity,0.7027932405471802,keyword
W3084692572,Zinc,0.6951333284378052,keyword
W3084692572,Intracellular,0.6277466416358948,keyword
W3084692572,Reactive oxygen species,0.5816470384597778,keyword
W3084692572,Homeostasis,0.5757613182067871,keyword
W3084692572,Neuroblastoma,0.5052555203437805,keyword
W3084692572,Programmed cell death,0.49632102251052856,keyword
W3084692572,Oxidative stress,0.47789037227630615,keyword
W3084692572,Cytosol,0.4434029459953308,keyword
W3084692572,Chemistry,0.43696972727775574,keyword
W3084692572,Biology,0.3905044496059418,keyword
W3084692572,Cell biology,0.38516664505004883,keyword
W3084692572,Biochemistry,0.37978848814964294,keyword
W3084692572,Biophysics,0.35056817531585693,keyword
W3084692572,Cell culture,0.33281612396240234,keyword
W3084692572,Apoptosis,0.30457574129104614,keyword
W3084692572,Enzyme,0.10093477368354797,keyword
W3084692572,In vitro,0.0993753969669342,keyword
W3084692572,Trace Elements in Health,1.0,topic
W3084692572,Heavy Metal Exposure and Toxicity,0.9962999820709229,topic
W3084692572,Aluminum toxicity and tolerance in plants and animals,0.9627000093460083,topic
W4403576959,Materials science,0.6283666491508484,keyword
W4403576959,Optoelectronics,0.500603437423706,keyword
W4403576959,Nanotechnology,0.45258814096450806,keyword
W4403576959,Neuroscience,0.38338470458984375,keyword
W4403576959,Computer science,0.3299531638622284,keyword
W4403576959,Biology,0.1524423062801361,keyword
W4403576959,Advanced Memory and Neural Computing,1.0,topic
W4403576959,Transition Metal Oxide Nanomaterials,0.9984999895095825,topic
W4403576959,2D Materials and Applications,0.9977999925613403,topic
W4312733888,Neuromorphic engineering,0.92265784740448,keyword
W4312733888,Perovskite (structure),0.731191873550415,keyword
W4312733888,Photonics,0.6375199556350708,keyword
W4312733888,Memristor,0.6324118375778198,keyword
W4312733888,Materials science,0.6127068996429443,keyword
W4312733888,Flexibility (engineering),0.5332576632499695,keyword
W4312733888,Optoelectronics,0.49507299065589905,keyword
W4312733888,Computer science,0.45918792486190796,keyword
W4312733888,Nanotechnology,0.4100340008735657,keyword
W4312733888,Electronic engineering,0.39180222153663635,keyword
W4312733888,Engineering physics,0.32275670766830444,keyword
W4312733888,Engineering,0.1830245554447174,keyword
W4312733888,Artificial intelligence,0.1057366132736206,keyword
W4312733888,Artificial neural network,0.08300957083702087,keyword
W4312733888,Perovskite Materials and Applications,1.0,topic
W4312733888,Advanced Memory and Neural Computing,0.9988999962806702,topic
W4312733888,Conducting polymers and applications,0.9945999979972839,topic
W4206926213,Electrode,0.7584424614906311,keyword
W4206926213,Interface (matter),0.7109060883522034,keyword
W4206926213,Charge (physics),0.5415076017379761,keyword
W4206926213,Materials science,0.5374816656112671,keyword
W4206926213,Brain–computer interface,0.5179063677787781,keyword
W4206926213,Nanotechnology,0.49151524901390076,keyword
W4206926213,Computer science,0.4481901526451111,keyword
W4206926213,Biological system,0.32574358582496643,keyword
W4206926213,Neuroscience,0.23702824115753174,keyword
W4206926213,Chemistry,0.22495871782302856,keyword
W4206926213,Physics,0.12639263272285461,keyword
W4206926213,Psychology,0.0931914746761322,keyword
W4206926213,Biology,0.09286406636238098,keyword
W4206926213,Electroencephalography,0.05652317404747009,keyword
W4206926213,Composite material,0.046262115240097046,keyword
W4206926213,Neuroscience and Neural Engineering,1.0,topic
W4206926213,EEG and Brain-Computer Interfaces,0.9976999759674072,topic
W4206926213,Conducting polymers and applications,0.9972000122070312,topic
W4391910566,Materials science,0.7581877708435059,keyword
W4391910566,Monolayer,0.6836239099502563,keyword
W4391910566,Semiconductor,0.6019603610038757,keyword
W4391910566,Transistor,0.5300182104110718,keyword
W4391910566,Phase (matter),0.527342677116394,keyword
W4391910566,Tellurium,0.5132150650024414,keyword
W4391910566,Optoelectronics,0.49142777919769287,keyword
W4391910566,Nanotechnology,0.4389735460281372,keyword
W4391910566,Phase transition,0.4235732853412628,keyword
W4391910566,Condensed matter physics,0.33432960510253906,keyword
W4391910566,Chemistry,0.1101619303226471,keyword
W4391910566,Voltage,0.08423814177513123,keyword
W4391910566,2D Materials and Applications,1.0,topic
W4391910566,Chalcogenide Semiconductor Thin Films,0.9994999766349792,topic
W4391910566,MXene and MAX Phase Materials,0.9994999766349792,topic
W4388869413,Sensory system,0.6467156410217285,keyword
W4388869413,Memristor,0.5543948411941528,keyword
W4388869413,Computer science,0.43773218989372253,keyword
W4388869413,Neuroscience,0.38454508781433105,keyword
W4388869413,Engineering,0.23263025283813477,keyword
W4388869413,Electrical engineering,0.19258886575698853,keyword
W4388869413,Biology,0.16714990139007568,keyword
W4388869413,Advanced Memory and Neural Computing,1.0,topic
W4388869413,Neural dynamics and brain function,0.9980000257492065,topic
W4388869413,Photoreceptor and optogenetics research,0.9980000257492065,topic
W4388942445,Materials science,0.6296049356460571,keyword
W4388942445,Heterojunction,0.537161111831665,keyword
W4388942445,Photoelectric effect,0.4561014771461487,keyword
W4388942445,Transistor,0.4319779872894287,keyword
W4388942445,Optoelectronics,0.4243616759777069,keyword
W4388942445,Nanotechnology,0.3221791386604309,keyword
W4388942445,Electrical engineering,0.15408143401145935,keyword
W4388942445,Photoreceptor and optogenetics research,0.9966999888420105,topic
W4388942445,Advanced Memory and Neural Computing,0.9919999837875366,topic
W4388942445,Luminescence and Fluorescent Materials,0.9918000102043152,topic
W3176071615,Memristor,0.9902938604354858,keyword
W3176071615,Neuromorphic engineering,0.9004960060119629,keyword
W3176071615,Realization (probability),0.6351152658462524,keyword
W3176071615,Memistor,0.6067107915878296,keyword
W3176071615,Materials science,0.5543439388275146,keyword
W3176071615,Resistive random-access memory,0.5329922437667847,keyword
W3176071615,Computer science,0.4654349386692047,keyword
W3176071615,Fabrication,0.44475221633911133,keyword
W3176071615,Nanotechnology,0.44080469012260437,keyword
W3176071615,Nonlinear system,0.43662041425704956,keyword
W3176071615,State (computer science),0.41540318727493286,keyword
W3176071615,Topology (electrical circuits),0.3732971251010895,keyword
W3176071615,Electronic engineering,0.36607837677001953,keyword
W3176071615,Electrical engineering,0.23651933670043945,keyword
W3176071615,Physics,0.20362588763237,keyword
W3176071615,Voltage,0.19812873005867004,keyword
W3176071615,Algorithm,0.13957688212394714,keyword
W3176071615,Artificial intelligence,0.13765376806259155,keyword
W3176071615,Mathematics,0.1336584985256195,keyword
W3176071615,Engineering,0.11867177486419678,keyword
W3176071615,Artificial neural network,0.11034590005874634,keyword
W3176071615,Advanced Memory and Neural Computing,1.0,topic
W3176071615,Neuroscience and Neural Engineering,0.9975000023841858,topic
W3176071615,Ferroelectric and Negative Capacitance Devices,0.996999979019165,topic
W4309644030,Stacking,0.9009990692138672,keyword
W4309644030,van der Waals force,0.8759686946868896,keyword
W4309644030,Materials science,0.6794271469116211,keyword
W4309644030,Condensed matter physics,0.6403536796569824,keyword
W4309644030,Nanowire,0.5226863622665405,keyword
W4309644030,Monolayer,0.48999443650245667,keyword
W4309644030,Density functional theory,0.4753279983997345,keyword
W4309644030,Stacking fault,0.46735313534736633,keyword
W4309644030,Chemical physics,0.43828457593917847,keyword
W4309644030,Crystallography,0.3943588137626648,keyword
W4309644030,Nanotechnology,0.3800639510154724,keyword
W4309644030,Computational chemistry,0.16736450791358948,keyword
W4309644030,Chemistry,0.16693466901779175,keyword
W4309644030,Physics,0.08915704488754272,keyword
W4309644030,Molecule,0.08113247156143188,keyword
W4309644030,2D Materials and Applications,1.0,topic
W4309644030,Perovskite Materials and Applications,0.9993000030517578,topic
W4309644030,Advanced Thermoelectric Materials and Devices,0.9984999895095825,topic
W4391251712,Materials science,0.8981175422668457,keyword
W4391251712,Nanowire,0.7483600378036499,keyword
W4391251712,Field-effect transistor,0.6261743903160095,keyword
W4391251712,Optoelectronics,0.4933091700077057,keyword
W4391251712,Nanotechnology,0.44730210304260254,keyword
W4391251712,Transistor,0.4425574541091919,keyword
W4391251712,Electrical engineering,0.18621310591697693,keyword
W4391251712,Voltage,0.1089276373386383,keyword
W4391251712,Nanowire Synthesis and Applications,1.0,topic
W4391251712,Advancements in Semiconductor Devices and Circuit Design,0.9998999834060669,topic
W4391251712,Semiconductor materials and devices,0.9991000294685364,topic
W3136867497,Regenerative medicine,0.7822421789169312,keyword
W3136867497,Biomaterial,0.7396926283836365,keyword
W3136867497,Regeneration (biology),0.6920467615127563,keyword
W3136867497,Tissue engineering,0.6747662425041199,keyword
W3136867497,Scaffold,0.6662344932556152,keyword
W3136867497,Extracellular matrix,0.6278043985366821,keyword
W3136867497,Stem cell,0.4606499671936035,keyword
W3136867497,Cell adhesion,0.42038974165916443,keyword
W3136867497,Cell biology,0.3930518925189972,keyword
W3136867497,Nanotechnology,0.39271366596221924,keyword
W3136867497,Chemistry,0.34693706035614014,keyword
W3136867497,Neuroscience,0.3372926712036133,keyword
W3136867497,Biomedical engineering,0.3197045922279358,keyword
W3136867497,Materials science,0.28346362709999084,keyword
W3136867497,Adhesion,0.2669137418270111,keyword
W3136867497,Biology,0.23104900121688843,keyword
W3136867497,Medicine,0.12505125999450684,keyword
W3136867497,Tissue Engineering and Regenerative Medicine,0.9994000196456909,topic
W3136867497,Electrospun Nanofibers in Biomedical Applications,0.9991000294685364,topic
W3136867497,3D Printing in Biomedical Research,0.9980999827384949,topic
W4402467770,Wearable computer,0.7840720415115356,keyword
W4402467770,Materials science,0.650902271270752,keyword
W4402467770,Internet of Things,0.570182204246521,keyword
W4402467770,Wearable technology,0.5521383285522461,keyword
W4402467770,Human–computer interaction,0.5485773682594299,keyword
W4402467770,The Internet,0.5370691418647766,keyword
W4402467770,Nanotechnology,0.46031731367111206,keyword
W4402467770,World Wide Web,0.27923697233200073,keyword
W4402467770,Computer science,0.26745057106018066,keyword
W4402467770,Embedded system,0.14274108409881592,keyword
W4402467770,IoT and Edge/Fog Computing,0.9898999929428101,topic
W4402467770,Advanced Sensor and Energy Harvesting Materials,0.9692000150680542,topic
W4402467770,Green IT and Sustainability,0.9670000076293945,topic
W4389133465,Redox,0.6475775241851807,keyword
W4389133465,Computer science,0.646258533000946,keyword
W4389133465,Ion,0.47906240820884705,keyword
W4389133465,Nonlinear system,0.47618594765663147,keyword
W4389133465,Curse of dimensionality,0.4562765657901764,keyword
W4389133465,Materials science,0.4498268663883209,keyword
W4389133465,Masking (illustration),0.4323170781135559,keyword
W4389133465,Optoelectronics,0.3530125021934509,keyword
W4389133465,Chemistry,0.2278273105621338,keyword
W4389133465,Artificial intelligence,0.17942145466804504,keyword
W4389133465,Physics,0.16925135254859924,keyword
W4389133465,Neural Networks and Reservoir Computing,0.9998999834060669,topic
W4389133465,Advanced Memory and Neural Computing,0.9988999962806702,topic
W4389133465,Neural dynamics and brain function,0.9513999819755554,topic
W4309745336,Nano-,0.6291816234588623,keyword
W4309745336,Nanotechnology,0.5443408489227295,keyword
W4309745336,Materials science,0.4823131561279297,keyword
W4309745336,Electrochemistry,0.4402560889720917,keyword
W4309745336,Chemistry,0.15415030717849731,keyword
W4309745336,Electrode,0.11555352807044983,keyword
W4309745336,Composite material,0.08980259299278259,keyword
W4309745336,Analytical Chemistry and Sensors,1.0,topic
W4309745336,Electrochemical Analysis and Applications,0.9995999932289124,topic
W4309745336,Conducting polymers and applications,0.9993000030517578,topic
W4220812277,Materials science,0.6957712173461914,keyword
W4220812277,Light-emitting diode,0.612356960773468,keyword
W4220812277,Optoelectronics,0.5981462597846985,keyword
W4220812277,Polymer,0.4585146903991699,keyword
W4220812277,Brightness,0.45133620500564575,keyword
W4220812277,OLED,0.43454471230506897,keyword
W4220812277,Photolithography,0.4285696744918823,keyword
W4220812277,Electroluminescence,0.4122542142868042,keyword
W4220812277,Optics,0.3517400026321411,keyword
W4220812277,Nanotechnology,0.3460721969604492,keyword
W4220812277,Composite material,0.32560431957244873,keyword
W4220812277,Layer (electronics),0.1381218433380127,keyword
W4220812277,Advanced Sensor and Energy Harvesting Materials,0.9994000196456909,topic
W4220812277,Organic Light-Emitting Diodes Research,0.9993000030517578,topic
W4220812277,Organic Electronics and Photovoltaics,0.9976999759674072,topic
W4410188953,Neuromorphic engineering,0.9905023574829102,keyword
W4410188953,Bioelectronics,0.7952461242675781,keyword
W4410188953,Computer science,0.5472367405891418,keyword
W4410188953,Computer architecture,0.48161524534225464,keyword
W4410188953,Spiking neural network,0.4239903688430786,keyword
W4410188953,Nanotechnology,0.41529548168182373,keyword
W4410188953,Artificial neural network,0.35309332609176636,keyword
W4410188953,Artificial intelligence,0.3467329144477844,keyword
W4410188953,Materials science,0.3231959044933319,keyword
W4410188953,Biosensor,0.11602237820625305,keyword
W4410188953,Advanced Memory and Neural Computing,1.0,topic
W4410188953,Photoreceptor and optogenetics research,0.996999979019165,topic
W4410188953,Ferroelectric and Negative Capacitance Devices,0.9947999715805054,topic
W3125892177,Hysteresis,0.7873256206512451,keyword
W3125892177,Perovskite (structure),0.6731276512145996,keyword
W3125892177,Materials science,0.6626129150390625,keyword
W3125892177,Photovoltaic system,0.6112222075462341,keyword
W3125892177,Energy conversion efficiency,0.5470236539840698,keyword
W3125892177,Engineering physics,0.5275043249130249,keyword
W3125892177,Optoelectronics,0.5196350812911987,keyword
W3125892177,Ferroelectricity,0.4939571022987366,keyword
W3125892177,Polarization (electrochemistry),0.4597291052341461,keyword
W3125892177,Solar cell,0.45808282494544983,keyword
W3125892177,Grain boundary,0.442581444978714,keyword
W3125892177,Doping,0.42241132259368896,keyword
W3125892177,Nanotechnology,0.37241092324256897,keyword
W3125892177,Electrical engineering,0.260638028383255,keyword
W3125892177,Condensed matter physics,0.23758837580680847,keyword
W3125892177,Physics,0.11338108777999878,keyword
W3125892177,Engineering,0.11114946007728577,keyword
W3125892177,Chemistry,0.10487809777259827,keyword
W3125892177,Chemical engineering,0.0758390724658966,keyword
W3125892177,Dielectric,0.07011324167251587,keyword
W3125892177,Composite material,0.06845632195472717,keyword
W3125892177,Perovskite Materials and Applications,1.0,topic
W3125892177,Conducting polymers and applications,0.9994999766349792,topic
W3125892177,Chalcogenide Semiconductor Thin Films,0.9990000128746033,topic
W4401917473,Reservoir computing,0.8767876625061035,keyword
W4401917473,Computer science,0.609156608581543,keyword
W4401917473,Artificial intelligence,0.21665209531784058,keyword
W4401917473,Artificial neural network,0.10956501960754395,keyword
W4401917473,Neural Networks and Reservoir Computing,0.9998999834060669,topic
W4401917473,Advanced Memory and Neural Computing,0.9997000098228455,topic
W4401917473,Neural dynamics and brain function,0.9936000108718872,topic
W4390603790,Transistor,0.7721143960952759,keyword
W4390603790,Materials science,0.6093935966491699,keyword
W4390603790,Optoelectronics,0.5841324329376221,keyword
W4390603790,Logic gate,0.5158021450042725,keyword
W4390603790,Heterojunction,0.4917345345020294,keyword
W4390603790,Leakage (economics),0.44559434056282043,keyword
W4390603790,Ground bounce,0.4301583468914032,keyword
W4390603790,CMOS,0.4263148307800293,keyword
W4390603790,Dissipation,0.4168604016304016,keyword
W4390603790,Field-effect transistor,0.41267648339271545,keyword
W4390603790,Electrical engineering,0.37297701835632324,keyword
W4390603790,Electronic engineering,0.3643151819705963,keyword
W4390603790,Computer science,0.34750622510910034,keyword
W4390603790,Engineering,0.22604534029960632,keyword
W4390603790,Physics,0.21780219674110413,keyword
W4390603790,Voltage,0.20391845703125,keyword
W4390603790,Photonic and Optical Devices,0.9993000030517578,topic
W4390603790,Semiconductor materials and devices,0.9991999864578247,topic
W4390603790,Semiconductor materials and interfaces,0.9984999895095825,topic
W4206008247,Physics,0.5600757002830505,keyword
W4206008247,Energy (signal processing),0.46751147508621216,keyword
W4206008247,Transmission (telecommunications),0.44479626417160034,keyword
W4206008247,Computer science,0.44242098927497864,keyword
W4206008247,Ion,0.4338610768318176,keyword
W4206008247,Acoustics,0.39729174971580505,keyword
W4206008247,Biological system,0.3382822573184967,keyword
W4206008247,Telecommunications,0.1190139651298523,keyword
W4206008247,Biology,0.11462661623954773,keyword
W4206008247,Molecular Junctions and Nanostructures,0.9556000232696533,topic
W4206008247,Neuroscience and Neural Engineering,0.9527000188827515,topic
W4206008247,Molecular Communication and Nanonetworks,0.9488999843597412,topic
W4387451517,Electroforming,0.8168179988861084,keyword
W4387451517,Memristor,0.7789796590805054,keyword
W4387451517,Electrode,0.7450125217437744,keyword
W4387451517,Materials science,0.7336311340332031,keyword
W4387451517,Optoelectronics,0.564665675163269,keyword
W4387451517,Resistive touchscreen,0.5486853122711182,keyword
W4387451517,Nanotechnology,0.5341595411300659,keyword
W4387451517,Schottky diode,0.4864075183868408,keyword
W4387451517,Amorphous solid,0.4785112142562866,keyword
W4387451517,Tin,0.47033342719078064,keyword
W4387451517,Realization (probability),0.41059795022010803,keyword
W4387451517,Computer science,0.3039047122001648,keyword
W4387451517,Electronic engineering,0.26197946071624756,keyword
W4387451517,Diode,0.16929695010185242,keyword
W4387451517,Chemistry,0.12442737817764282,keyword
W4387451517,Layer (electronics),0.10645726323127747,keyword
W4387451517,Advanced Memory and Neural Computing,1.0,topic
W4387451517,Neural dynamics and brain function,0.9944999814033508,topic
W4387451517,Neuroscience and Neural Engineering,0.9933000206947327,topic
W4200596915,Neuromorphic engineering,0.8986039757728577,keyword
W4200596915,Nanoscopic scale,0.6752474308013916,keyword
W4200596915,Domain (mathematical analysis),0.5779804587364197,keyword
W4200596915,Condensed matter physics,0.5725253224372864,keyword
W4200596915,Domain wall (magnetism),0.5578253269195557,keyword
W4200596915,Materials science,0.5569667816162109,keyword
W4200596915,Energy (signal processing),0.48191335797309875,keyword
W4200596915,Nanotechnology,0.4416182041168213,keyword
W4200596915,Layer (electronics),0.43504905700683594,keyword
W4200596915,Optoelectronics,0.39294883608818054,keyword
W4200596915,Engineering physics,0.3369079828262329,keyword
W4200596915,Computer science,0.3224292993545532,keyword
W4200596915,Artificial neural network,0.3055473566055298,keyword
W4200596915,Physics,0.2821119725704193,keyword
W4200596915,Magnetic field,0.25914227962493896,keyword
W4200596915,Artificial intelligence,0.09868422150611877,keyword
W4200596915,Advanced Memory and Neural Computing,1.0,topic
W4200596915,Ferroelectric and Negative Capacitance Devices,0.9994999766349792,topic
W4200596915,Magnetic properties of thin films,0.9994000196456909,topic
W4399300567,Neuromorphic engineering,0.6443435549736023,keyword
W4399300567,Synapse,0.5692611336708069,keyword
W4399300567,Sensory system,0.5572185516357422,keyword
W4399300567,Olfactory system,0.5220137238502502,keyword
W4399300567,Computer science,0.45245230197906494,keyword
W4399300567,Materials science,0.449712872505188,keyword
W4399300567,Neuroscience,0.390112966299057,keyword
W4399300567,Nanotechnology,0.38772839307785034,keyword
W4399300567,Artificial neural network,0.3825477361679077,keyword
W4399300567,Artificial intelligence,0.2847554683685303,keyword
W4399300567,Biology,0.1570073962211609,keyword
W4399300567,Advanced Memory and Neural Computing,0.9998000264167786,topic
W4399300567,Photoreceptor and optogenetics research,0.9966999888420105,topic
W4399300567,Neuroscience and Neural Engineering,0.9932000041007996,topic
W4413611766,Perovskite (structure),0.7711601257324219,keyword
W4413611766,Materials science,0.672241747379303,keyword
W4413611766,Optoelectronics,0.6681473255157471,keyword
W4413611766,Photoluminescence,0.5818848609924316,keyword
W4413611766,Light-emitting diode,0.5774216055870056,keyword
W4413611766,Diode,0.5392481088638306,keyword
W4413611766,Scalability,0.4462159276008606,keyword
W4413611766,Nanotechnology,0.38274216651916504,keyword
W4413611766,Engineering physics,0.3236694037914276,keyword
W4413611766,Computer science,0.28323179483413696,keyword
W4413611766,Chemistry,0.1643526554107666,keyword
W4413611766,Physics,0.14312922954559326,keyword
W4413611766,Perovskite Materials and Applications,1.0,topic
W4413611766,2D Materials and Applications,0.9940999746322632,topic
W4413611766,Conducting polymers and applications,0.9810000061988831,topic
W3033557692,Biomolecule,0.6349424123764038,keyword
W3033557692,Relocation,0.624941349029541,keyword
W3033557692,Nanotechnology,0.6150562167167664,keyword
W3033557692,Computer science,0.4017590880393982,keyword
W3033557692,Materials science,0.3577526807785034,keyword
W3033557692,Microfluidic and Bio-sensing Technologies,1.0,topic
W3033557692,Microfluidic and Capillary Electrophoresis Applications,0.9993000030517578,topic
W3033557692,Electrowetting and Microfluidic Technologies,0.9979000091552734,topic
W4224239466,Materials science,0.8134616613388062,keyword
W4224239466,Phase-change memory,0.7215520143508911,keyword
W4224239466,Chalcogenide,0.6839008331298828,keyword
W4224239466,Nanowire,0.627390444278717,keyword
W4224239466,Aspect ratio (aeronautics),0.6232015490531921,keyword
W4224239466,Amorphous solid,0.5028471350669861,keyword
W4224239466,Optoelectronics,0.4833514392375946,keyword
W4224239466,Computer data storage,0.450982928276062,keyword
W4224239466,Transmission electron microscopy,0.4322068691253662,keyword
W4224239466,Phase-change material,0.427192747592926,keyword
W4224239466,Nanotechnology,0.41465532779693604,keyword
W4224239466,Phase change,0.29025304317474365,keyword
W4224239466,Computer science,0.1911829710006714,keyword
W4224239466,Engineering physics,0.14650854468345642,keyword
W4224239466,Computer hardware,0.1186380386352539,keyword
W4224239466,Crystallography,0.07746073603630066,keyword
W4224239466,Phase-change materials and chalcogenides,1.0,topic
W4224239466,Advanced Memory and Neural Computing,0.9955000281333923,topic
W4224239466,Transition Metal Oxide Nanomaterials,0.9955000281333923,topic
W3022733746,Herpes simplex virus,0.7246628999710083,keyword
W3022733746,Virology,0.5716885924339294,keyword
W3022733746,Virus,0.47008562088012695,keyword
W3022733746,Biology,0.4316794276237488,keyword
W3022733746,Chemistry,0.36164915561676025,keyword
W3022733746,Herpesvirus Infections and Treatments,1.0,topic
W3022733746,Cytomegalovirus and herpesvirus research,0.9991000294685364,topic
W3022733746,Toxoplasma gondii Research Studies,0.9987000226974487,topic
W4402206959,Nanofiber,0.8629014492034912,keyword
W4402206959,Materials science,0.7946978807449341,keyword
W4402206959,Electrospinning,0.7293537855148315,keyword
W4402206959,Composite material,0.6548970937728882,keyword
W4402206959,Ultimate tensile strength,0.6114757657051086,keyword
W4402206959,Scanning electron microscope,0.5590721368789673,keyword
W4402206959,Vinyl alcohol,0.4408011734485626,keyword
W4402206959,Polyvinyl alcohol,0.42215773463249207,keyword
W4402206959,Chemical engineering,0.3389729857444763,keyword
W4402206959,Polymer,0.1259545385837555,keyword
W4402206959,Electrospun Nanofibers in Biomedical Applications,0.9986000061035156,topic
W4402206959,Antimicrobial agents and applications,0.9811000227928162,topic
W4402206959,Advanced Sensor and Energy Harvesting Materials,0.9592000246047974,topic
W4389801243,Neuromorphic engineering,0.9786721467971802,keyword
W4389801243,Memristor,0.9168262481689453,keyword
W4389801243,Nanotechnology,0.4986557960510254,keyword
W4389801243,Materials science,0.4574607312679291,keyword
W4389801243,Computer science,0.42273759841918945,keyword
W4389801243,Computer architecture,0.40650391578674316,keyword
W4389801243,Artificial neural network,0.37942779064178467,keyword
W4389801243,Artificial intelligence,0.3736724853515625,keyword
W4389801243,Neuroscience,0.3696094751358032,keyword
W4389801243,Engineering,0.23511561751365662,keyword
W4389801243,Biology,0.11940872669219971,keyword
W4389801243,Electronic engineering,0.10980173945426941,keyword
W4389801243,Advanced Memory and Neural Computing,1.0,topic
W4389801243,Photoreceptor and optogenetics research,0.9987999796867371,topic
W4389801243,Neuroscience and Neural Engineering,0.9984999895095825,topic
W3158683381,Materials science,0.8894295692443848,keyword
W3158683381,Optoelectronics,0.7074690461158752,keyword
W3158683381,Molybdenum disulfide,0.7012297511100769,keyword
W3158683381,PEDOT:PSS,0.6861626505851746,keyword
W3158683381,Non-volatile memory,0.5918024778366089,keyword
W3158683381,Substrate (aquarium),0.5117447376251221,keyword
W3158683381,Photodiode,0.5080196857452393,keyword
W3158683381,Flash memory,0.5062369704246521,keyword
W3158683381,Layer (electronics),0.3300704061985016,keyword
W3158683381,Nanotechnology,0.3278261125087738,keyword
W3158683381,Computer science,0.19988968968391418,keyword
W3158683381,Composite material,0.17611488699913025,keyword
W3158683381,Computer hardware,0.10137784481048584,keyword
W3158683381,Advanced Memory and Neural Computing,0.9998000264167786,topic
W3158683381,2D Materials and Applications,0.9994999766349792,topic
W3158683381,Advanced Sensor and Energy Harvesting Materials,0.9991000294685364,topic
W4385664365,Heterojunction,0.8832603693008423,keyword
W4385664365,Materials science,0.7043944597244263,keyword
W4385664365,Perovskite (structure),0.6789621114730835,keyword
W4385664365,Semiconductor,0.5461146235466003,keyword
W4385664365,van der Waals force,0.5105031728744507,keyword
W4385664365,Nanotechnology,0.4921964704990387,keyword
W4385664365,Single crystal,0.4475748836994171,keyword
W4385664365,Optoelectronics,0.4450515806674957,keyword
W4385664365,Crystal (programming language),0.43978118896484375,keyword
W4385664365,Graphene,0.4384578466415405,keyword
W4385664365,Chemistry,0.15939709544181824,keyword
W4385664365,Crystallography,0.12412360310554504,keyword
W4385664365,Computer science,0.09608626365661621,keyword
W4385664365,Perovskite Materials and Applications,1.0,topic
W4385664365,2D Materials and Applications,0.9995999932289124,topic
W4385664365,Quantum Dots Synthesis And Properties,0.991599977016449,topic
W3210460641,Neuroprotection,0.7794597148895264,keyword
W3210460641,Medicine,0.777590274810791,keyword
W3210460641,Exosome,0.6425786018371582,keyword
W3210460641,Neuroplasticity,0.6242141127586365,keyword
W3210460641,Synaptophysin,0.5790029168128967,keyword
W3210460641,Stroke (engine),0.5299898982048035,keyword
W3210460641,Internal medicine,0.431563138961792,keyword
W3210460641,Endocrinology,0.36318182945251465,keyword
W3210460641,Microvesicles,0.30673694610595703,keyword
W3210460641,microRNA,0.10151419043540955,keyword
W3210460641,Immunohistochemistry,0.09979963302612305,keyword
W3210460641,Biology,0.09039682149887085,keyword
W3210460641,Psychiatry,0.06983688473701477,keyword
W3210460641,Extracellular vesicles in disease,1.0,topic
W3210460641,MicroRNA in disease regulation,0.982699990272522,topic
W3210460641,Circular RNAs in diseases,0.9825999736785889,topic
W3082017285,Materials science,0.7644021511077881,keyword
W3082017285,Perovskite (structure),0.7184785008430481,keyword
W3082017285,Synaptic plasticity,0.6348857879638672,keyword
W3082017285,Optoelectronics,0.5711352825164795,keyword
W3082017285,Silicon,0.5632923245429993,keyword
W3082017285,Nanocrystal,0.5029866099357605,keyword
W3082017285,Nanotechnology,0.38744813203811646,keyword
W3082017285,Chemistry,0.1292923092842102,keyword
W3082017285,Advanced Memory and Neural Computing,1.0,topic
W3082017285,Photoreceptor and optogenetics research,0.9990000128746033,topic
W3082017285,Neuroscience and Neural Engineering,0.9980000257492065,topic
W3205949769,Neuromodulation,0.9668375253677368,keyword
W3205949769,Optogenetics,0.7041895389556885,keyword
W3205949769,Spinal cord injury,0.6954119801521301,keyword
W3205949769,Neuroscience,0.648605465888977,keyword
W3205949769,Medicine,0.5242205858230591,keyword
W3205949769,Physical medicine and rehabilitation,0.5064860582351685,keyword
W3205949769,Functional electrical stimulation,0.43607833981513977,keyword
W3205949769,Neuroprosthetics,0.43152010440826416,keyword
W3205949769,Motor function,0.41236191987991333,keyword
W3205949769,Psychology,0.3592712879180908,keyword
W3205949769,Spinal cord,0.33892661333084106,keyword
W3205949769,Stimulation,0.26136791706085205,keyword
W3205949769,Neuroscience and Neural Engineering,0.9995999932289124,topic
W3205949769,Photoreceptor and optogenetics research,0.9991999864578247,topic
W3205949769,Vagus Nerve Stimulation Research,0.9965000152587891,topic
W3034592174,Condensed matter physics,0.7634446620941162,keyword
W3034592174,Superlattice,0.7591233849525452,keyword
W3034592174,Materials science,0.744440495967865,keyword
W3034592174,Proximity effect (electron beam lithography),0.7320053577423096,keyword
W3034592174,Ferromagnetism,0.6724388003349304,keyword
W3034592174,Superconductivity,0.6363853216171265,keyword
W3034592174,Antiparallel (mathematics),0.5752191543579102,keyword
W3034592174,Magnetization,0.5446547269821167,keyword
W3034592174,Resistive touchscreen,0.5372315645217896,keyword
W3034592174,Niobium,0.48680731654167175,keyword
W3034592174,Stack (abstract data type),0.48601800203323364,keyword
W3034592174,Optoelectronics,0.2675364017486572,keyword
W3034592174,Magnetic field,0.2578939199447632,keyword
W3034592174,Nanotechnology,0.2568926215171814,keyword
W3034592174,Layer (electronics),0.2134709656238556,keyword
W3034592174,Physics,0.12125575542449951,keyword
W3034592174,Electron-beam lithography,0.08178836107254028,keyword
W3034592174,Computer science,0.06514260172843933,keyword
W3034592174,Physics of Superconductivity and Magnetism,1.0,topic
W3034592174,Magnetic properties of thin films,0.9994999766349792,topic
W3034592174,Quantum and electron transport phenomena,0.9994999766349792,topic
W4316467030,Triboelectric effect,0.9732319116592407,keyword
W4316467030,Nanogenerator,0.9662442803382874,keyword
W4316467030,Graphene,0.785526692867279,keyword
W4316467030,Materials science,0.7532879114151001,keyword
W4316467030,Nanotechnology,0.6937736868858337,keyword
W4316467030,Electrode,0.5503664016723633,keyword
W4316467030,Biosensor,0.48460420966148376,keyword
W4316467030,Biocompatibility,0.4647464156150818,keyword
W4316467030,Oxide,0.4541262686252594,keyword
W4316467030,Optoelectronics,0.3401460647583008,keyword
W4316467030,Composite material,0.11713078618049622,keyword
W4316467030,Chemistry,0.09663063287734985,keyword
W4316467030,Advanced Sensor and Energy Harvesting Materials,1.0,topic
W4316467030,Conducting polymers and applications,0.9995999932289124,topic
W4316467030,Supercapacitor Materials and Fabrication,0.9955999851226807,topic
W4402127538,Scanner,0.7197985053062439,keyword
W4402127538,Haptic technology,0.6676703095436096,keyword
W4402127538,Computer science,0.5645392537117004,keyword
W4402127538,Human–computer interaction,0.35435038805007935,keyword
W4402127538,Neuroscience,0.3264123201370239,keyword
W4402127538,Artificial intelligence,0.2640654444694519,keyword
W4402127538,Biology,0.1968860626220703,keyword
W4402127538,Tactile and Sensory Interactions,0.9993000030517578,topic
W4402127538,Neuroscience and Neural Engineering,0.9973000288009644,topic
W4402127538,Advanced Sensor and Energy Harvesting Materials,0.9948999881744385,topic
W4390658599,Dose,0.8340219259262085,keyword
W4390658599,Antioxidant,0.6240190267562866,keyword
W4390658599,Oxidative stress,0.6203364133834839,keyword
W4390658599,Zinc,0.6096668839454651,keyword
W4390658599,Neurotransmitter,0.5887044072151184,keyword
W4390658599,Neurotrophic factors,0.4608438014984131,keyword
W4390658599,Neurotransmitter systems,0.4489153027534485,keyword
W4390658599,Pharmacology,0.4350336194038391,keyword
W4390658599,Endocrinology,0.4290560185909271,keyword
W4390658599,Gene expression,0.427923321723938,keyword
W4390658599,Hippocampus,0.4261578619480133,keyword
W4390658599,Medicine,0.3955942392349243,keyword
W4390658599,Internal medicine,0.39456427097320557,keyword
W4390658599,Chemistry,0.33513450622558594,keyword
W4390658599,Biochemistry,0.3262330889701843,keyword
W4390658599,Dopamine,0.20991328358650208,keyword
W4390658599,Central nervous system,0.16301113367080688,keyword
W4390658599,Gene,0.09964630007743835,keyword
W4390658599,Neuroinflammation and Neurodegeneration Mechanisms,0.9905999898910522,topic
W4390658599,Nanoparticles: synthesis and applications,0.9869999885559082,topic
W4390658599,Heavy Metal Exposure and Toxicity,0.9796000123023987,topic
W4393255043,Wearable computer,0.8077744841575623,keyword
W4393255043,Intelligent sensor,0.5323470234870911,keyword
W4393255043,Computer science,0.5060357451438904,keyword
W4393255043,Wireless sensor network,0.49463722109794617,keyword
W4393255043,Electro-optical sensor,0.4780488610267639,keyword
W4393255043,Perception,0.44790172576904297,keyword
W4393255043,Embedded system,0.3712766766548157,keyword
W4393255043,Human–computer interaction,0.3499986231327057,keyword
W4393255043,Engineering,0.30713534355163574,keyword
W4393255043,Electrical engineering,0.2037678360939026,keyword
W4393255043,Psychology,0.1005840003490448,keyword
W4393255043,Computer network,0.07794472575187683,keyword
W4393255043,Advanced Memory and Neural Computing,0.9973999857902527,topic
W4393255043,Advanced Sensor and Energy Harvesting Materials,0.9972000122070312,topic
W4393255043,CCD and CMOS Imaging Sensors,0.9904999732971191,topic
W3205284361,Graphene,0.8224058151245117,keyword
W3205284361,Electrode,0.7782624959945679,keyword
W3205284361,Materials science,0.7432664632797241,keyword
W3205284361,Limiting,0.6381161212921143,keyword
W3205284361,Flexibility (engineering),0.5634729862213135,keyword
W3205284361,Neural activity,0.5388073921203613,keyword
W3205284361,Nanotechnology,0.5352006554603577,keyword
W3205284361,Nanomaterials,0.5171734690666199,keyword
W3205284361,Biocompatibility,0.48562660813331604,keyword
W3205284361,Computer science,0.3814789950847626,keyword
W3205284361,Biomedical engineering,0.362307071685791,keyword
W3205284361,Neuroscience,0.22834888100624084,keyword
W3205284361,Chemistry,0.11320528388023376,keyword
W3205284361,Engineering,0.09341457486152649,keyword
W3205284361,Mechanical engineering,0.08969596028327942,keyword
W3205284361,Neuroscience and Neural Engineering,0.9998999834060669,topic
W3205284361,Electrochemical sensors and biosensors,0.9975000023841858,topic
W3205284361,Graphene and Nanomaterials Applications,0.9944999814033508,topic
W3208695700,Condensed matter physics,0.7131462693214417,keyword
W3208695700,Nucleation,0.6858130097389221,keyword
W3208695700,Metal–insulator transition,0.6401544213294983,keyword
W3208695700,Non-blocking I/O,0.5581844449043274,keyword
W3208695700,Electrical resistivity and conductivity,0.5434752106666565,keyword
W3208695700,Materials science,0.5239341855049133,keyword
W3208695700,Phase transition,0.4540189504623413,keyword
W3208695700,Rare earth,0.45191603899002075,keyword
W3208695700,Metal,0.4474513530731201,keyword
W3208695700,Insulator (electricity),0.44322314858436584,keyword
W3208695700,Physics,0.36233988404273987,keyword
W3208695700,Chemistry,0.15695908665657043,keyword
W3208695700,Optoelectronics,0.11481785774230957,keyword
W3208695700,Metallurgy,0.06714046001434326,keyword
W3208695700,Thermodynamics,0.06001123785972595,keyword
W3208695700,Quantum mechanics,0.050036847591400146,keyword
W3208695700,Magnetic and transport properties of perovskites and related materials,0.9998999834060669,topic
W3208695700,Advanced Condensed Matter Physics,0.9993000030517578,topic
W3208695700,Transition Metal Oxide Nanomaterials,0.9990000128746033,topic
W4394200800,Squid,0.8935501575469971,keyword
W4394200800,Josephson effect,0.7414157390594482,keyword
W4394200800,Magnetic flux,0.6277760863304138,keyword
W4394200800,Physics,0.5438308715820312,keyword
W4394200800,Superconductivity,0.5271009206771851,keyword
W4394200800,Computer science,0.45735564827919006,keyword
W4394200800,Electronic circuit,0.4430614709854126,keyword
W4394200800,Bursting,0.4273334741592407,keyword
W4394200800,Circuit design,0.4171532392501831,keyword
W4394200800,Biological system,0.323236346244812,keyword
W4394200800,Magnetic field,0.26498645544052124,keyword
W4394200800,Condensed matter physics,0.22329238057136536,keyword
W4394200800,Neuroscience,0.14108169078826904,keyword
W4394200800,Quantum mechanics,0.12587952613830566,keyword
W4394200800,Embedded system,0.08759209513664246,keyword
W4394200800,Advanced Memory and Neural Computing,0.9998999834060669,topic
W4394200800,Neural Networks and Reservoir Computing,0.9994000196456909,topic
W4394200800,stochastic dynamics and bifurcation,0.9966999888420105,topic
W4386250511,Neuromorphic engineering,0.9508883953094482,keyword
W4386250511,Memristor,0.8499718904495239,keyword
W4386250511,Materials science,0.684464693069458,keyword
W4386250511,Synaptic weight,0.6102774739265442,keyword
W4386250511,Context (archaeology),0.6036779284477234,keyword
W4386250511,Optoelectronics,0.4998311996459961,keyword
W4386250511,Resistive random-access memory,0.47550541162490845,keyword
W4386250511,Long-term potentiation,0.472564160823822,keyword
W4386250511,Dielectric,0.4545019567012787,keyword
W4386250511,Computer science,0.4487360119819641,keyword
W4386250511,Nanotechnology,0.44590675830841064,keyword
W4386250511,Oxide,0.42913591861724854,keyword
W4386250511,Voltage,0.2913767099380493,keyword
W4386250511,Electronic engineering,0.26190829277038574,keyword
W4386250511,Electrical engineering,0.23957949876785278,keyword
W4386250511,Artificial intelligence,0.18730813264846802,keyword
W4386250511,Engineering,0.13308754563331604,keyword
W4386250511,Chemistry,0.13082441687583923,keyword
W4386250511,Artificial neural network,0.11929616332054138,keyword
W4386250511,Advanced Memory and Neural Computing,1.0,topic
W4386250511,Neuroscience and Neural Engineering,0.9975000023841858,topic
W4386250511,Ferroelectric and Negative Capacitance Devices,0.9966999888420105,topic
W3199274832,Transverse plane,0.6876510977745056,keyword
W3199274832,Materials science,0.5038604140281677,keyword
W3199274832,Insulator (electricity),0.4875156581401825,keyword
W3199274832,Condensed matter physics,0.40011924505233765,keyword
W3199274832,Optoelectronics,0.22746312618255615,keyword
W3199274832,Physics,0.20938849449157715,keyword
W3199274832,Biology,0.10124200582504272,keyword
W3199274832,Anatomy,0.08850526809692383,keyword
W3199274832,Advanced Memory and Neural Computing,0.9998999834060669,topic
W3199274832,Semiconductor materials and devices,0.9958999752998352,topic
W3199274832,Electrochemical Analysis and Applications,0.979200005531311,topic
W3037050695,Optoelectronics,0.5878723859786987,keyword
W3037050695,Materials science,0.472662091255188,keyword
W3037050695,Neuroscience,0.36434102058410645,keyword
W3037050695,Nanotechnology,0.3250994086265564,keyword
W3037050695,Biology,0.21900701522827148,keyword
W3037050695,Advanced Memory and Neural Computing,0.9994000196456909,topic
W3037050695,Neural Networks and Reservoir Computing,0.9986000061035156,topic
W3037050695,Photoreceptor and optogenetics research,0.991599977016449,topic
W4392565702,Bridge (graph theory),0.7840614318847656,keyword
W4392565702,Artificial neural network,0.6803056001663208,keyword
W4392565702,Computer science,0.5021641254425049,keyword
W4392565702,Artificial intelligence,0.48265010118484497,keyword
W4392565702,Physical neural network,0.4116523861885071,keyword
W4392565702,Biochemical engineering,0.37384703755378723,keyword
W4392565702,Engineering,0.3339362144470215,keyword
W4392565702,Biology,0.176263689994812,keyword
W4392565702,Types of artificial neural networks,0.17190533876419067,keyword
W4392565702,Time delay neural network,0.14258190989494324,keyword
W4392565702,Advanced Memory and Neural Computing,0.9855999946594238,topic
W4392565702,Modular Robots and Swarm Intelligence,0.945900022983551,topic
W4392565702,Parallel Computing and Optimization Techniques,0.9143999814987183,topic
W4214932015,Neuromorphic engineering,0.7950438857078552,keyword
W4214932015,Oscillation (cell signaling),0.5999505519866943,keyword
W4214932015,Neuron,0.5828235745429993,keyword
W4214932015,Silicon,0.5327423214912415,keyword
W4214932015,Voltage,0.468961626291275,keyword
W4214932015,Aperiodic graph,0.4686875641345978,keyword
W4214932015,Amplitude,0.46577781438827515,keyword
W4214932015,Energy (signal processing),0.462281733751297,keyword
W4214932015,Optoelectronics,0.4457656145095825,keyword
W4214932015,Energy consumption,0.4365122616291046,keyword
W4214932015,Computer science,0.43007442355155945,keyword
W4214932015,Physics,0.407334566116333,keyword
W4214932015,Artificial neural network,0.3747587502002716,keyword
W4214932015,Materials science,0.36499348282814026,keyword
W4214932015,Electrical engineering,0.23823454976081848,keyword
W4214932015,Neuroscience,0.2214793860912323,keyword
W4214932015,Artificial intelligence,0.15372464060783386,keyword
W4214932015,Optics,0.14911708235740662,keyword
W4214932015,Chemistry,0.09099185466766357,keyword
W4214932015,Mathematics,0.09094303846359253,keyword
W4214932015,Biology,0.07866331934928894,keyword
W4214932015,Advanced Memory and Neural Computing,1.0,topic
W4214932015,Neuroscience and Neural Engineering,0.9994999766349792,topic
W4214932015,Neural Networks and Reservoir Computing,0.9993000030517578,topic
W3121501158,NAND gate,0.8169045448303223,keyword
W3121501158,Electronic circuit,0.6768587827682495,keyword
W3121501158,Transistor,0.663520097732544,keyword
W3121501158,Logic gate,0.6530303359031677,keyword
W3121501158,Inverter,0.6384232640266418,keyword
W3121501158,NOR gate,0.5231631994247437,keyword
W3121501158,Pass transistor logic,0.5231248736381531,keyword
W3121501158,Computer science,0.5036823153495789,keyword
W3121501158,Voltage,0.46436023712158203,keyword
W3121501158,Electrical engineering,0.44818755984306335,keyword
W3121501158,AND gate,0.43424689769744873,keyword
W3121501158,OR gate,0.42516911029815674,keyword
W3121501158,NMOS logic,0.4237786829471588,keyword
W3121501158,NOR logic,0.4168161153793335,keyword
W3121501158,Base (topology),0.4145115911960602,keyword
W3121501158,Electronic engineering,0.4055328965187073,keyword
W3121501158,Engineering,0.1737968623638153,keyword
W3121501158,Mathematics,0.061096787452697754,keyword
W3121501158,Organic Electronics and Photovoltaics,0.9998000264167786,topic
W3121501158,Semiconductor materials and devices,0.9995999932289124,topic
W3121501158,Advanced Memory and Neural Computing,0.9995999932289124,topic
W4220652933,Materials science,0.80634605884552,keyword
W4220652933,Nanotechnology,0.4742273986339569,keyword
W4220652933,Nanomaterials,0.45424115657806396,keyword
W4220652933,Advanced Sensor and Energy Harvesting Materials,0.9997000098228455,topic
W4220652933,Conducting polymers and applications,0.9994000196456909,topic
W4220652933,Dielectric materials and actuators,0.994700014591217,topic
W4285185117,Neuromorphic engineering,0.7695838809013367,keyword
W4285185117,Memristor,0.6248626112937927,keyword
W4285185117,Computer science,0.6036160588264465,keyword
W4285185117,Percolation (cognitive psychology),0.5772640705108643,keyword
W4285185117,Percolation threshold,0.5530855059623718,keyword
W4285185117,Biological network,0.48116621375083923,keyword
W4285185117,Network dynamics,0.47378966212272644,keyword
W4285185117,Nanotechnology,0.4705165922641754,keyword
W4285185117,Materials science,0.39662718772888184,keyword
W4285185117,Biological system,0.37603333592414856,keyword
W4285185117,Artificial neural network,0.3619900345802307,keyword
W4285185117,Distributed computing,0.3615058660507202,keyword
W4285185117,Neuroscience,0.23291057348251343,keyword
W4285185117,Artificial intelligence,0.22323566675186157,keyword
W4285185117,Physics,0.19900012016296387,keyword
W4285185117,Engineering,0.148373544216156,keyword
W4285185117,Mathematics,0.12784123420715332,keyword
W4285185117,Electronic engineering,0.09334686398506165,keyword
W4285185117,Advanced Memory and Neural Computing,1.0,topic
W4285185117,Neural dynamics and brain function,0.9994000196456909,topic
W4285185117,Photoreceptor and optogenetics research,0.9993000030517578,topic
W4283794261,Neuromorphic engineering,0.9356234669685364,keyword
W4283794261,Memristor,0.7326452732086182,keyword
W4283794261,Computer science,0.6896963715553284,keyword
W4283794261,Von Neumann architecture,0.6730939149856567,keyword
W4283794261,Computer architecture,0.5410315990447998,keyword
W4283794261,Perception,0.5123132467269897,keyword
W4283794261,Artificial intelligence,0.47867947816848755,keyword
W4283794261,Artificial neural network,0.4562545716762543,keyword
W4283794261,Field (mathematics),0.416111558675766,keyword
W4283794261,Neuroscience,0.19494131207466125,keyword
W4283794261,Electronic engineering,0.1855069100856781,keyword
W4283794261,Engineering,0.18366321921348572,keyword
W4283794261,Psychology,0.08785146474838257,keyword
W4283794261,Advanced Memory and Neural Computing,1.0,topic
W4283794261,Photoreceptor and optogenetics research,0.9984999895095825,topic
W4283794261,Neural dynamics and brain function,0.9979000091552734,topic
W3119047025,Pesticide residue,0.6038257479667664,keyword
W3119047025,Pesticide,0.5011458396911621,keyword
W3119047025,Residue (chemistry),0.4961594045162201,keyword
W3119047025,Environmental chemistry,0.44026830792427063,keyword
W3119047025,Environmental science,0.39192718267440796,keyword
W3119047025,Biochemical engineering,0.38444554805755615,keyword
W3119047025,Chemistry,0.3636455833911896,keyword
W3119047025,Biology,0.22801044583320618,keyword
W3119047025,Engineering,0.1410728394985199,keyword
W3119047025,Agronomy,0.08752647042274475,keyword
W3119047025,Biochemistry,0.06688618659973145,keyword
W3119047025,Advanced Chemical Sensor Technologies,0.9973000288009644,topic
W3119047025,Spectroscopy and Chemometric Analyses,0.996399998664856,topic
W3119047025,Pesticide Residue Analysis and Safety,0.9929999709129333,topic
W4283814179,Resistive random-access memory,0.8744725584983826,keyword
W4283814179,Von Neumann architecture,0.6125543713569641,keyword
W4283814179,Computer science,0.5851474404335022,keyword
W4283814179,Interconnection,0.5384068489074707,keyword
W4283814179,Non-volatile memory,0.48418834805488586,keyword
W4283814179,Latency (audio),0.4554876387119293,keyword
W4283814179,Materials science,0.44261038303375244,keyword
W4283814179,Reliability (semiconductor),0.43238401412963867,keyword
W4283814179,Computer architecture,0.4044881761074066,keyword
W4283814179,Embedded system,0.34418487548828125,keyword
W4283814179,Computer hardware,0.29419004917144775,keyword
W4283814179,Electrical engineering,0.24618950486183167,keyword
W4283814179,Power (physics),0.14560016989707947,keyword
W4283814179,Operating system,0.13137418031692505,keyword
W4283814179,Voltage,0.12569835782051086,keyword
W4283814179,Telecommunications,0.11990532279014587,keyword
W4283814179,Engineering,0.11599242687225342,keyword
W4283814179,Advanced Memory and Neural Computing,1.0,topic
W4283814179,Ferroelectric and Negative Capacitance Devices,0.9991999864578247,topic
W4283814179,Neuroscience and Neural Engineering,0.9970999956130981,topic
W4400573811,Fabrication,0.7948086261749268,keyword
W4400573811,Materials science,0.7267211675643921,keyword
W4400573811,Photodetector,0.7021524310112,keyword
W4400573811,Carbon nanotube,0.7018097043037415,keyword
W4400573811,Wafer,0.6540521383285522,keyword
W4400573811,Nanotechnology,0.5792384147644043,keyword
W4400573811,Wearable computer,0.5459432601928711,keyword
W4400573811,Wearable technology,0.5359172821044922,keyword
W4400573811,Optoelectronics,0.4984450340270996,keyword
W4400573811,Scale (ratio),0.4807319641113281,keyword
W4400573811,Wafer-scale integration,0.47975313663482666,keyword
W4400573811,Computer science,0.13412997126579285,keyword
W4400573811,Physics,0.10167491436004639,keyword
W4400573811,Embedded system,0.08337873220443726,keyword
W4400573811,Nanowire Synthesis and Applications,0.9994999766349792,topic
W4400573811,Carbon Nanotubes in Composites,0.9961000084877014,topic
W4400573811,Advanced Sensor and Energy Harvesting Materials,0.9911999702453613,topic
W4313444340,Nanomaterials,0.8707067966461182,keyword
W4313444340,Nanotechnology,0.7497269511222839,keyword
W4313444340,Biomedicine,0.6769859790802002,keyword
W4313444340,Drug delivery,0.4625062346458435,keyword
W4313444340,Materials science,0.45892077684402466,keyword
W4313444340,Bioinformatics,0.09376999735832214,keyword
W4313444340,Advanced Nanomaterials in Catalysis,0.9977999925613403,topic
W4313444340,Nanoplatforms for cancer theranostics,0.0010999999940395355,topic
W4313444340,Nanocluster Synthesis and Applications,0.00019999999494757503,topic
W4407377701,Electrode,0.6135531663894653,keyword
W4407377701,Electrode array,0.5952357053756714,keyword
W4407377701,Neuroscience,0.5170189142227173,keyword
W4407377701,Intracellular,0.5160695910453796,keyword
W4407377701,Computer science,0.45174527168273926,keyword
W4407377701,Materials science,0.37605640292167664,keyword
W4407377701,Chemistry,0.309455007314682,keyword
W4407377701,Biology,0.30684947967529297,keyword
W4407377701,Cell biology,0.21502217650413513,keyword
W4407377701,Neuroscience and Neural Engineering,0.9998999834060669,topic
W4407377701,Neural dynamics and brain function,0.9994000196456909,topic
W4407377701,Advanced Memory and Neural Computing,0.9986000061035156,topic
W4324382087,Neuromorphic engineering,0.9447932243347168,keyword
W4324382087,Memristor,0.8657294511795044,keyword
W4324382087,Von Neumann architecture,0.7742440104484558,keyword
W4324382087,Computer science,0.6350613236427307,keyword
W4324382087,Resistive random-access memory,0.5672313570976257,keyword
W4324382087,Artificial neural network,0.5396333932876587,keyword
W4324382087,Electronics,0.4653307795524597,keyword
W4324382087,Unconventional computing,0.44251275062561035,keyword
W4324382087,Computer architecture,0.4238976836204529,keyword
W4324382087,Artificial intelligence,0.37972065806388855,keyword
W4324382087,Computer hardware,0.35726046562194824,keyword
W4324382087,Electronic engineering,0.28112584352493286,keyword
W4324382087,Distributed computing,0.2235546112060547,keyword
W4324382087,Electrical engineering,0.19358766078948975,keyword
W4324382087,Engineering,0.16992247104644775,keyword
W4324382087,Voltage,0.10590803623199463,keyword
W4324382087,Advanced Memory and Neural Computing,1.0,topic
W4324382087,Transition Metal Oxide Nanomaterials,0.9972000122070312,topic
W4324382087,CCD and CMOS Imaging Sensors,0.9961000084877014,topic
W4308885556,Computer science,0.8095623254776001,keyword
W4308885556,Scalability,0.6136250495910645,keyword
W4308885556,Content-addressable memory,0.529866635799408,keyword
W4308885556,Software,0.5137354135513306,keyword
W4308885556,Latency (audio),0.46022990345954895,keyword
W4308885556,Parallel computing,0.45877134799957275,keyword
W4308885556,In-Memory Processing,0.44959086179733276,keyword
W4308885556,Implementation,0.44645795226097107,keyword
W4308885556,Energy consumption,0.4362373650074005,keyword
W4308885556,Computer architecture,0.34358924627304077,keyword
W4308885556,Embedded system,0.33790749311447144,keyword
W4308885556,Computer hardware,0.33593758940696716,keyword
W4308885556,Computer engineering,0.32382890582084656,keyword
W4308885556,Artificial neural network,0.2666945457458496,keyword
W4308885556,Artificial intelligence,0.23652037978172302,keyword
W4308885556,Search engine,0.1558324694633484,keyword
W4308885556,Operating system,0.11657184362411499,keyword
W4308885556,Ferroelectric and Negative Capacitance Devices,1.0,topic
W4308885556,Advanced Memory and Neural Computing,0.9980999827384949,topic
W4308885556,Neural Networks and Reservoir Computing,0.9810000061988831,topic
W3187190315,Microvesicles,0.9569706320762634,keyword
W3187190315,Cerebrospinal fluid,0.7107510566711426,keyword
W3187190315,Central nervous system,0.6840802431106567,keyword
W3187190315,Parenchyma,0.6637653708457947,keyword
W3187190315,microRNA,0.6376794576644897,keyword
W3187190315,Biomarker,0.6204453110694885,keyword
W3187190315,Blood–brain barrier,0.5064901113510132,keyword
W3187190315,Liquid biopsy,0.45510944724082947,keyword
W3187190315,Medicine,0.4218071699142456,keyword
W3187190315,Pathology,0.4215157926082611,keyword
W3187190315,Cancer research,0.33902254700660706,keyword
W3187190315,Biology,0.3316870927810669,keyword
W3187190315,Neuroscience,0.31489700078964233,keyword
W3187190315,Internal medicine,0.1633557677268982,keyword
W3187190315,Biochemistry,0.12873560190200806,keyword
W3187190315,Gene,0.1018037497997284,keyword
W3187190315,Cancer,0.09079471230506897,keyword
W3187190315,Extracellular vesicles in disease,1.0,topic
W3187190315,MicroRNA in disease regulation,0.9969000220298767,topic
W3187190315,Circular RNAs in diseases,0.9936000108718872,topic
W3177718934,Memristor,0.9255821704864502,keyword
W3177718934,Crossbar switch,0.7241608500480652,keyword
W3177718934,Fabrication,0.6899595856666565,keyword
W3177718934,Resistive random-access memory,0.6417034864425659,keyword
W3177718934,Computer science,0.5589761734008789,keyword
W3177718934,Memistor,0.521268904209137,keyword
W3177718934,Electronic engineering,0.36737534403800964,keyword
W3177718934,Electrical engineering,0.340578556060791,keyword
W3177718934,Materials science,0.33243632316589355,keyword
W3177718934,Nanotechnology,0.3219236433506012,keyword
W3177718934,Voltage,0.22949540615081787,keyword
W3177718934,Telecommunications,0.16600874066352844,keyword
W3177718934,Engineering,0.16569975018501282,keyword
W3177718934,Advanced Memory and Neural Computing,1.0,topic
W3177718934,Neuroscience and Neural Engineering,0.9984999895095825,topic
W3177718934,Ferroelectric and Negative Capacitance Devices,0.9976000189781189,topic
W4311511282,Emissivity,0.8536016345024109,keyword
W4311511282,Materials science,0.6379625797271729,keyword
W4311511282,Optoelectronics,0.5383672714233398,keyword
W4311511282,Black-body radiation,0.5309939384460449,keyword
W4311511282,Low emissivity,0.4918070137500763,keyword
W4311511282,Spacecraft,0.4879419207572937,keyword
W4311511282,Semiconductor,0.4801011383533478,keyword
W4311511282,Phase transition,0.45474573969841003,keyword
W4311511282,Optics,0.41831886768341064,keyword
W4311511282,Engineering physics,0.3803410530090332,keyword
W4311511282,Aerospace engineering,0.21650293469429016,keyword
W4311511282,Physics,0.15999016165733337,keyword
W4311511282,Thermodynamics,0.15490970015525818,keyword
W4311511282,Engineering,0.1046241819858551,keyword
W4311511282,Transition Metal Oxide Nanomaterials,1.0,topic
W4311511282,Gas Sensing Nanomaterials and Sensors,0.9945999979972839,topic
W4311511282,Ga2O3 and related materials,0.9937000274658203,topic
W4407624421,Chemistry,0.921035647392273,keyword
W4407624421,Nanotechnology,0.5073553919792175,keyword
W4407624421,Electrochemistry,0.420958936214447,keyword
W4407624421,Electrode,0.06263729929924011,keyword
W4407624421,Advanced Memory and Neural Computing,1.0,topic
W4407624421,Transition Metal Oxide Nanomaterials,0.9995999932289124,topic
W4407624421,Conducting polymers and applications,0.9966999888420105,topic
W4387572073,Reservoir computing,0.8965311646461487,keyword
W4387572073,Neuromorphic engineering,0.7348721623420715,keyword
W4387572073,Transistor,0.6136087775230408,keyword
W4387572073,Computer science,0.5626944899559021,keyword
W4387572073,Artificial neural network,0.47247692942619324,keyword
W4387572073,Materials science,0.42735356092453003,keyword
W4387572073,Optoelectronics,0.4225023090839386,keyword
W4387572073,Electronic engineering,0.3632590174674988,keyword
W4387572073,Voltage,0.3377389907836914,keyword
W4387572073,Artificial intelligence,0.31414711475372314,keyword
W4387572073,Electrical engineering,0.2844589352607727,keyword
W4387572073,Recurrent neural network,0.2313929796218872,keyword
W4387572073,Engineering,0.19533148407936096,keyword
W4387572073,Neural Networks and Reservoir Computing,1.0,topic
W4387572073,Advanced Memory and Neural Computing,0.9998999834060669,topic
W4387572073,Neural dynamics and brain function,0.9951000213623047,topic
W4399804653,Gating,0.5641432404518127,keyword
W4399804653,Petroleum engineering,0.4497216045856476,keyword
W4399804653,Geology,0.40191909670829773,keyword
W4399804653,Computer science,0.3564932942390442,keyword
W4399804653,Neuroscience,0.0996975302696228,keyword
W4399804653,Biology,0.06996291875839233,keyword
W4399804653,Neural Networks and Reservoir Computing,0.9998999834060669,topic
W4399804653,Advanced Memory and Neural Computing,0.980400025844574,topic
W4399804653,Optical Network Technologies,0.947700023651123,topic
W4394646835,Biomaterial,0.5930687189102173,keyword
W4394646835,Neuroinflammation,0.5120249390602112,keyword
W4394646835,Neuroscience,0.43534794449806213,keyword
W4394646835,Engineering,0.27650049328804016,keyword
W4394646835,Medicine,0.27529239654541016,keyword
W4394646835,Biology,0.20249909162521362,keyword
W4394646835,Immunology,0.2018212080001831,keyword
W4394646835,Inflammation,0.17128565907478333,keyword
W4394646835,Biomedical engineering,0.14881578087806702,keyword
W4394646835,Neuroinflammation and Neurodegeneration Mechanisms,0.9990000128746033,topic
W4394646835,Anesthesia and Neurotoxicity Research,0.9973000288009644,topic
W4394646835,Supramolecular Self-Assembly in Materials,0.9901000261306763,topic
W3209129796,Transient receptor potential channel,0.7194201946258545,keyword
W3209129796,Cell biology,0.70857834815979,keyword
W3209129796,Astrocyte,0.5314684510231018,keyword
W3209129796,Chemistry,0.48082292079925537,keyword
W3209129796,Ion channel,0.4754179120063782,keyword
W3209129796,Aquaporin 4,0.43486952781677246,keyword
W3209129796,Patch clamp,0.427522748708725,keyword
W3209129796,Membrane potential,0.42642679810523987,keyword
W3209129796,Biology,0.39273253083229065,keyword
W3209129796,Neuroscience,0.3918885886669159,keyword
W3209129796,Electrophysiology,0.28968125581741333,keyword
W3209129796,Receptor,0.2390608787536621,keyword
W3209129796,Biochemistry,0.178209125995636,keyword
W3209129796,Central nervous system,0.14315646886825562,keyword
W3209129796,Ion Channels and Receptors,0.8752999901771545,topic
W3209129796,Ion Transport and Channel Regulation,0.027000000700354576,topic
W3209129796,Ion channel regulation and function,0.01769999973475933,topic
W3159382277,Computer science,0.8256626129150391,keyword
W3159382277,Convolutional neural network,0.683516263961792,keyword
W3159382277,Deep learning,0.6334376931190491,keyword
W3159382277,Artificial intelligence,0.627620279788971,keyword
W3159382277,Pixel,0.5343883037567139,keyword
W3159382277,Optical computing,0.4805108308792114,keyword
W3159382277,Tera-,0.4769136607646942,keyword
W3159382277,Artificial neural network,0.4711419641971588,keyword
W3159382277,Bottleneck,0.47012412548065186,keyword
W3159382277,Scalability,0.4392138421535492,keyword
W3159382277,Field-programmable gate array,0.414273202419281,keyword
W3159382277,FLOPS,0.413544237613678,keyword
W3159382277,Pattern recognition (psychology),0.3704606890678406,keyword
W3159382277,Computer vision,0.36907944083213806,keyword
W3159382277,Computer hardware,0.350861132144928,keyword
W3159382277,Parallel computing,0.17190125584602356,keyword
W3159382277,Electronic engineering,0.15839871764183044,keyword
W3159382277,Embedded system,0.14866146445274353,keyword
W3159382277,Neural Networks and Reservoir Computing,0.9998000264167786,topic
W3159382277,Photonic and Optical Devices,0.9973999857902527,topic
W3159382277,Optical Network Technologies,0.9908999800682068,topic
W4283742534,Polyacrylonitrile,0.8791505098342896,keyword
W4283742534,Filtration (mathematics),0.759942889213562,keyword
W4283742534,Membrane,0.7489539980888367,keyword
W4283742534,Materials science,0.7220523953437805,keyword
W4283742534,Electrospinning,0.6918990015983582,keyword
W4283742534,Microfiltration,0.6366483569145203,keyword
W4283742534,Nanofiber,0.557058572769165,keyword
W4283742534,Air filter,0.5379723906517029,keyword
W4283742534,Silver nanoparticle,0.5288820266723633,keyword
W4283742534,Porosity,0.4808383882045746,keyword
W4283742534,Pressure drop,0.46149003505706787,keyword
W4283742534,Composite material,0.4397943615913391,keyword
W4283742534,Fabrication,0.43278735876083374,keyword
W4283742534,Chemical engineering,0.42310088872909546,keyword
W4283742534,Polymer,0.3464964032173157,keyword
W4283742534,Nanoparticle,0.3276819586753845,keyword
W4283742534,Nanotechnology,0.3033260107040405,keyword
W4283742534,Chemistry,0.20480573177337646,keyword
W4283742534,Electrospun Nanofibers in Biomedical Applications,0.9998999834060669,topic
W4283742534,Advanced Sensor and Energy Harvesting Materials,0.9919000267982483,topic
W4283742534,Membrane Separation Technologies,0.9607999920845032,topic
W4414199955,Neuromorphic engineering,0.9271000027656555,keyword
W4414199955,Transistor,0.5041999816894531,keyword
W4414199955,Field (mathematics),0.4408000111579895,keyword
W4414199955,Von Neumann architecture,0.41769999265670776,keyword
W4414199955,Adaptability,0.4036000072956085,keyword
W4414199955,Scalability,0.3921999931335449,keyword
W4414199955,Key (lock),0.3921000063419342,keyword
W4414199955,Fabrication,0.3896999955177307,keyword
W4414199955,Position (finance),0.3587999939918518,keyword
W4414199955,Advanced Memory and Neural Computing,1.0,topic
W4414199955,Conducting polymers and applications,0.9998000264167786,topic
W4414199955,Perovskite Materials and Applications,0.9991000294685364,topic
W3134483450,Nanotechnology,0.5107159614562988,keyword
W3134483450,Computer science,0.5079949498176575,keyword
W3134483450,SIGNAL (programming language),0.4271654486656189,keyword
W3134483450,Biological system,0.3926715850830078,keyword
W3134483450,Biology,0.32826000452041626,keyword
W3134483450,Materials science,0.20728617906570435,keyword
W3134483450,Photoreceptor and optogenetics research,0.9998999834060669,topic
W3134483450,Neuroscience and Neural Engineering,0.9997000098228455,topic
W3134483450,Neural dynamics and brain function,0.9976999759674072,topic
W4212792509,Optogenetics,0.6720282435417175,keyword
W4212792509,Electrophysiology,0.6055346131324768,keyword
W4212792509,Biology,0.5417026877403259,keyword
W4212792509,Human brain,0.5314285755157471,keyword
W4212792509,In vitro,0.5124192833900452,keyword
W4212792509,Extracellular matrix,0.5076173543930054,keyword
W4212792509,Neuroscience,0.4987614154815674,keyword
W4212792509,Reprogramming,0.48572808504104614,keyword
W4212792509,Biophysics,0.4240022301673889,keyword
W4212792509,Cell biology,0.41487154364585876,keyword
W4212792509,Coating,0.41229790449142456,keyword
W4212792509,Biomedical engineering,0.369388610124588,keyword
W4212792509,Materials science,0.36132118105888367,keyword
W4212792509,Nanotechnology,0.34484192728996277,keyword
W4212792509,Biochemistry,0.21782198548316956,keyword
W4212792509,Medicine,0.12998422980308533,keyword
W4212792509,Cell,0.09981966018676758,keyword
W4212792509,Neuroscience and Neural Engineering,0.9998000264167786,topic
W4212792509,3D Printing in Biomedical Research,0.9965999722480774,topic
W4212792509,Photoreceptor and optogenetics research,0.9934999942779541,topic
W4324304851,Neuromorphic engineering,0.9653224945068359,keyword
W4324304851,Materials science,0.6453783512115479,keyword
W4324304851,Diode,0.568320095539093,keyword
W4324304851,Laplace pressure,0.5229911804199219,keyword
W4324304851,Domain wall (magnetism),0.506001889705658,keyword
W4324304851,Laplace transform,0.4937983453273773,keyword
W4324304851,Energy (signal processing),0.4721004366874695,keyword
W4324304851,Realization (probability),0.450755774974823,keyword
W4324304851,Domain (mathematical analysis),0.43928009271621704,keyword
W4324304851,Torque,0.4347711205482483,keyword
W4324304851,Optoelectronics,0.38859808444976807,keyword
W4324304851,Computer science,0.3707142770290375,keyword
W4324304851,Artificial neural network,0.340715229511261,keyword
W4324304851,Physics,0.2000945806503296,keyword
W4324304851,Magnetic field,0.1798953413963318,keyword
W4324304851,Artificial intelligence,0.14977774024009705,keyword
W4324304851,Advanced Memory and Neural Computing,0.9998999834060669,topic
W4324304851,Ferroelectric and Negative Capacitance Devices,0.9993000030517578,topic
W4324304851,Magnetic properties of thin films,0.9954000115394592,topic
W4318049701,Nanophotonics,0.8685873746871948,keyword
W4318049701,Electrochromism,0.8070074319839478,keyword
W4318049701,Nanomaterials,0.6495898962020874,keyword
W4318049701,Materials science,0.6343818306922913,keyword
W4318049701,Nanotechnology,0.6317642331123352,keyword
W4318049701,Electrochromic devices,0.4832402169704437,keyword
W4318049701,Plasmon,0.44569918513298035,keyword
W4318049701,Optoelectronics,0.43501508235931396,keyword
W4318049701,Chemistry,0.11450880765914917,keyword
W4318049701,Electrode,0.07562926411628723,keyword
W4318049701,Transition Metal Oxide Nanomaterials,0.9998999834060669,topic
W4318049701,Conducting polymers and applications,0.9970999956130981,topic
W4318049701,Gas Sensing Nanomaterials and Sensors,0.9962999820709229,topic
W4280627324,Electrophysiology,0.5720525979995728,keyword
W4280627324,Materials science,0.5591757893562317,keyword
W4280627324,Barium titanate,0.47656014561653137,keyword
W4280627324,Computer science,0.4621482789516449,keyword
W4280627324,Neuroscience,0.3909115195274353,keyword
W4280627324,Biomedical engineering,0.36609429121017456,keyword
W4280627324,Nanotechnology,0.35577815771102905,keyword
W4280627324,Optoelectronics,0.1500760018825531,keyword
W4280627324,Medicine,0.1359473466873169,keyword
W4280627324,Dielectric,0.11953362822532654,keyword
W4280627324,Biology,0.08783721923828125,keyword
W4280627324,Multiferroics and related materials,0.9994000196456909,topic
W4280627324,Magnetic and transport properties of perovskites and related materials,0.9954000115394592,topic
W4280627324,Characterization and Applications of Magnetic Nanoparticles,0.9950000047683716,topic
W4289530190,Materials science,0.759863555431366,keyword
W4289530190,Optoelectronics,0.7478926181793213,keyword
W4289530190,Perovskite (structure),0.668441653251648,keyword
W4289530190,Electrical conductor,0.585020124912262,keyword
W4289530190,Electric field,0.5047692060470581,keyword
W4289530190,Ionic bonding,0.5031508803367615,keyword
W4289530190,Resistive touchscreen,0.4536249041557312,keyword
W4289530190,Crystallite,0.43036291003227234,keyword
W4289530190,Electrical engineering,0.13831272721290588,keyword
W4289530190,Chemistry,0.1160002052783966,keyword
W4289530190,Ion,0.10481524467468262,keyword
W4289530190,Composite material,0.07229912281036377,keyword
W4289530190,Perovskite Materials and Applications,1.0,topic
W4289530190,Advanced Memory and Neural Computing,0.9997000098228455,topic
W4289530190,Transition Metal Oxide Nanomaterials,0.9952999949455261,topic
W3135054414,Convergence (economics),0.5866304039955139,keyword
W3135054414,Transistor,0.5523545742034912,keyword
W3135054414,Computer science,0.5257424116134644,keyword
W3135054414,Poisson's equation,0.5021238327026367,keyword
W3135054414,Electronic engineering,0.45783284306526184,keyword
W3135054414,Field-effect transistor,0.4418811500072479,keyword
W3135054414,Field (mathematics),0.4262266755104065,keyword
W3135054414,Channel (broadcasting),0.42098522186279297,keyword
W3135054414,Topology (electrical circuits),0.38795387744903564,keyword
W3135054414,Physics,0.3392837643623352,keyword
W3135054414,Electrical engineering,0.2576691210269928,keyword
W3135054414,Mathematics,0.23980942368507385,keyword
W3135054414,Quantum mechanics,0.18976494669914246,keyword
W3135054414,Engineering,0.1474941074848175,keyword
W3135054414,Voltage,0.1033867597579956,keyword
W3135054414,Telecommunications,0.09328275918960571,keyword
W3135054414,Pure mathematics,0.07183980941772461,keyword
W3135054414,Advancements in Semiconductor Devices and Circuit Design,1.0,topic
W3135054414,Semiconductor materials and devices,0.9998999834060669,topic
W3135054414,Semiconductor Quantum Structures and Devices,0.9988999962806702,topic
W4226210584,Saturable absorption,0.8055106401443481,keyword
W4226210584,Materials science,0.7206703424453735,keyword
W4226210584,Photonics,0.6119924187660217,keyword
W4226210584,Graphene,0.6104781627655029,keyword
W4226210584,Optoelectronics,0.5721443891525269,keyword
W4226210584,Plasmon,0.5610551238059998,keyword
W4226210584,Neuromorphic engineering,0.5592585206031799,keyword
W4226210584,Surface plasmon polariton,0.550438404083252,keyword
W4226210584,Modulation (music),0.47387099266052246,keyword
W4226210584,Optics,0.44659677147865295,keyword
W4226210584,Wavelength,0.42833101749420166,keyword
W4226210584,Optical modulator,0.4156285226345062,keyword
W4226210584,Surface plasmon,0.35292407870292664,keyword
W4226210584,Nanotechnology,0.2328827977180481,keyword
W4226210584,Phase modulation,0.1970440149307251,keyword
W4226210584,Computer science,0.16409504413604736,keyword
W4226210584,Physics,0.15162056684494019,keyword
W4226210584,Acoustics,0.07396727800369263,keyword
W4226210584,Photonic and Optical Devices,0.9998999834060669,topic
W4226210584,Advanced Fiber Laser Technologies,0.9995999932289124,topic
W4226210584,Neural Networks and Reservoir Computing,0.9991999864578247,topic
W3125141810,Graphene,0.7932833433151245,keyword
W3125141810,Wetting,0.6723884344100952,keyword
W3125141810,Materials science,0.6351528167724609,keyword
W3125141810,Nanotechnology,0.6316859722137451,keyword
W3125141810,Coating,0.5722669363021851,keyword
W3125141810,Boron nitride,0.5448446869850159,keyword
W3125141810,Crystallinity,0.5445303320884705,keyword
W3125141810,Hexagonal crystal system,0.4886987507343292,keyword
W3125141810,Chemistry,0.20999082922935486,keyword
W3125141810,Composite material,0.13659444451332092,keyword
W3125141810,Crystallography,0.08116161823272705,keyword
W3125141810,Graphene and Nanomaterials Applications,1.0,topic
W3125141810,MXene and MAX Phase Materials,0.9854999780654907,topic
W3125141810,Graphene research and applications,0.9825999736785889,topic
W4210834010,Aptamer,0.989205539226532,keyword
W4210834010,Disease,0.5555555820465088,keyword
W4210834010,Biomarker,0.49941468238830566,keyword
W4210834010,Computational biology,0.4247055649757385,keyword
W4210834010,Neuroscience,0.3802509009838104,keyword
W4210834010,Computer science,0.32727470993995667,keyword
W4210834010,Biology,0.3256068229675293,keyword
W4210834010,Medicine,0.3182221055030823,keyword
W4210834010,Pathology,0.12356823682785034,keyword
W4210834010,Molecular biology,0.08680221438407898,keyword
W4210834010,Advanced biosensing and bioanalysis techniques,0.9995999932289124,topic
W4210834010,Alzheimer's disease research and treatments,0.9991000294685364,topic
W4210834010,Nanocluster Synthesis and Applications,0.9878000020980835,topic
W4409908892,Artifact (error),0.7423211932182312,keyword
W4409908892,Electrophysiology,0.6637108325958252,keyword
W4409908892,Noise (video),0.5526309609413147,keyword
W4409908892,Materials science,0.42907634377479553,keyword
W4409908892,Computer science,0.34237033128738403,keyword
W4409908892,Neuroscience,0.27345559000968933,keyword
W4409908892,Artificial intelligence,0.15656185150146484,keyword
W4409908892,Psychology,0.0901917815208435,keyword
W4409908892,Neuroscience and Neural Engineering,0.9991000294685364,topic
W4409908892,Force Microscopy Techniques and Applications,0.9973999857902527,topic
W4409908892,Analytical Chemistry and Sensors,0.9962999820709229,topic
W4412652541,Neuromorphic engineering,0.8659696578979492,keyword
W4412652541,Memristor,0.6335697174072266,keyword
W4412652541,Computer science,0.548860490322113,keyword
W4412652541,Zinc,0.5021240711212158,keyword
W4412652541,Computer architecture,0.45140326023101807,keyword
W4412652541,Phosphorus,0.4468461573123932,keyword
W4412652541,Materials science,0.4068640470504761,keyword
W4412652541,Nanotechnology,0.3747102618217468,keyword
W4412652541,Electronic engineering,0.21724185347557068,keyword
W4412652541,Artificial neural network,0.13589435815811157,keyword
W4412652541,Engineering,0.1317225992679596,keyword
W4412652541,Artificial intelligence,0.11376115679740906,keyword
W4412652541,Metallurgy,0.07409986853599548,keyword
W4412652541,Advanced Memory and Neural Computing,1.0,topic
W4412652541,Neural Networks and Reservoir Computing,0.9994000196456909,topic
W4412652541,Photoreceptor and optogenetics research,0.9921000003814697,topic
W3191010062,Computer science,0.34087592363357544,keyword
W3191010062,3D Printing in Biomedical Research,0.9986000061035156,topic
W3191010062,Graphene and Nanomaterials Applications,0.9986000061035156,topic
W3191010062,Electrospun Nanofibers in Biomedical Applications,0.9973000288009644,topic
W4295572789,Point-of-care testing,0.7185961008071899,keyword
W4295572789,Point of care,0.5747455954551697,keyword
W4295572789,Medical laboratory,0.48887795209884644,keyword
W4295572789,Chemistry,0.4050060510635376,keyword
W4295572789,Medicine,0.3738030791282654,keyword
W4295572789,Immunology,0.23233413696289062,keyword
W4295572789,Pathology,0.2119658887386322,keyword
W4295572789,SARS-CoV-2 detection and testing,0.9952999949455261,topic
W4295572789,Biosensors and Analytical Detection,0.9947999715805054,topic
W4295572789,Electrochemical Analysis and Applications,0.9947999715805054,topic
W4391160745,Plasmon,0.7840512990951538,keyword
W4391160745,Transient (computer programming),0.7000814080238342,keyword
W4391160745,Semiconductor,0.6241074204444885,keyword
W4391160745,Physics,0.47148844599723816,keyword
W4391160745,Condensed matter physics,0.38293617963790894,keyword
W4391160745,Materials science,0.3617354929447174,keyword
W4391160745,Optoelectronics,0.33387577533721924,keyword
W4391160745,Computer science,0.2279793918132782,keyword
W4391160745,Plasmonic and Surface Plasmon Research,1.0,topic
W4391160745,Gold and Silver Nanoparticles Synthesis and Applications,0.9990000128746033,topic
W4391160745,Graphene research and applications,0.996999979019165,topic
W4390031319,Current (fluid),0.7028591632843018,keyword
W4390031319,Neuroscience,0.4912204146385193,keyword
W4390031319,Computer science,0.3551561236381531,keyword
W4390031319,Engineering,0.2681005597114563,keyword
W4390031319,Biology,0.22147497534751892,keyword
W4390031319,Electrical engineering,0.040606796741485596,keyword
W4390031319,Bone Tissue Engineering Materials,0.9958999752998352,topic
W4390031319,Tissue Engineering and Regenerative Medicine,0.9943000078201294,topic
W4390031319,3D Printing in Biomedical Research,0.9854000210762024,topic
W3147310387,Medicine,0.8319891095161438,keyword
W3147310387,Spinal cord injury,0.7552459836006165,keyword
W3147310387,Pathophysiology,0.7083426117897034,keyword
W3147310387,Spinal cord,0.40973252058029175,keyword
W3147310387,Bioinformatics,0.3683759570121765,keyword
W3147310387,Neuroscience,0.3234867453575134,keyword
W3147310387,Pathology,0.2059403359889984,keyword
W3147310387,Biology,0.08502405881881714,keyword
W3147310387,Psychiatry,0.060288578271865845,keyword
W3147310387,Spinal Cord Injury Research,0.9998000264167786,topic
W3147310387,Spinal Hematomas and Complications,0.9858999848365784,topic
W3147310387,Neurogenetic and Muscular Disorders Research,0.9679999947547913,topic
W3209475533,Flexibility (engineering),0.6650660634040833,keyword
W3209475533,Neuromorphic engineering,0.5758990049362183,keyword
W3209475533,Non-volatile memory,0.5650802850723267,keyword
W3209475533,Memristor,0.5504010915756226,keyword
W3209475533,Electronics,0.5385850667953491,keyword
W3209475533,Nanotechnology,0.5103904604911804,keyword
W3209475533,Computer science,0.5100703835487366,keyword
W3209475533,Semiconductor memory,0.49781036376953125,keyword
W3209475533,Non-volatile random-access memory,0.49024301767349243,keyword
W3209475533,Polymer,0.4777459502220154,keyword
W3209475533,Materials science,0.46489208936691284,keyword
W3209475533,Resistive random-access memory,0.46236518025398254,keyword
W3209475533,Memory refresh,0.41808193922042847,keyword
W3209475533,Computer memory,0.38031700253486633,keyword
W3209475533,Electrical engineering,0.30822643637657166,keyword
W3209475533,Computer hardware,0.17812129855155945,keyword
W3209475533,Engineering,0.1432809829711914,keyword
W3209475533,Voltage,0.11431512236595154,keyword
W3209475533,Artificial intelligence,0.0716448426246643,keyword
W3209475533,Advanced Memory and Neural Computing,1.0,topic
W3209475533,Conducting polymers and applications,0.9994999766349792,topic
W3209475533,Perovskite Materials and Applications,0.9962000250816345,topic
W4319782893,Photodetector,0.6372164487838745,keyword
W4319782893,Ultraviolet,0.614150881767273,keyword
W4319782893,Responsivity,0.583160936832428,keyword
W4319782893,Materials science,0.45820191502571106,keyword
W4319782893,Nanowire,0.43775850534439087,keyword
W4319782893,Optoelectronics,0.4013633131980896,keyword
W4319782893,Computer science,0.38112059235572815,keyword
W4319782893,Nanotechnology,0.37316328287124634,keyword
W4319782893,Advanced Sensor and Energy Harvesting Materials,0.9991000294685364,topic
W4319782893,Gas Sensing Nanomaterials and Sensors,0.996999979019165,topic
W4319782893,ZnO doping and properties,0.9966999888420105,topic
W4399513712,Nanotechnology,0.6415513157844543,keyword
W4399513712,Nanomaterials,0.6186729073524475,keyword
W4399513712,Bioelectronics,0.5485355854034424,keyword
W4399513712,Materials science,0.5087836384773254,keyword
W4399513712,Microelectrode,0.48391205072402954,keyword
W4399513712,Interface (matter),0.4735269546508789,keyword
W4399513712,Computer science,0.4076613187789917,keyword
W4399513712,Electrode,0.2723976969718933,keyword
W4399513712,Biosensor,0.19284972548484802,keyword
W4399513712,Chemistry,0.1720893383026123,keyword
W4399513712,Neuroscience and Neural Engineering,1.0,topic
W4399513712,Photoreceptor and optogenetics research,0.9976999759674072,topic
W4399513712,Advanced Memory and Neural Computing,0.9969000220298767,topic
W4402844820,Miniaturization,0.8475873470306396,keyword
W4402844820,Neuromorphic engineering,0.8206654787063599,keyword
W4402844820,Materials science,0.8040013313293457,keyword
W4402844820,Optoelectronics,0.7662733197212219,keyword
W4402844820,Responsivity,0.6760150790214539,keyword
W4402844820,Semiconductor,0.4932193160057068,keyword
W4402844820,Photoconductivity,0.48708653450012207,keyword
W4402844820,Photonics,0.4840790331363678,keyword
W4402844820,Photodetector,0.4156864285469055,keyword
W4402844820,Computer science,0.33367496728897095,keyword
W4402844820,Nanotechnology,0.22530671954154968,keyword
W4402844820,Artificial intelligence,0.0968141257762909,keyword
W4402844820,Artificial neural network,0.08539748191833496,keyword
W4402844820,Random lasers and scattering media,0.9997000098228455,topic
W4402844820,Advanced Memory and Neural Computing,0.9994000196456909,topic
W4402844820,Neural Networks and Reservoir Computing,0.9936000108718872,topic
W4414707458,Applications of artificial intelligence,0.6636999845504761,keyword
W4414707458,Tree traversal,0.5792999863624573,keyword
W4414707458,Edge computing,0.5601999759674072,keyword
W4414707458,Perspective (graphical),0.5464000105857849,keyword
W4414707458,Data processing,0.47209998965263367,keyword
W4414707458,Enhanced Data Rates for GSM Evolution,0.4505999982357025,keyword
W4414707458,Big data,0.4424000084400177,keyword
W4414707458,"Artificial intelligence, situated approach",0.4047999978065491,keyword
W4414707458,Advanced Memory and Neural Computing,1.0,topic
W4414707458,Ferroelectric and Negative Capacitance Devices,0.9976999759674072,topic
W4414707458,Neural Networks and Reservoir Computing,0.9950000047683716,topic
W4377982991,Dementia,0.6733592748641968,keyword
W4377982991,Disease,0.6666078567504883,keyword
W4377982991,Alzheimer's disease,0.5285904407501221,keyword
W4377982991,Neuroscience,0.5124223828315735,keyword
W4377982991,Cognitive impairment,0.46085304021835327,keyword
W4377982991,Presentation (obstetrics),0.4113066792488098,keyword
W4377982991,Medicine,0.3838519752025604,keyword
W4377982991,Intensive care medicine,0.3497365713119507,keyword
W4377982991,Psychology,0.2092307209968567,keyword
W4377982991,Pathology,0.14361879229545593,keyword
W4377982991,Alzheimer's disease research and treatments,0.9995999932289124,topic
W4377982991,Nanocluster Synthesis and Applications,0.9972000122070312,topic
W4377982991,Cholinesterase and Neurodegenerative Diseases,0.9775000214576721,topic
W4313420888,Materials science,0.7736055850982666,keyword
W4313420888,Spiking neural network,0.6487845182418823,keyword
W4313420888,Phase-change memory,0.6154047846794128,keyword
W4313420888,Artificial neural network,0.5725827217102051,keyword
W4313420888,Homogeneous,0.4978361129760742,keyword
W4313420888,Electronic circuit,0.45572322607040405,keyword
W4313420888,Drop (telecommunication),0.417741596698761,keyword
W4313420888,Phase (matter),0.41551363468170166,keyword
W4313420888,Optoelectronics,0.3939465880393982,keyword
W4313420888,Biological system,0.33895012736320496,keyword
W4313420888,Computer science,0.31780266761779785,keyword
W4313420888,Nanotechnology,0.30285823345184326,keyword
W4313420888,Electrical engineering,0.19686588644981384,keyword
W4313420888,Artificial intelligence,0.19325605034828186,keyword
W4313420888,Statistical physics,0.09068301320075989,keyword
W4313420888,Physics,0.08900222182273865,keyword
W4313420888,Advanced Memory and Neural Computing,1.0,topic
W4313420888,Phase-change materials and chalcogenides,0.9993000030517578,topic
W4313420888,Transition Metal Oxide Nanomaterials,0.994700014591217,topic
W4384283069,Synchronization (alternating current),0.7254946231842041,keyword
W4384283069,Coherence (philosophical gambling strategy),0.5995281934738159,keyword
W4384283069,Spintronics,0.5604882836341858,keyword
W4384283069,SIGNAL (programming language),0.5601135492324829,keyword
W4384283069,Power (physics),0.5200590491294861,keyword
W4384283069,Spin (aerodynamics),0.46611669659614563,keyword
W4384283069,Quality (philosophy),0.43012818694114685,keyword
W4384283069,Condensed matter physics,0.39155247807502747,keyword
W4384283069,Electrical engineering,0.36001497507095337,keyword
W4384283069,Physics,0.34496819972991943,keyword
W4384283069,Materials science,0.33096790313720703,keyword
W4384283069,Computer science,0.2897752523422241,keyword
W4384283069,Topology (electrical circuits),0.28159794211387634,keyword
W4384283069,Engineering,0.13671976327896118,keyword
W4384283069,Ferromagnetism,0.13453763723373413,keyword
W4384283069,Quantum mechanics,0.11877912282943726,keyword
W4384283069,Magnetic properties of thin films,1.0,topic
W4384283069,Advanced Memory and Neural Computing,0.9975000023841858,topic
W4384283069,Neural Networks and Reservoir Computing,0.9966999888420105,topic
W4407150872,Nanopore,0.7238789796829224,keyword
W4407150872,Voltage,0.5341289043426514,keyword
W4407150872,Transmembrane protein,0.4772489070892334,keyword
W4407150872,Chemistry,0.4038490056991577,keyword
W4407150872,Nanotechnology,0.4000917971134186,keyword
W4407150872,Materials science,0.39792540669441223,keyword
W4407150872,Biophysics,0.3530614972114563,keyword
W4407150872,Electrical engineering,0.12885451316833496,keyword
W4407150872,Biochemistry,0.08770802617073059,keyword
W4407150872,Engineering,0.08151191473007202,keyword
W4407150872,Biology,0.07585084438323975,keyword
W4407150872,Nanopore and Nanochannel Transport Studies,1.0,topic
W4407150872,Fuel Cells and Related Materials,0.9990000128746033,topic
W4407150872,Advanced Memory and Neural Computing,0.9955999851226807,topic
W4304187434,CMOS,0.6567786335945129,keyword
W4304187434,Transistor,0.6290792226791382,keyword
W4304187434,Wafer,0.5517626404762268,keyword
W4304187434,Nanotechnology,0.5426339507102966,keyword
W4304187434,Materials science,0.5172505974769592,keyword
W4304187434,Field-effect transistor,0.4794670343399048,keyword
W4304187434,Logic gate,0.4485423266887665,keyword
W4304187434,Semiconductor,0.4437597990036011,keyword
W4304187434,Integrated circuit,0.43292269110679626,keyword
W4304187434,Electronic engineering,0.404656320810318,keyword
W4304187434,Engineering physics,0.3946820795536041,keyword
W4304187434,Computer science,0.3578401207923889,keyword
W4304187434,Electrical engineering,0.2879277169704437,keyword
W4304187434,Optoelectronics,0.2790933847427368,keyword
W4304187434,Engineering,0.24772733449935913,keyword
W4304187434,Voltage,0.16928449273109436,keyword
W4304187434,Graphene research and applications,0.9998999834060669,topic
W4304187434,2D Materials and Applications,0.9998999834060669,topic
W4304187434,Ferroelectric and Negative Capacitance Devices,0.9998999834060669,topic
W4404724730,Software portability,0.8163567781448364,keyword
W4404724730,Bioelectronics,0.7264620065689087,keyword
W4404724730,Medical device,0.48367390036582947,keyword
W4404724730,Nanotechnology,0.4239300489425659,keyword
W4404724730,Systems engineering,0.4189675748348236,keyword
W4404724730,Energy harvesting,0.4134369194507599,keyword
W4404724730,Computer science,0.3590814173221588,keyword
W4404724730,Engineering,0.3545544147491455,keyword
W4404724730,Materials science,0.20827749371528625,keyword
W4404724730,Energy (signal processing),0.19745442271232605,keyword
W4404724730,Biomedical engineering,0.18432116508483887,keyword
W4404724730,Advanced Sensor and Energy Harvesting Materials,1.0,topic
W4404724730,Conducting polymers and applications,0.9976999759674072,topic
W4404724730,Neuroscience and Neural Engineering,0.9951000213623047,topic
W4406838600,Neuromorphic engineering,0.7918384075164795,keyword
W4406838600,Computer science,0.59261155128479,keyword
W4406838600,Neuroscience,0.4866810441017151,keyword
W4406838600,Excitatory postsynaptic potential,0.47801220417022705,keyword
W4406838600,Tactile sensor,0.4760211110115051,keyword
W4406838600,Piezoresistive effect,0.4356954097747803,keyword
W4406838600,Plasticity,0.41441553831100464,keyword
W4406838600,Inhibitory postsynaptic potential,0.40718239545822144,keyword
W4406838600,Materials science,0.37567025423049927,keyword
W4406838600,Biological system,0.33649885654449463,keyword
W4406838600,Artificial intelligence,0.32283303141593933,keyword
W4406838600,Artificial neural network,0.26953962445259094,keyword
W4406838600,Robot,0.1912708580493927,keyword
W4406838600,Biology,0.14769941568374634,keyword
W4406838600,Optoelectronics,0.11278152465820312,keyword
W4406838600,Advanced Sensor and Energy Harvesting Materials,0.9998000264167786,topic
W4406838600,Advanced Memory and Neural Computing,0.9991000294685364,topic
W4406838600,Neuroscience and Neural Engineering,0.9990000128746033,topic
W3092962601,Magnetometer,0.8896284103393555,keyword
W3092962601,Diamond,0.8244072198867798,keyword
W3092962601,Vacancy defect,0.6958705186843872,keyword
W3092962601,Nitrogen,0.6415621042251587,keyword
W3092962601,Materials science,0.4465404450893402,keyword
W3092962601,Environmental science,0.3389800190925598,keyword
W3092962601,Optoelectronics,0.33143919706344604,keyword
W3092962601,Physics,0.3010384738445282,keyword
W3092962601,Nuclear magnetic resonance,0.26258087158203125,keyword
W3092962601,Magnetic field,0.16823777556419373,keyword
W3092962601,Metallurgy,0.1640966236591339,keyword
W3092962601,Diamond and Carbon-based Materials Research,0.9998999834060669,topic
W3092962601,Atomic and Subatomic Physics Research,0.9980000257492065,topic
W3092962601,Analytical Chemistry and Sensors,0.9945999979972839,topic
W4385060985,Neurogenesis,0.8230305314064026,keyword
W4385060985,Spinal cord injury,0.7741411924362183,keyword
W4385060985,Neuroscience,0.7591545581817627,keyword
W4385060985,Progenitor cell,0.7248780727386475,keyword
W4385060985,Neural stem cell,0.6950405836105347,keyword
W4385060985,Stem cell,0.6107664108276367,keyword
W4385060985,Endogeny,0.579295814037323,keyword
W4385060985,Regeneration (biology),0.4767780601978302,keyword
W4385060985,Medicine,0.44658803939819336,keyword
W4385060985,Spinal cord,0.4383869469165802,keyword
W4385060985,Biology,0.32625991106033325,keyword
W4385060985,Cell biology,0.21291059255599976,keyword
W4385060985,Internal medicine,0.12067559361457825,keyword
W4385060985,Spinal Cord Injury Research,0.9997000098228455,topic
W4385060985,Neurogenesis and neuroplasticity mechanisms,0.9975000023841858,topic
W4385060985,Nerve injury and regeneration,0.9955000281333923,topic
W3058437445,Nanotechnology,0.6157661080360413,keyword
W3058437445,Context (archaeology),0.5960478782653809,keyword
W3058437445,Characterization (materials science),0.5783669948577881,keyword
W3058437445,Nanophotonics,0.5696076154708862,keyword
W3058437445,Electronics,0.5542002320289612,keyword
W3058437445,Nanomaterials,0.5128045678138733,keyword
W3058437445,Computer science,0.4671363830566406,keyword
W3058437445,Materials science,0.4157702922821045,keyword
W3058437445,Engineering physics,0.3639479875564575,keyword
W3058437445,Physics,0.22774463891983032,keyword
W3058437445,Engineering,0.18426108360290527,keyword
W3058437445,Electrical engineering,0.1363438069820404,keyword
W3058437445,Perovskite Materials and Applications,1.0,topic
W3058437445,2D Materials and Applications,0.9998999834060669,topic
W3058437445,Quantum Dots Synthesis And Properties,0.9998000264167786,topic
W3216295893,Anisotropy,0.7184786796569824,keyword
W3216295893,Materials science,0.7078505754470825,keyword
W3216295893,Strain engineering,0.5792934894561768,keyword
W3216295893,Asymmetry,0.5404423475265503,keyword
W3216295893,Monoclinic crystal system,0.5246351361274719,keyword
W3216295893,Condensed matter physics,0.5142425894737244,keyword
W3216295893,Polarization (electrochemistry),0.514195442199707,keyword
W3216295893,Lattice (music),0.46539008617401123,keyword
W3216295893,Phase transition,0.4494568407535553,keyword
W3216295893,Thermal,0.4211725890636444,keyword
W3216295893,Nanotechnology,0.32670554518699646,keyword
W3216295893,Optoelectronics,0.278594970703125,keyword
W3216295893,Optics,0.22918155789375305,keyword
W3216295893,Crystal structure,0.20054957270622253,keyword
W3216295893,Crystallography,0.12197455763816833,keyword
W3216295893,Physics,0.10717859864234924,keyword
W3216295893,Silicon,0.09629836678504944,keyword
W3216295893,Chemistry,0.09250307083129883,keyword
W3216295893,Thermodynamics,0.08811891078948975,keyword
W3216295893,Transition Metal Oxide Nanomaterials,0.9998999834060669,topic
W3216295893,Ga2O3 and related materials,0.9993000030517578,topic
W3216295893,2D Materials and Applications,0.9991000294685364,topic
W3163809129,Humanities,0.3602668046951294,keyword
W3163809129,Art history,0.34958112239837646,keyword
W3163809129,Philosophy,0.32995861768722534,keyword
W3163809129,Art,0.25851187109947205,keyword
W3163809129,Advanced Memory and Neural Computing,0.9959999918937683,topic
W3163809129,Ferroelectric and Negative Capacitance Devices,0.9947999715805054,topic
W3163809129,Machine Learning in Materials Science,0.9835000038146973,topic
W4366386844,Stimulation,0.8047640323638916,keyword
W4366386844,Reliability (semiconductor),0.5068565011024475,keyword
W4366386844,Functional electrical stimulation,0.4966140389442444,keyword
W4366386844,Computer science,0.48706772923469543,keyword
W4366386844,Electrical current,0.4185374677181244,keyword
W4366386844,Medicine,0.40309637784957886,keyword
W4366386844,Biomedical engineering,0.39650648832321167,keyword
W4366386844,Neuroscience,0.33706098794937134,keyword
W4366386844,Reliability engineering,0.32417190074920654,keyword
W4366386844,Risk analysis (engineering),0.32138389348983765,keyword
W4366386844,Engineering,0.22769075632095337,keyword
W4366386844,Electrical engineering,0.15326467156410217,keyword
W4366386844,Psychology,0.11831441521644592,keyword
W4366386844,Internal medicine,0.06702592968940735,keyword
W4366386844,Neuroscience and Neural Engineering,1.0,topic
W4366386844,Advanced Sensor and Energy Harvesting Materials,0.9991999864578247,topic
W4366386844,Muscle activation and electromyography studies,0.9980000257492065,topic
W3121160143,Synapse,0.6481121182441711,keyword
W3121160143,Long-term potentiation,0.58244788646698,keyword
W3121160143,Computer science,0.5710612535476685,keyword
W3121160143,Synaptic plasticity,0.5448664426803589,keyword
W3121160143,Artificial neural network,0.5224265456199646,keyword
W3121160143,Construct (python library),0.4870172142982483,keyword
W3121160143,Artificial intelligence,0.4801439940929413,keyword
W3121160143,Term (time),0.4354342222213745,keyword
W3121160143,Neuroscience,0.4246489405632019,keyword
W3121160143,Materials science,0.380409836769104,keyword
W3121160143,Chemistry,0.12056627869606018,keyword
W3121160143,Biology,0.09856864809989929,keyword
W3121160143,Computer network,0.09420451521873474,keyword
W3121160143,Advanced Memory and Neural Computing,1.0,topic
W3121160143,Neuroscience and Neural Engineering,0.9995999932289124,topic
W3121160143,Conducting polymers and applications,0.9977999925613403,topic
W4378715918,Neuromorphic engineering,0.977973997592926,keyword
W4378715918,Photonics,0.7653768062591553,keyword
W4378715918,Scalability,0.7340549230575562,keyword
W4378715918,Computer science,0.6129109859466553,keyword
W4378715918,Silicon photonics,0.5136167407035828,keyword
W4378715918,Computer architecture,0.46940529346466064,keyword
W4378715918,Materials science,0.46681520342826843,keyword
W4378715918,Energy consumption,0.46116986870765686,keyword
W4378715918,Electronic engineering,0.4309900403022766,keyword
W4378715918,Artificial neural network,0.4265872836112976,keyword
W4378715918,Nanotechnology,0.3805469274520874,keyword
W4378715918,Optoelectronics,0.2988297939300537,keyword
W4378715918,Artificial intelligence,0.24355775117874146,keyword
W4378715918,Engineering,0.21292927861213684,keyword
W4378715918,Electrical engineering,0.19061261415481567,keyword
W4378715918,Neural Networks and Reservoir Computing,0.9998999834060669,topic
W4378715918,Advanced Memory and Neural Computing,0.9994000196456909,topic
W4378715918,Phase-change materials and chalcogenides,0.9936000108718872,topic
W4409712866,van der Waals force,0.7490445375442505,keyword
W4409712866,Heterojunction,0.6001075506210327,keyword
W4409712866,Optoelectronics,0.4858817458152771,keyword
W4409712866,Computer science,0.4843912720680237,keyword
W4409712866,Materials science,0.3962045907974243,keyword
W4409712866,Nanotechnology,0.3568068742752075,keyword
W4409712866,Physics,0.27901166677474976,keyword
W4409712866,Molecule,0.09145689010620117,keyword
W4409712866,Advanced Memory and Neural Computing,0.9961000084877014,topic
W4409712866,CCD and CMOS Imaging Sensors,0.9944999814033508,topic
W4409712866,Sparse and Compressive Sensing Techniques,0.9930999875068665,topic
W4399744108,Transistor,0.8223275542259216,keyword
W4399744108,Feature (linguistics),0.6402781009674072,keyword
W4399744108,Materials science,0.49997854232788086,keyword
W4399744108,Computer science,0.4799656867980957,keyword
W4399744108,Nanolithography,0.44652867317199707,keyword
W4399744108,Nanotechnology,0.38881248235702515,keyword
W4399744108,Fabrication,0.3606407642364502,keyword
W4399744108,Electrical engineering,0.1708402931690216,keyword
W4399744108,Engineering,0.13473233580589294,keyword
W4399744108,Voltage,0.12134724855422974,keyword
W4399744108,Ferroelectric and Negative Capacitance Devices,1.0,topic
W4399744108,2D Materials and Applications,0.9998999834060669,topic
W4399744108,Nanowire Synthesis and Applications,0.9998999834060669,topic
W4285495317,Blindness,0.7869645357131958,keyword
W4285495317,Sight,0.703187108039856,keyword
W4285495317,Visual prosthesis,0.6385089159011841,keyword
W4285495317,Computer science,0.4846799671649933,keyword
W4285495317,Beauty,0.45357051491737366,keyword
W4285495317,Vision science,0.4452440142631531,keyword
W4285495317,Medicine,0.2849953770637512,keyword
W4285495317,Neuroscience,0.24288371205329895,keyword
W4285495317,Psychology,0.22012761235237122,keyword
W4285495317,Aesthetics,0.20726549625396729,keyword
W4285495317,Artificial intelligence,0.19415584206581116,keyword
W4285495317,Optometry,0.18978574872016907,keyword
W4285495317,Stimulation,0.08270388841629028,keyword
W4285495317,Neuroscience and Neural Engineering,1.0,topic
W4285495317,Advanced Memory and Neural Computing,0.9991999864578247,topic
W4285495317,Photoreceptor and optogenetics research,0.9986000061035156,topic
W4380050853,Quantum,0.45699378848075867,keyword
W4380050853,Materials science,0.44286027550697327,keyword
W4380050853,Optoelectronics,0.38010549545288086,keyword
W4380050853,Physics,0.2506784200668335,keyword
W4380050853,Quantum mechanics,0.1465371549129486,keyword
W4380050853,Electronic and Structural Properties of Oxides,0.9998999834060669,topic
W4380050853,Advanced Condensed Matter Physics,0.9972000122070312,topic
W4380050853,Magnetic and transport properties of perovskites and related materials,0.9965000152587891,topic
W4387265305,Memristor,0.8518542647361755,keyword
W4387265305,Computer science,0.6759860515594482,keyword
W4387265305,Artificial neural network,0.5841388702392578,keyword
W4387265305,Flexibility (engineering),0.5840768218040466,keyword
W4387265305,Reservoir computing,0.5366425514221191,keyword
W4387265305,Lagging,0.49735501408576965,keyword
W4387265305,Network dynamics,0.4950768053531647,keyword
W4387265305,Artificial intelligence,0.47693175077438354,keyword
W4387265305,Topology (electrical circuits),0.3865295946598053,keyword
W4387265305,Distributed computing,0.36472761631011963,keyword
W4387265305,Computer architecture,0.34888947010040283,keyword
W4387265305,Recurrent neural network,0.3459375500679016,keyword
W4387265305,Engineering,0.19794225692749023,keyword
W4387265305,Electronic engineering,0.12820178270339966,keyword
W4387265305,Electrical engineering,0.11592650413513184,keyword
W4387265305,Advanced Memory and Neural Computing,1.0,topic
W4387265305,Neural Networks and Reservoir Computing,0.9998999834060669,topic
W4387265305,Neural dynamics and brain function,0.9952999949455261,topic
W4399391441,Computer science,0.779873251914978,keyword
W4399391441,Neuromorphic engineering,0.604094922542572,keyword
W4399391441,Scope (computer science),0.600450336933136,keyword
W4399391441,Efficient energy use,0.5158814191818237,keyword
W4399391441,Field (mathematics),0.4932379126548767,keyword
W4399391441,Cognitive computing,0.48044678568840027,keyword
W4399391441,Key (lock),0.46765726804733276,keyword
W4399391441,Computer architecture,0.4441164433956146,keyword
W4399391441,Artificial intelligence,0.44008925557136536,keyword
W4399391441,Data science,0.4195508658885956,keyword
W4399391441,Human–computer interaction,0.35071104764938354,keyword
W4399391441,Artificial neural network,0.3475514054298401,keyword
W4399391441,Computer engineering,0.3379623293876648,keyword
W4399391441,Distributed computing,0.33769500255584717,keyword
W4399391441,Machine learning,0.3313312232494354,keyword
W4399391441,Cognition,0.20289501547813416,keyword
W4399391441,Neuroscience,0.09813660383224487,keyword
W4399391441,Advanced Memory and Neural Computing,1.0,topic
W4399391441,Neural Networks and Reservoir Computing,0.9998000264167786,topic
W4399391441,Ferroelectric and Negative Capacitance Devices,0.9998000264167786,topic
W3095637976,Neuroscience,0.7272870540618896,keyword
W3095637976,Ventral tegmental area,0.6556975841522217,keyword
W3095637976,Optogenetics,0.5334463715553284,keyword
W3095637976,Excitatory postsynaptic potential,0.5092869997024536,keyword
W3095637976,Biological neural network,0.4950536787509918,keyword
W3095637976,Transgene,0.4424513578414917,keyword
W3095637976,Chemistry,0.346218079328537,keyword
W3095637976,Biology,0.33460262417793274,keyword
W3095637976,Computer science,0.32375913858413696,keyword
W3095637976,Inhibitory postsynaptic potential,0.10067325830459595,keyword
W3095637976,Dopamine,0.07985877990722656,keyword
W3095637976,Photochromic and Fluorescence Chemistry,0.9998000264167786,topic
W3095637976,Photoreceptor and optogenetics research,0.9997000098228455,topic
W3095637976,Neurobiology and Insect Physiology Research,0.9970999956130981,topic
W3097748916,Materials science,0.7595102787017822,keyword
W3097748916,Schottky diode,0.7275049686431885,keyword
W3097748916,Schottky barrier,0.6661670207977295,keyword
W3097748916,Photodetector,0.6573575735092163,keyword
W3097748916,Polymer,0.5730940103530884,keyword
W3097748916,Optoelectronics,0.5546214580535889,keyword
W3097748916,Flexibility (engineering),0.5235621333122253,keyword
W3097748916,Fabrication,0.5077794194221497,keyword
W3097748916,Electronics,0.5076116323471069,keyword
W3097748916,Nanotechnology,0.4889427721500397,keyword
W3097748916,Organic semiconductor,0.4165423512458801,keyword
W3097748916,Electrical engineering,0.18991702795028687,keyword
W3097748916,Conducting polymers and applications,0.9998000264167786,topic
W3097748916,Gas Sensing Nanomaterials and Sensors,0.9994000196456909,topic
W3097748916,Advanced Sensor and Energy Harvesting Materials,0.9987999796867371,topic
W3109058715,CRISPR,0.9056549668312073,keyword
W3109058715,Genome editing,0.8896310329437256,keyword
W3109058715,Genome,0.675789475440979,keyword
W3109058715,Biology,0.630605161190033,keyword
W3109058715,Cas9,0.6237978935241699,keyword
W3109058715,Computational biology,0.6201337575912476,keyword
W3109058715,Function (biology),0.4844703674316406,keyword
W3109058715,Transgene,0.4218132495880127,keyword
W3109058715,Gene,0.4005650281906128,keyword
W3109058715,Neuroscience,0.36195725202560425,keyword
W3109058715,Genetics,0.2363065481185913,keyword
W3109058715,CRISPR and Genetic Engineering,1.0,topic
W3109058715,"Genetics, Aging, and Longevity in Model Organisms",0.9779000282287598,topic
W3109058715,Retinal Development and Disorders,0.9729999899864197,topic
W4297036110,Cerebrolysin,0.8396198749542236,keyword
W4297036110,Neurogranin,0.8078830242156982,keyword
W4297036110,Internal medicine,0.5939306020736694,keyword
W4297036110,Donepezil,0.5741051435470581,keyword
W4297036110,Alzheimer's disease,0.4671342372894287,keyword
W4297036110,Endocrinology,0.4540659785270691,keyword
W4297036110,Medicine,0.41149306297302246,keyword
W4297036110,Psychology,0.3537558317184448,keyword
W4297036110,Dementia,0.20995208621025085,keyword
W4297036110,Chemistry,0.20292821526527405,keyword
W4297036110,Disease,0.17966881394386292,keyword
W4297036110,Biochemistry,0.0967845618724823,keyword
W4297036110,Neurological Disorders and Treatments,0.9521999955177307,topic
W4297036110,Neurological Disease Mechanisms and Treatments,0.010999999940395355,topic
W4297036110,Extracellular vesicles in disease,0.004699999932199717,topic
W4387613025,Memristor,0.7480124831199646,keyword
W4387613025,Biocompatibility,0.7016152143478394,keyword
W4387613025,Materials science,0.667518138885498,keyword
W4387613025,Nanotechnology,0.6253161430358887,keyword
W4387613025,Resistive random-access memory,0.5921556353569031,keyword
W4387613025,Durability,0.5712562799453735,keyword
W4387613025,Biocompatible material,0.5302790403366089,keyword
W4387613025,Electrode,0.5180525779724121,keyword
W4387613025,Non-volatile memory,0.4601820409297943,keyword
W4387613025,Optoelectronics,0.3827309012413025,keyword
W4387613025,Chemistry,0.21205317974090576,keyword
W4387613025,Electronic engineering,0.2120203673839569,keyword
W4387613025,Biomedical engineering,0.1485985815525055,keyword
W4387613025,Composite material,0.11356574296951294,keyword
W4387613025,Engineering,0.08662146329879761,keyword
W4387613025,Advanced Memory and Neural Computing,1.0,topic
W4387613025,Neuroscience and Neural Engineering,0.9986000061035156,topic
W4387613025,Photoreceptor and optogenetics research,0.9980000257492065,topic
W4328019469,Nanomaterials,0.7790013551712036,keyword
W4328019469,Nanotechnology,0.7241347432136536,keyword
W4328019469,Electronics,0.6161403656005859,keyword
W4328019469,Wearable technology,0.5697165727615356,keyword
W4328019469,Materials science,0.5645791292190552,keyword
W4328019469,Chalcogenide,0.47461190819740295,keyword
W4328019469,Wearable computer,0.4246422052383423,keyword
W4328019469,Computer science,0.2297670543193817,keyword
W4328019469,Engineering,0.16658374667167664,keyword
W4328019469,Optoelectronics,0.1349107325077057,keyword
W4328019469,Electrical engineering,0.11426779627799988,keyword
W4328019469,Quantum Dots Synthesis And Properties,0.9993000030517578,topic
W4328019469,Chalcogenide Semiconductor Thin Films,0.9983000159263611,topic
W4328019469,2D Materials and Applications,0.9879999756813049,topic
W4404347071,Schottky barrier,0.6704203486442566,keyword
W4404347071,Optoelectronics,0.5532424449920654,keyword
W4404347071,Materials science,0.5173694491386414,keyword
W4404347071,Transistor,0.48056700825691223,keyword
W4404347071,Engineering physics,0.33469903469085693,keyword
W4404347071,Nanotechnology,0.3223815858364105,keyword
W4404347071,Electrical engineering,0.23025870323181152,keyword
W4404347071,Engineering,0.18388614058494568,keyword
W4404347071,Diode,0.06244206428527832,keyword
W4404347071,Voltage,0.045509278774261475,keyword
W4404347071,Advancements in Semiconductor Devices and Circuit Design,0.9948999881744385,topic
W4404347071,Semiconductor Quantum Structures and Devices,0.9926999807357788,topic
W4404347071,Semiconductor materials and interfaces,0.9559999704360962,topic
W4412641526,Neuromorphic engineering,0.9256584644317627,keyword
W4412641526,Computer science,0.5055584907531738,keyword
W4412641526,Human–computer interaction,0.38111069798469543,keyword
W4412641526,Artificial intelligence,0.3376137614250183,keyword
W4412641526,Nanotechnology,0.3303779363632202,keyword
W4412641526,Materials science,0.2810952365398407,keyword
W4412641526,Artificial neural network,0.21280404925346375,keyword
W4412641526,Advanced Memory and Neural Computing,1.0,topic
W4412641526,Neural Networks and Reservoir Computing,0.9979000091552734,topic
W4412641526,Ferroelectric and Negative Capacitance Devices,0.991100013256073,topic
W3114546146,Neuromorphic engineering,0.6622672080993652,keyword
W3114546146,Protein filament,0.6401605606079102,keyword
W3114546146,Vanadium,0.6217176914215088,keyword
W3114546146,Phase transition,0.585638165473938,keyword
W3114546146,Resistive touchscreen,0.5772958993911743,keyword
W3114546146,Materials science,0.571269154548645,keyword
W3114546146,Metal–insulator transition,0.48498937487602234,keyword
W3114546146,Oxide,0.45638540387153625,keyword
W3114546146,Phase (matter),0.431481271982193,keyword
W3114546146,Resistive random-access memory,0.4289751648902893,keyword
W3114546146,Metal,0.41824275255203247,keyword
W3114546146,Optoelectronics,0.371021568775177,keyword
W3114546146,Chemical physics,0.3641743063926697,keyword
W3114546146,Condensed matter physics,0.34523805975914,keyword
W3114546146,Physics,0.3091917634010315,keyword
W3114546146,Computer science,0.2569357752799988,keyword
W3114546146,Composite material,0.14925023913383484,keyword
W3114546146,Artificial intelligence,0.14543598890304565,keyword
W3114546146,Electrode,0.12845242023468018,keyword
W3114546146,Metallurgy,0.07924926280975342,keyword
W3114546146,Advanced Memory and Neural Computing,1.0,topic
W3114546146,Transition Metal Oxide Nanomaterials,0.9983999729156494,topic
W3114546146,Neural Networks and Reservoir Computing,0.9894999861717224,topic
W4394734852,Neuromorphic engineering,0.8913332223892212,keyword
W4394734852,MNIST database,0.8741987347602844,keyword
W4394734852,Materials science,0.6778668761253357,keyword
W4394734852,Power consumption,0.6412497162818909,keyword
W4394734852,Wearable computer,0.6379980444908142,keyword
W4394734852,Enhanced Data Rates for GSM Evolution,0.6147574782371521,keyword
W4394734852,Transistor,0.5771563053131104,keyword
W4394734852,Substrate (aquarium),0.567573606967926,keyword
W4394734852,Edge computing,0.5673748850822449,keyword
W4394734852,Synapse,0.5566085577011108,keyword
W4394734852,Wearable technology,0.48520711064338684,keyword
W4394734852,Power (physics),0.44447529315948486,keyword
W4394734852,Computer science,0.43667343258857727,keyword
W4394734852,Nanotechnology,0.42429015040397644,keyword
W4394734852,Computer architecture,0.4187602996826172,keyword
W4394734852,Optoelectronics,0.36971747875213623,keyword
W4394734852,Artificial neural network,0.3694019615650177,keyword
W4394734852,Electronic engineering,0.3598506450653076,keyword
W4394734852,Artificial intelligence,0.34892958402633667,keyword
W4394734852,Embedded system,0.33751481771469116,keyword
W4394734852,Electrical engineering,0.25859156250953674,keyword
W4394734852,Engineering,0.18275302648544312,keyword
W4394734852,Neuroscience,0.17149832844734192,keyword
W4394734852,Physics,0.13046208024024963,keyword
W4394734852,Biology,0.0996752381324768,keyword
W4394734852,Voltage,0.0909724235534668,keyword
W4394734852,Advanced Memory and Neural Computing,1.0,topic
W4394734852,2D Materials and Applications,0.9991999864578247,topic
W4394734852,Conducting polymers and applications,0.9980999827384949,topic
W4384936792,Triboelectric effect,0.9007074236869812,keyword
W4384936792,Grippers,0.7046444416046143,keyword
W4384936792,Soft robotics,0.5788771510124207,keyword
W4384936792,Electronics,0.5518456697463989,keyword
W4384936792,Robotics,0.5126287341117859,keyword
W4384936792,Energy harvesting,0.505744218826294,keyword
W4384936792,Power (physics),0.4661288261413574,keyword
W4384936792,Field (mathematics),0.46055400371551514,keyword
W4384936792,Mechanical energy,0.4463358521461487,keyword
W4384936792,Computer science,0.4295625686645508,keyword
W4384936792,Robot,0.3951129913330078,keyword
W4384936792,Electrical engineering,0.34951236844062805,keyword
W4384936792,Engineering,0.31319448351860046,keyword
W4384936792,Artificial intelligence,0.3074522316455841,keyword
W4384936792,Mechanical engineering,0.27380892634391785,keyword
W4384936792,Materials science,0.2211063802242279,keyword
W4384936792,Advanced Sensor and Energy Harvesting Materials,1.0,topic
W4384936792,Tactile and Sensory Interactions,0.9975000023841858,topic
W4384936792,Advanced Materials and Mechanics,0.9943000078201294,topic
W2999201084,Memristor,0.8431267738342285,keyword
W2999201084,Characterization (materials science),0.5933858752250671,keyword
W2999201084,Neuromorphic engineering,0.5815163850784302,keyword
W2999201084,Nanotechnology,0.4969213306903839,keyword
W2999201084,Materials science,0.4212934970855713,keyword
W2999201084,Computer science,0.39105546474456787,keyword
W2999201084,Neuroscience,0.3630400002002716,keyword
W2999201084,Artificial neural network,0.32827135920524597,keyword
W2999201084,Electronic engineering,0.31268393993377686,keyword
W2999201084,Engineering,0.2952110767364502,keyword
W2999201084,Artificial intelligence,0.19217607378959656,keyword
W2999201084,Psychology,0.09347864985466003,keyword
W2999201084,Advanced Memory and Neural Computing,1.0,topic
W2999201084,Neuroscience and Neural Engineering,0.9976000189781189,topic
W2999201084,Photoreceptor and optogenetics research,0.996399998664856,topic
W4389946503,Computer science,0.5923716425895691,keyword
W4389946503,Neural engineering,0.5744374394416809,keyword
W4389946503,Relevance (law),0.5737245678901672,keyword
W4389946503,Neuromodulation,0.5541834831237793,keyword
W4389946503,Multidisciplinary approach,0.5299267172813416,keyword
W4389946503,Systems engineering,0.5047072172164917,keyword
W4389946503,Data science,0.4619690775871277,keyword
W4389946503,Biochemical engineering,0.4124654531478882,keyword
W4389946503,Nanotechnology,0.40513336658477783,keyword
W4389946503,Risk analysis (engineering),0.33967188000679016,keyword
W4389946503,Engineering,0.25455784797668457,keyword
W4389946503,Artificial intelligence,0.22978761792182922,keyword
W4389946503,Neuroscience,0.21031454205513,keyword
W4389946503,Medicine,0.2011438012123108,keyword
W4389946503,Materials science,0.11068472266197205,keyword
W4389946503,Biology,0.09452071785926819,keyword
W4389946503,Conducting polymers and applications,0.9997000098228455,topic
W4389946503,Neuroscience and Neural Engineering,0.9995999932289124,topic
W4389946503,Advanced Sensor and Energy Harvesting Materials,0.9988999962806702,topic
W4389474782,Reconfigurability,0.8473655581474304,keyword
W4389474782,Non-volatile memory,0.6528273820877075,keyword
W4389474782,Computer science,0.5599238872528076,keyword
W4389474782,Logic gate,0.5297437906265259,keyword
W4389474782,CMOS,0.5080676078796387,keyword
W4389474782,Robustness (evolution),0.4310307502746582,keyword
W4389474782,Emitter-coupled logic,0.42258167266845703,keyword
W4389474782,Logic synthesis,0.4019466042518616,keyword
W4389474782,Computer architecture,0.34569457173347473,keyword
W4389474782,Materials science,0.3448833227157593,keyword
W4389474782,Optoelectronics,0.34288156032562256,keyword
W4389474782,Logic family,0.28770118951797485,keyword
W4389474782,Computer hardware,0.2617160677909851,keyword
W4389474782,Chemistry,0.14351540803909302,keyword
W4389474782,Semiconductor materials and devices,1.0,topic
W4389474782,Advanced Memory and Neural Computing,1.0,topic
W4389474782,Ferroelectric and Negative Capacitance Devices,0.9998999834060669,topic
W3042862317,Logic gate,0.6067030429840088,keyword
W3042862317,Dual (grammatical number),0.5892903208732605,keyword
W3042862317,Voltage,0.5285892486572266,keyword
W3042862317,Computer science,0.49648624658584595,keyword
W3042862317,Electrical engineering,0.477710485458374,keyword
W3042862317,Pass transistor logic,0.4255714416503906,keyword
W3042862317,Resistor–transistor logic,0.4202120006084442,keyword
W3042862317,Logic family,0.4198932647705078,keyword
W3042862317,Optoelectronics,0.41315385699272156,keyword
W3042862317,Electronic engineering,0.3793956935405731,keyword
W3042862317,Materials science,0.3732469379901886,keyword
W3042862317,Logic synthesis,0.3358263075351715,keyword
W3042862317,Engineering,0.19882416725158691,keyword
W3042862317,Transistor,0.1808662712574005,keyword
W3042862317,Advancements in Semiconductor Devices and Circuit Design,1.0,topic
W3042862317,Semiconductor materials and devices,0.9998000264167786,topic
W3042862317,Integrated Circuits and Semiconductor Failure Analysis,0.9994000196456909,topic
W4366587412,Neuromorphic engineering,0.8709924221038818,keyword
W4366587412,Materials science,0.752819299697876,keyword
W4366587412,Biocompatibility,0.697975754737854,keyword
W4366587412,Agarose,0.6929066181182861,keyword
W4366587412,Indium tin oxide,0.6242977976799011,keyword
W4366587412,Nanocomposite,0.5670597553253174,keyword
W4366587412,Nanoparticle,0.5275266170501709,keyword
W4366587412,Nanotechnology,0.5244165658950806,keyword
W4366587412,Colloidal gold,0.46518674492836,keyword
W4366587412,Scalability,0.45546233654022217,keyword
W4366587412,Computer science,0.4041408598423004,keyword
W4366587412,Layer (electronics),0.4027804434299469,keyword
W4366587412,Optoelectronics,0.36153644323349,keyword
W4366587412,Artificial neural network,0.20102965831756592,keyword
W4366587412,Artificial intelligence,0.10602688789367676,keyword
W4366587412,Chemistry,0.08302456140518188,keyword
W4366587412,Advanced Memory and Neural Computing,0.9998999834060669,topic
W4366587412,Photoreceptor and optogenetics research,0.996399998664856,topic
W4366587412,Transition Metal Oxide Nanomaterials,0.9900000095367432,topic
W4401607711,Unconsciousness,0.9021418690681458,keyword
W4401607711,Isoflurane,0.8882123231887817,keyword
W4401607711,Anesthetic,0.754300594329834,keyword
W4401607711,Microtubule,0.5640377402305603,keyword
W4401607711,Anesthesia,0.5478293299674988,keyword
W4401607711,Chemistry,0.49087339639663696,keyword
W4401607711,Pharmacology,0.4662821292877197,keyword
W4401607711,Biophysics,0.4118328094482422,keyword
W4401607711,Neuroscience,0.3615849018096924,keyword
W4401607711,Medicine,0.3217400908470154,keyword
W4401607711,Biology,0.23322182893753052,keyword
W4401607711,Cell biology,0.1815221905708313,keyword
W4401607711,Anesthesia and Neurotoxicity Research,0.9950000047683716,topic
W4401607711,Neuroscience and Neuropharmacology Research,0.9911999702453613,topic
W4401607711,Photoreceptor and optogenetics research,0.9883999824523926,topic
W4285501434,Magnetoresistive random-access memory,0.8276923298835754,keyword
W4285501434,Tunnel magnetoresistance,0.684669554233551,keyword
W4285501434,Spintronics,0.6731853485107422,keyword
W4285501434,Spin-transfer torque,0.6085129380226135,keyword
W4285501434,Computer science,0.5544212460517883,keyword
W4285501434,Torque,0.5297418832778931,keyword
W4285501434,Magnetization,0.45195382833480835,keyword
W4285501434,Electrical engineering,0.43153318762779236,keyword
W4285501434,Switching time,0.41559749841690063,keyword
W4285501434,Magnetoresistance,0.4142468273639679,keyword
W4285501434,Materials science,0.3727680742740631,keyword
W4285501434,Engineering physics,0.34592199325561523,keyword
W4285501434,Physics,0.29355496168136597,keyword
W4285501434,Nanotechnology,0.2819472551345825,keyword
W4285501434,Magnetic field,0.265448659658432,keyword
W4285501434,Optoelectronics,0.2509169280529022,keyword
W4285501434,Condensed matter physics,0.1626831591129303,keyword
W4285501434,Ferromagnetism,0.15466392040252686,keyword
W4285501434,Engineering,0.15138861536979675,keyword
W4285501434,Computer hardware,0.1424083709716797,keyword
W4285501434,Random access memory,0.09737074375152588,keyword
W4285501434,Magnetic properties of thin films,1.0,topic
W4285501434,Advanced Memory and Neural Computing,0.9990000128746033,topic
W4285501434,Ferroelectric and Negative Capacitance Devices,0.9986000061035156,topic
W3004938331,Magnetoresistive random-access memory,0.9297246336936951,keyword
W3004938331,Wafer,0.7191796898841858,keyword
W3004938331,Etching (microfabrication),0.5427802205085754,keyword
W3004938331,Materials science,0.5152035355567932,keyword
W3004938331,Orbit (dynamics),0.49357330799102783,keyword
W3004938331,Torque,0.46433699131011963,keyword
W3004938331,Reliability (semiconductor),0.445022851228714,keyword
W3004938331,Spin (aerodynamics),0.43347716331481934,keyword
W3004938331,Optoelectronics,0.3935832679271698,keyword
W3004938331,Electrical engineering,0.3790236711502075,keyword
W3004938331,Engineering physics,0.35414010286331177,keyword
W3004938331,Mechanical engineering,0.33548691868782043,keyword
W3004938331,Condensed matter physics,0.3246547281742096,keyword
W3004938331,Nanotechnology,0.23858970403671265,keyword
W3004938331,Computer science,0.2382308840751648,keyword
W3004938331,Physics,0.23355934023857117,keyword
W3004938331,Random access memory,0.2266702950000763,keyword
W3004938331,Engineering,0.22607973217964172,keyword
W3004938331,Aerospace engineering,0.11426728963851929,keyword
W3004938331,Magnetic properties of thin films,1.0,topic
W3004938331,Advanced Memory and Neural Computing,0.9990000128746033,topic
W3004938331,Ferroelectric and Negative Capacitance Devices,0.9983000159263611,topic
W4308256620,Materials science,0.8483320474624634,keyword
W4308256620,Nanotechnology,0.6119482517242432,keyword
W4308256620,Metal,0.5661860108375549,keyword
W4308256620,Electronics,0.5022320747375488,keyword
W4308256620,Exfoliation joint,0.49353039264678955,keyword
W4308256620,Graphene,0.4742545187473297,keyword
W4308256620,Spintronics,0.4485531747341156,keyword
W4308256620,Photovoltaics,0.4484798312187195,keyword
W4308256620,Oxide,0.4395037293434143,keyword
W4308256620,Field-effect transistor,0.43841230869293213,keyword
W4308256620,Grain boundary,0.4343230724334717,keyword
W4308256620,Transistor,0.326265811920166,keyword
W4308256620,Photovoltaic system,0.21528083086013794,keyword
W4308256620,Ferromagnetism,0.11850687861442566,keyword
W4308256620,Metallurgy,0.09390562772750854,keyword
W4308256620,Electrical engineering,0.08279085159301758,keyword
W4308256620,ZnO doping and properties,0.9998000264167786,topic
W4308256620,Electronic and Structural Properties of Oxides,0.9997000098228455,topic
W4308256620,2D Materials and Applications,0.9995999932289124,topic
W4213142607,Ex vivo,0.8619382977485657,keyword
W4213142607,Microsystem,0.7621537446975708,keyword
W4213142607,Chip,0.44235512614250183,keyword
W4213142607,Computer science,0.3595334589481354,keyword
W4213142607,Nanotechnology,0.25286373496055603,keyword
W4213142607,In vivo,0.23953932523727417,keyword
W4213142607,Biology,0.21988782286643982,keyword
W4213142607,Materials science,0.17113423347473145,keyword
W4213142607,Telecommunications,0.10937187075614929,keyword
W4213142607,Biotechnology,0.09374943375587463,keyword
W4213142607,Neuroscience and Neural Engineering,1.0,topic
W4213142607,Photoreceptor and optogenetics research,0.9952999949455261,topic
W4213142607,Molecular Communication and Nanonetworks,0.9944000244140625,topic
W4365802197,Neuromodulation,0.7854437828063965,keyword
W4365802197,Interface (matter),0.6898178458213806,keyword
W4365802197,Electronics,0.6595972776412964,keyword
W4365802197,Computer science,0.5460285544395447,keyword
W4365802197,Human–computer interaction,0.4091913104057312,keyword
W4365802197,Computer architecture,0.339347243309021,keyword
W4365802197,Neuroscience,0.3243570327758789,keyword
W4365802197,Engineering,0.23451191186904907,keyword
W4365802197,Electrical engineering,0.2052597999572754,keyword
W4365802197,Psychology,0.07392722368240356,keyword
W4365802197,Neuroscience and Neural Engineering,0.9998999834060669,topic
W4365802197,Advanced Memory and Neural Computing,0.9998000264167786,topic
W4365802197,Electrochemical Analysis and Applications,0.9991000294685364,topic
W4403948216,Bioelectronics,0.9565701484680176,keyword
W4403948216,Nanotechnology,0.5600689053535461,keyword
W4403948216,Materials science,0.47133302688598633,keyword
W4403948216,Electronic materials,0.4198795557022095,keyword
W4403948216,Biosensor,0.0472758412361145,keyword
W4403948216,Advanced Memory and Neural Computing,0.9998000264167786,topic
W4403948216,Neuroscience and Neural Engineering,0.9995999932289124,topic
W4403948216,Nanowire Synthesis and Applications,0.9987999796867371,topic
W4389102901,Neuromorphic engineering,0.9833649396896362,keyword
W4389102901,Computer science,0.6643202304840088,keyword
W4389102901,Von Neumann architecture,0.5660611391067505,keyword
W4389102901,Computer architecture,0.5548659563064575,keyword
W4389102901,CMOS,0.4962964653968811,keyword
W4389102901,Memristor,0.49543559551239014,keyword
W4389102901,Electronic engineering,0.4435345232486725,keyword
W4389102901,Artificial intelligence,0.43856140971183777,keyword
W4389102901,SIGNAL (programming language),0.4133305549621582,keyword
W4389102901,Artificial neural network,0.3570953607559204,keyword
W4389102901,Engineering,0.2111426591873169,keyword
W4389102901,Advanced Memory and Neural Computing,1.0,topic
W4389102901,Ferroelectric and Negative Capacitance Devices,0.9965000152587891,topic
W4389102901,Metamaterials and Metasurfaces Applications,0.9900000095367432,topic
W3164287616,Neuromorphic engineering,0.8418900370597839,keyword
W3164287616,Materials science,0.6159836053848267,keyword
W3164287616,Anisotropy,0.5985633730888367,keyword
W3164287616,Condensed matter physics,0.5601065158843994,keyword
W3164287616,Nanowire,0.5405387878417969,keyword
W3164287616,Domain wall (magnetism),0.4296852648258209,keyword
W3164287616,Artificial neural network,0.384035587310791,keyword
W3164287616,Computer science,0.3677932322025299,keyword
W3164287616,Optoelectronics,0.36482441425323486,keyword
W3164287616,Magnetic field,0.3546735644340515,keyword
W3164287616,Magnetization,0.32991817593574524,keyword
W3164287616,Nanotechnology,0.32688117027282715,keyword
W3164287616,Physics,0.31164002418518066,keyword
W3164287616,Artificial intelligence,0.19479557871818542,keyword
W3164287616,Optics,0.18354931473731995,keyword
W3164287616,Magnetic properties of thin films,0.9997000098228455,topic
W3164287616,Advanced Memory and Neural Computing,0.9994999766349792,topic
W3164287616,Ferroelectric and Negative Capacitance Devices,0.9937000274658203,topic
W4381804405,Skyrmion,0.9600615501403809,keyword
W4381804405,van der Waals force,0.7795616984367371,keyword
W4381804405,Condensed matter physics,0.7150341272354126,keyword
W4381804405,Magnet,0.6183661818504333,keyword
W4381804405,Polar,0.6081348657608032,keyword
W4381804405,Phase transition,0.5543828010559082,keyword
W4381804405,Lattice (music),0.5231403112411499,keyword
W4381804405,Magnetic field,0.4913400709629059,keyword
W4381804405,Physics,0.45416340231895447,keyword
W4381804405,Condensation,0.440765917301178,keyword
W4381804405,Realization (probability),0.4324570596218109,keyword
W4381804405,Materials science,0.3676380515098572,keyword
W4381804405,Quantum mechanics,0.10298991203308105,keyword
W4381804405,Thermodynamics,0.06775069236755371,keyword
W4381804405,Magnetic properties of thin films,0.9998999834060669,topic
W4381804405,Physics of Superconductivity and Magnetism,0.9991999864578247,topic
W4381804405,Advanced Condensed Matter Physics,0.9983999729156494,topic
W4411567880,Nanotechnology,0.5417317748069763,keyword
W4411567880,Computer science,0.5295701026916504,keyword
W4411567880,Resistive touchscreen,0.45849430561065674,keyword
W4411567880,Materials science,0.4516937732696533,keyword
W4411567880,Wearable computer,0.4510743021965027,keyword
W4411567880,Electronics,0.4357922673225403,keyword
W4411567880,Electrical engineering,0.25057846307754517,keyword
W4411567880,Embedded system,0.24462300539016724,keyword
W4411567880,Engineering,0.2110583782196045,keyword
W4411567880,Gas Sensing Nanomaterials and Sensors,1.0,topic
W4411567880,Advanced Chemical Sensor Technologies,0.9997000098228455,topic
W4411567880,Analytical Chemistry and Sensors,0.9987000226974487,topic
W4400813540,Bioelectronics,0.9038406610488892,keyword
W4400813540,Nanotechnology,0.6951116919517517,keyword
W4400813540,Interfacing,0.5161162614822388,keyword
W4400813540,Bioproduction,0.419779896736145,keyword
W4400813540,Computer science,0.3992723822593689,keyword
W4400813540,Engineering,0.32960960268974304,keyword
W4400813540,Biochemical engineering,0.3263227939605713,keyword
W4400813540,Materials science,0.2646925449371338,keyword
W4400813540,Biotechnology,0.15824052691459656,keyword
W4400813540,Biology,0.13598856329917908,keyword
W4400813540,Biosensor,0.1207740306854248,keyword
W4400813540,Neuroscience and Neural Engineering,0.9973000288009644,topic
W4400813540,Molecular Communication and Nanonetworks,0.9958000183105469,topic
W4400813540,Photoreceptor and optogenetics research,0.9577999711036682,topic
W4384914661,Perovskite (structure),0.7889173626899719,keyword
W4384914661,Transistor,0.6857854723930359,keyword
W4384914661,Materials science,0.6568846702575684,keyword
W4384914661,Field-effect transistor,0.631440281867981,keyword
W4384914661,Electronics,0.6106473207473755,keyword
W4384914661,Nanotechnology,0.5404253005981445,keyword
W4384914661,Organic electronics,0.4315989315509796,keyword
W4384914661,Chemistry,0.19136914610862732,keyword
W4384914661,Electrical engineering,0.1390666365623474,keyword
W4384914661,Engineering,0.08292308449745178,keyword
W4384914661,Organic chemistry,0.056147754192352295,keyword
W4384914661,Voltage,0.04950407147407532,keyword
W4384914661,Physical chemistry,0.0437127947807312,keyword
W4384914661,Perovskite Materials and Applications,1.0,topic
W4384914661,Conducting polymers and applications,0.9995999932289124,topic
W4384914661,2D Materials and Applications,0.9939000010490417,topic
W3028016103,Phase-change memory,0.7131537199020386,keyword
W3028016103,Neuromorphic engineering,0.6813467144966125,keyword
W3028016103,Computer science,0.6526603102684021,keyword
W3028016103,Decoupling (probability),0.6075187921524048,keyword
W3028016103,Key (lock),0.5014827251434326,keyword
W3028016103,Resistance (ecology),0.4237649440765381,keyword
W3028016103,Materials science,0.3388133943080902,keyword
W3028016103,Biological system,0.3267953395843506,keyword
W3028016103,Phase change,0.2855263948440552,keyword
W3028016103,Artificial neural network,0.2379712462425232,keyword
W3028016103,Physics,0.1935233771800995,keyword
W3028016103,Artificial intelligence,0.1896066665649414,keyword
W3028016103,Engineering physics,0.1757400929927826,keyword
W3028016103,Engineering,0.1022447943687439,keyword
W3028016103,Advanced Memory and Neural Computing,1.0,topic
W3028016103,Phase-change materials and chalcogenides,0.9995999932289124,topic
W3028016103,Ferroelectric and Negative Capacitance Devices,0.9977999925613403,topic
W4386830854,Subthreshold conduction,0.8276708126068115,keyword
W4386830854,Neuromorphic engineering,0.7642878890037537,keyword
W4386830854,Transistor,0.6778008341789246,keyword
W4386830854,CMOS,0.6105904579162598,keyword
W4386830854,Computer science,0.5301046371459961,keyword
W4386830854,Piezoresistive effect,0.4272412657737732,keyword
W4386830854,Electrical engineering,0.34802621603012085,keyword
W4386830854,Electronic engineering,0.3242638111114502,keyword
W4386830854,Materials science,0.31570136547088623,keyword
W4386830854,Voltage,0.3005378246307373,keyword
W4386830854,Optoelectronics,0.2732989192008972,keyword
W4386830854,Artificial intelligence,0.17963719367980957,keyword
W4386830854,Engineering,0.1524348258972168,keyword
W4386830854,Artificial neural network,0.1350102722644806,keyword
W4386830854,Advanced Memory and Neural Computing,1.0,topic
W4386830854,Neuroscience and Neural Engineering,0.9987999796867371,topic
W4386830854,Ferroelectric and Negative Capacitance Devices,0.9979000091552734,topic
W4328137208,PEDOT:PSS,0.8366954326629639,keyword
W4328137208,Microelectrode,0.7083991765975952,keyword
W4328137208,Materials science,0.6487991213798523,keyword
W4328137208,Tonic (physiology),0.5677933692932129,keyword
W4328137208,In vivo,0.5428568720817566,keyword
W4328137208,Carbon nanotube,0.49310800433158875,keyword
W4328137208,Electrode,0.4586491584777832,keyword
W4328137208,Nanotechnology,0.44697368144989014,keyword
W4328137208,Cyclic voltammetry,0.43332988023757935,keyword
W4328137208,Biomedical engineering,0.4263850450515747,keyword
W4328137208,Electrochemistry,0.29934418201446533,keyword
W4328137208,Chemistry,0.2742173671722412,keyword
W4328137208,Medicine,0.09121623635292053,keyword
W4328137208,Neuroscience and Neural Engineering,0.9995999932289124,topic
W4328137208,Electrochemical sensors and biosensors,0.9988999962806702,topic
W4328137208,Electrochemical Analysis and Applications,0.9958999752998352,topic
W4405191957,Materials science,0.7839633226394653,keyword
W4405191957,Optoelectronics,0.7430024743080139,keyword
W4405191957,Resistive random-access memory,0.6817774772644043,keyword
W4405191957,Memristor,0.5947123765945435,keyword
W4405191957,Neuromorphic engineering,0.47626993060112,keyword
W4405191957,Capacitance,0.46009203791618347,keyword
W4405191957,Ultraviolet,0.43024903535842896,keyword
W4405191957,Computer science,0.192968487739563,keyword
W4405191957,Voltage,0.13584908843040466,keyword
W4405191957,Electrical engineering,0.1276462972164154,keyword
W4405191957,Electrode,0.11393982172012329,keyword
W4405191957,Chemistry,0.1079666018486023,keyword
W4405191957,Advanced Memory and Neural Computing,0.9998999834060669,topic
W4405191957,Transition Metal Oxide Nanomaterials,0.9994999766349792,topic
W4405191957,Ga2O3 and related materials,0.9988999962806702,topic
W4288084836,Inverter,0.8178390264511108,keyword
W4288084836,Ternary operation,0.6704386472702026,keyword
W4288084836,CMOS,0.5993747711181641,keyword
W4288084836,Computer science,0.5430826544761658,keyword
W4288084836,Transistor,0.5107097625732422,keyword
W4288084836,Logic gate,0.49525752663612366,keyword
W4288084836,Voltage,0.454118937253952,keyword
W4288084836,Electronic engineering,0.42406558990478516,keyword
W4288084836,Electrical engineering,0.347146213054657,keyword
W4288084836,Algorithm,0.1600688397884369,keyword
W4288084836,Engineering,0.14893877506256104,keyword
W4288084836,Advancements in Semiconductor Devices and Circuit Design,0.9994999766349792,topic
W4288084836,Semiconductor materials and devices,0.9993000030517578,topic
W4288084836,Ferroelectric and Negative Capacitance Devices,0.9983000159263611,topic
W4383499707,Spinal cord,0.6739932298660278,keyword
W4383499707,Central nervous system,0.6497416496276855,keyword
W4383499707,Peripheral nervous system,0.5350810885429382,keyword
W4383499707,Peripheral,0.4926827549934387,keyword
W4383499707,Enteric nervous system,0.46185410022735596,keyword
W4383499707,Vagus nerve,0.45604848861694336,keyword
W4383499707,Chromosomal translocation,0.4384174644947052,keyword
W4383499707,Medicine,0.4370521008968353,keyword
W4383499707,Nerve root,0.42490410804748535,keyword
W4383499707,Biology,0.4047631621360779,keyword
W4383499707,Anatomy,0.3708551228046417,keyword
W4383499707,Pathology,0.3668038845062256,keyword
W4383499707,Neuroscience,0.2532144784927368,keyword
W4383499707,Internal medicine,0.13673406839370728,keyword
W4383499707,RNA Interference and Gene Delivery,0.9778000116348267,topic
W4383499707,Neuroinflammation and Neurodegeneration Mechanisms,0.9728999733924866,topic
W4383499707,Advanced Drug Delivery Systems,0.9642999768257141,topic
W4296741719,Resistive random-access memory,0.8629491925239563,keyword
W4296741719,Materials science,0.63629549741745,keyword
W4296741719,Bend radius,0.5642450451850891,keyword
W4296741719,Random access,0.46795594692230225,keyword
W4296741719,Bionics,0.45645520091056824,keyword
W4296741719,Bending,0.43885448575019836,keyword
W4296741719,Nanotechnology,0.3762611448764801,keyword
W4296741719,Optoelectronics,0.3501155972480774,keyword
W4296741719,Electrical engineering,0.3055700361728668,keyword
W4296741719,Computer science,0.2951146364212036,keyword
W4296741719,Composite material,0.17298266291618347,keyword
W4296741719,Engineering,0.14160847663879395,keyword
W4296741719,Voltage,0.08752721548080444,keyword
W4296741719,Advanced Memory and Neural Computing,1.0,topic
W4296741719,Transition Metal Oxide Nanomaterials,0.9980000257492065,topic
W4296741719,Ferroelectric and Negative Capacitance Devices,0.9958000183105469,topic
W4309263628,Materials science,0.9157062768936157,keyword
W4309263628,Nanowire,0.7263361215591431,keyword
W4309263628,Nanotechnology,0.5655747652053833,keyword
W4309263628,Electronics,0.4570394456386566,keyword
W4309263628,Insulator (electricity),0.449348509311676,keyword
W4309263628,Memristor,0.42391282320022583,keyword
W4309263628,Optoelectronics,0.41120463609695435,keyword
W4309263628,Engineering physics,0.38219618797302246,keyword
W4309263628,Electronic engineering,0.2356339395046234,keyword
W4309263628,Electrical engineering,0.13936477899551392,keyword
W4309263628,Advanced Memory and Neural Computing,1.0,topic
W4309263628,Neuroscience and Neural Engineering,0.9970999956130981,topic
W4309263628,Conducting polymers and applications,0.9968000054359436,topic
W4323924910,Biomarker,0.6977307796478271,keyword
W4323924910,Medicine,0.5830267071723938,keyword
W4323924910,Logistic regression,0.5826035141944885,keyword
W4323924910,Oncology,0.5646386742591858,keyword
W4323924910,Urine,0.5630384683609009,keyword
W4323924910,microRNA,0.5543102622032166,keyword
W4323924910,Internal medicine,0.5189880728721619,keyword
W4323924910,Urinary system,0.5170488953590393,keyword
W4323924910,Confidence interval,0.4645611345767975,keyword
W4323924910,Population,0.4628007113933563,keyword
W4323924910,Cohort study,0.4475475549697876,keyword
W4323924910,Cohort,0.4460950195789337,keyword
W4323924910,Bioinformatics,0.3667275011539459,keyword
W4323924910,Biology,0.17377129197120667,keyword
W4323924910,Genetics,0.1301332414150238,keyword
W4323924910,Gene,0.0832098126411438,keyword
W4323924910,Extracellular vesicles in disease,0.9993000030517578,topic
W4323924910,Reproductive System and Pregnancy,0.973800003528595,topic
W4323924910,MicroRNA in disease regulation,0.9606000185012817,topic
W4385347117,Materials science,0.8228884935379028,keyword
W4385347117,Optoelectronics,0.5309661626815796,keyword
W4385347117,Nanotechnology,0.4837667942047119,keyword
W4385347117,Chemical vapor deposition,0.47983691096305847,keyword
W4385347117,Transmittance,0.4365350008010864,keyword
W4385347117,Titanium dioxide,0.4363553524017334,keyword
W4385347117,Rutile,0.4252166450023651,keyword
W4385347117,Thin film,0.4192643165588379,keyword
W4385347117,Ultraviolet,0.41663116216659546,keyword
W4385347117,Chemical engineering,0.16524291038513184,keyword
W4385347117,Composite material,0.08611616492271423,keyword
W4385347117,Transition Metal Oxide Nanomaterials,1.0,topic
W4385347117,Gas Sensing Nanomaterials and Sensors,0.9976000189781189,topic
W4385347117,Ga2O3 and related materials,0.9950000047683716,topic
W4280605391,Spike (software development),0.6913038492202759,keyword
W4280605391,Axon,0.5350146889686584,keyword
W4280605391,Gaussian,0.4814264476299286,keyword
W4280605391,Laplace operator,0.4712168276309967,keyword
W4280605391,Nerve cells,0.46121370792388916,keyword
W4280605391,Physics,0.4587121605873108,keyword
W4280605391,Surface (topology),0.43324580788612366,keyword
W4280605391,Membrane,0.41514891386032104,keyword
W4280605391,Biophysics,0.38693878054618835,keyword
W4280605391,Neuroscience,0.3294951617717743,keyword
W4280605391,Materials science,0.327242374420166,keyword
W4280605391,Chemistry,0.29515552520751953,keyword
W4280605391,Computer science,0.2948768138885498,keyword
W4280605391,Biology,0.2666572332382202,keyword
W4280605391,Geometry,0.23285505175590515,keyword
W4280605391,Mathematics,0.20320799946784973,keyword
W4280605391,Plant and Biological Electrophysiology Studies,0.9977999925613403,topic
W4280605391,Photoreceptor and optogenetics research,0.9933000206947327,topic
W4280605391,Neural dynamics and brain function,0.9883000254631042,topic
W4404500211,Halide,0.7815908789634705,keyword
W4404500211,Memristor,0.6699137687683105,keyword
W4404500211,Perspective (graphical),0.6692816615104675,keyword
W4404500211,Perovskite (structure),0.6430112719535828,keyword
W4404500211,Materials science,0.49928998947143555,keyword
W4404500211,Metal,0.49557745456695557,keyword
W4404500211,Nanotechnology,0.4913231432437897,keyword
W4404500211,Computer science,0.2644535303115845,keyword
W4404500211,Chemistry,0.2537355124950409,keyword
W4404500211,Chemical engineering,0.21836450695991516,keyword
W4404500211,Inorganic chemistry,0.21396875381469727,keyword
W4404500211,Engineering,0.18506520986557007,keyword
W4404500211,Metallurgy,0.14086538553237915,keyword
W4404500211,Artificial intelligence,0.1048344075679779,keyword
W4404500211,Electronic engineering,0.0956200361251831,keyword
W4404500211,Perovskite Materials and Applications,1.0,topic
W4404500211,Advanced Memory and Neural Computing,0.9998999834060669,topic
W4404500211,Conducting polymers and applications,0.9991000294685364,topic
W4361009099,Memristor,0.8855962753295898,keyword
W4361009099,Bottleneck,0.6178376078605652,keyword
W4361009099,Von Neumann architecture,0.5963966250419617,keyword
W4361009099,Materials science,0.5330720543861389,keyword
W4361009099,Nanotechnology,0.48613497614860535,keyword
W4361009099,Computer science,0.44811776280403137,keyword
W4361009099,Microelectronics,0.43812960386276245,keyword
W4361009099,Electronic engineering,0.2872632145881653,keyword
W4361009099,Engineering,0.2299903929233551,keyword
W4361009099,Embedded system,0.14393046498298645,keyword
W4361009099,Advanced Memory and Neural Computing,0.9998999834060669,topic
W4361009099,Photoreceptor and optogenetics research,0.9929999709129333,topic
W4361009099,Carbon and Quantum Dots Applications,0.9925000071525574,topic
W4360615485,Microelectrode,0.8803869485855103,keyword
W4360615485,Microfluidics,0.7483614683151245,keyword
W4360615485,Multielectrode array,0.6955065131187439,keyword
W4360615485,Nanotechnology,0.6493697166442871,keyword
W4360615485,Microfluidic chip,0.5677732229232788,keyword
W4360615485,Lab-on-a-chip,0.5257100462913513,keyword
W4360615485,Materials science,0.46469351649284363,keyword
W4360615485,Chip,0.4544071555137634,keyword
W4360615485,Engineering,0.2901628613471985,keyword
W4360615485,Chemistry,0.20841029286384583,keyword
W4360615485,Electrical engineering,0.14150962233543396,keyword
W4360615485,Electrode,0.058352917432785034,keyword
W4360615485,Neuroscience and Neural Engineering,1.0,topic
W4360615485,Advanced Memory and Neural Computing,0.9994999766349792,topic
W4360615485,Analytical Chemistry and Sensors,0.996999979019165,topic
W4320713287,Ferroelectricity,0.680847704410553,keyword
W4320713287,Materials science,0.5091270804405212,keyword
W4320713287,Dielectric,0.5005016326904297,keyword
W4320713287,Field-effect transistor,0.48545604944229126,keyword
W4320713287,Conductance,0.4804084599018097,keyword
W4320713287,Transistor,0.445048987865448,keyword
W4320713287,Optoelectronics,0.38239389657974243,keyword
W4320713287,Analytical Chemistry (journal),0.34530511498451233,keyword
W4320713287,Physics,0.32879436016082764,keyword
W4320713287,Electrical engineering,0.3280308246612549,keyword
W4320713287,Condensed matter physics,0.22100374102592468,keyword
W4320713287,Chemistry,0.16910117864608765,keyword
W4320713287,Quantum mechanics,0.14251592755317688,keyword
W4320713287,Voltage,0.1348230540752411,keyword
W4320713287,Engineering,0.10848787426948547,keyword
W4320713287,Organic chemistry,0.08688414096832275,keyword
W4320713287,Ferroelectric and Negative Capacitance Devices,0.9998999834060669,topic
W4320713287,ZnO doping and properties,0.9993000030517578,topic
W4320713287,Semiconductor materials and devices,0.9991000294685364,topic
W4364379184,Multiferroics,0.7362473011016846,keyword
W4364379184,Materials science,0.7021205425262451,keyword
W4364379184,Ferroelectricity,0.6623544692993164,keyword
W4364379184,Valence (chemistry),0.5818844437599182,keyword
W4364379184,Resistive touchscreen,0.5660569667816162,keyword
W4364379184,Nanotechnology,0.4832202196121216,keyword
W4364379184,Memristor,0.4363239109516144,keyword
W4364379184,Resistive random-access memory,0.4313317537307739,keyword
W4364379184,Doping,0.42539891600608826,keyword
W4364379184,Optoelectronics,0.41749274730682373,keyword
W4364379184,Computer science,0.38086193799972534,keyword
W4364379184,Electronic engineering,0.3353521227836609,keyword
W4364379184,Electrical engineering,0.2187860608100891,keyword
W4364379184,Voltage,0.10035553574562073,keyword
W4364379184,Engineering,0.08576995134353638,keyword
W4364379184,Physics,0.07927387952804565,keyword
W4364379184,Advanced Memory and Neural Computing,0.9998999834060669,topic
W4364379184,Multiferroics and related materials,0.9990000128746033,topic
W4364379184,Ferroelectric and Piezoelectric Materials,0.9983999729156494,topic
W4323364574,Ferroelectricity,0.8219313621520996,keyword
W4323364574,Materials science,0.7856975793838501,keyword
W4323364574,Neuromorphic engineering,0.6684767007827759,keyword
W4323364574,Optoelectronics,0.5332638025283813,keyword
W4323364574,Phase-change memory,0.48037251830101013,keyword
W4323364574,Transistor,0.4548500180244446,keyword
W4323364574,Nanotechnology,0.2846657335758209,keyword
W4323364574,Computer science,0.27545392513275146,keyword
W4323364574,Voltage,0.2700965106487274,keyword
W4323364574,Electrical engineering,0.17763498425483704,keyword
W4323364574,Artificial neural network,0.07617807388305664,keyword
W4323364574,Advanced Memory and Neural Computing,1.0,topic
W4323364574,Ferroelectric and Negative Capacitance Devices,1.0,topic
W4323364574,Semiconductor materials and devices,0.9948999881744385,topic
W3093159007,Resonator,0.7637380361557007,keyword
W3093159007,Angular momentum,0.7482945919036865,keyword
W3093159007,Orbital angular momentum multiplexing,0.6969260573387146,keyword
W3093159007,Physics,0.672746479511261,keyword
W3093159007,Polarization (electrochemistry),0.6022297143936157,keyword
W3093159007,Optics,0.5164926052093506,keyword
W3093159007,Plasmon,0.5056743621826172,keyword
W3093159007,Orbital angular momentum of light,0.4762325882911682,keyword
W3093159007,Interferometry,0.43886905908584595,keyword
W3093159007,Optoelectronics,0.37942734360694885,keyword
W3093159007,Total angular momentum quantum number,0.347450852394104,keyword
W3093159007,Quantum mechanics,0.10578593611717224,keyword
W3093159007,Orbital Angular Momentum in Optics,1.0,topic
W3093159007,Plasmonic and Surface Plasmon Research,0.9994000196456909,topic
W3093159007,Metamaterials and Metasurfaces Applications,0.9986000061035156,topic
W4398146880,Memristor,0.7621555328369141,keyword
W4398146880,Computer science,0.37408435344696045,keyword
W4398146880,Medicine,0.35667356848716736,keyword
W4398146880,Electrical engineering,0.22743967175483704,keyword
W4398146880,Engineering,0.22450757026672363,keyword
W4398146880,Advanced Memory and Neural Computing,1.0,topic
W4398146880,Neuroscience and Neural Engineering,0.9997000098228455,topic
W4398146880,CCD and CMOS Imaging Sensors,0.9965999722480774,topic
W4311678012,Thin-film transistor,0.8930661678314209,keyword
W4311678012,Transistor,0.6876166462898254,keyword
W4311678012,Threshold voltage,0.6026740074157715,keyword
W4311678012,Conductance,0.586391031742096,keyword
W4311678012,Materials science,0.5614529252052307,keyword
W4311678012,Linearity,0.5442521572113037,keyword
W4311678012,Trapping,0.5418267250061035,keyword
W4311678012,Optoelectronics,0.4981410503387451,keyword
W4311678012,Voltage,0.4530181884765625,keyword
W4311678012,Amorphous solid,0.43189701437950134,keyword
W4311678012,Computer science,0.3907037675380707,keyword
W4311678012,Layer (electronics),0.3533172607421875,keyword
W4311678012,Electrical engineering,0.35285547375679016,keyword
W4311678012,Physics,0.2999323606491089,keyword
W4311678012,Chemistry,0.2508586645126343,keyword
W4311678012,Nanotechnology,0.2036283314228058,keyword
W4311678012,Condensed matter physics,0.18957123160362244,keyword
W4311678012,Crystallography,0.08353021740913391,keyword
W4311678012,Engineering,0.0791921615600586,keyword
W4311678012,Advanced Memory and Neural Computing,1.0,topic
W4311678012,CCD and CMOS Imaging Sensors,0.9988999962806702,topic
W4311678012,Thin-Film Transistor Technologies,0.9983000159263611,topic
W4205965801,Environmental science,0.6305627226829529,keyword
W4205965801,Computer science,0.42780381441116333,keyword
W4205965801,Biochemical engineering,0.4217957854270935,keyword
W4205965801,Remote sensing,0.4107223451137543,keyword
W4205965801,Process engineering,0.40886855125427246,keyword
W4205965801,Engineering,0.20734965801239014,keyword
W4205965801,Geology,0.0866352915763855,keyword
W4205965801,Analytical Chemistry and Sensors,1.0,topic
W4205965801,Advanced Chemical Sensor Technologies,0.9988999962806702,topic
W4205965801,Water Quality Monitoring and Analysis,0.9979000091552734,topic
W4406477905,Computer science,0.3484535217285156,keyword
W4406477905,Nanotechnology,0.3410673141479492,keyword
W4406477905,Materials science,0.28150418400764465,keyword
W4406477905,Electronic and Structural Properties of Oxides,0.9998000264167786,topic
W4406477905,Advanced Condensed Matter Physics,0.9994999766349792,topic
W4406477905,2D Materials and Applications,0.9994000196456909,topic
W4383535174,Bionics,0.6586960554122925,keyword
W4383535174,Computer science,0.5787085890769958,keyword
W4383535174,Identification (biology),0.4542059302330017,keyword
W4383535174,Nanotechnology,0.43960872292518616,keyword
W4383535174,Human health,0.4211546778678894,keyword
W4383535174,Field (mathematics),0.4152357578277588,keyword
W4383535174,Reliability (semiconductor),0.4132877588272095,keyword
W4383535174,Systems engineering,0.33959275484085083,keyword
W4383535174,Engineering,0.2751544713973999,keyword
W4383535174,Artificial intelligence,0.21799588203430176,keyword
W4383535174,Materials science,0.1473081111907959,keyword
W4383535174,Medicine,0.09423631429672241,keyword
W4383535174,Advanced Sensor and Energy Harvesting Materials,0.9998999834060669,topic
W4383535174,Conducting polymers and applications,0.9980000257492065,topic
W4383535174,Neuroscience and Neural Engineering,0.9868000149726868,topic
W4285027404,Memristor,0.955941915512085,keyword
W4285027404,Artificial neural network,0.6968559622764587,keyword
W4285027404,Computer science,0.6536567211151123,keyword
W4285027404,Resistive random-access memory,0.5906950235366821,keyword
W4285027404,Neuromorphic engineering,0.5374010801315308,keyword
W4285027404,Artificial intelligence,0.4960368573665619,keyword
W4285027404,Relation (database),0.48544079065322876,keyword
W4285027404,CMOS,0.4608570635318756,keyword
W4285027404,Process (computing),0.4275619685649872,keyword
W4285027404,Photonics,0.4175906181335449,keyword
W4285027404,Computer architecture,0.41064688563346863,keyword
W4285027404,Electronic engineering,0.38214731216430664,keyword
W4285027404,Electrical engineering,0.2799991965293884,keyword
W4285027404,Engineering,0.21198546886444092,keyword
W4285027404,Voltage,0.152808278799057,keyword
W4285027404,Materials science,0.13055729866027832,keyword
W4285027404,Data mining,0.10713157057762146,keyword
W4285027404,Advanced Memory and Neural Computing,1.0,topic
W4285027404,Neuroscience and Neural Engineering,0.9984999895095825,topic
W4285027404,CCD and CMOS Imaging Sensors,0.9977999925613403,topic
W4388895537,Plasmon,0.6951460838317871,keyword
W4388895537,Neuromodulation,0.6571590900421143,keyword
W4388895537,Neural engineering,0.6101595163345337,keyword
W4388895537,Computer science,0.5566052794456482,keyword
W4388895537,Interface (matter),0.5139479041099548,keyword
W4388895537,Neuroscience,0.47423145174980164,keyword
W4388895537,Nanotechnology,0.45225170254707336,keyword
W4388895537,Artificial intelligence,0.32228371500968933,keyword
W4388895537,Central nervous system,0.29226577281951904,keyword
W4388895537,Physics,0.27496543526649475,keyword
W4388895537,Materials science,0.25659817457199097,keyword
W4388895537,Biology,0.23610472679138184,keyword
W4388895537,Optoelectronics,0.09532323479652405,keyword
W4388895537,Molecular Communication and Nanonetworks,0.9997000098228455,topic
W4388895537,Photoreceptor and optogenetics research,0.9994000196456909,topic
W4388895537,Gold and Silver Nanoparticles Synthesis and Applications,0.9979000091552734,topic
W4392467172,Laser,0.7781243324279785,keyword
W4392467172,Materials science,0.7581766247749329,keyword
W4392467172,Perovskite (structure),0.6107620596885681,keyword
W4392467172,Photothermal therapy,0.5957541465759277,keyword
W4392467172,Optoelectronics,0.5520201921463013,keyword
W4392467172,Photoluminescence,0.5073575377464294,keyword
W4392467172,Nanotechnology,0.505280077457428,keyword
W4392467172,Nanocrystal,0.49596652388572693,keyword
W4392467172,Optical storage,0.48008590936660767,keyword
W4392467172,Laser ablation,0.4717489182949066,keyword
W4392467172,Lithography,0.43576645851135254,keyword
W4392467172,Fabrication,0.43547549843788147,keyword
W4392467172,Engineering physics,0.35025620460510254,keyword
W4392467172,Optics,0.25108492374420166,keyword
W4392467172,Chemical engineering,0.09975603222846985,keyword
W4392467172,Perovskite Materials and Applications,0.9998000264167786,topic
W4392467172,Quantum Dots Synthesis And Properties,0.9855999946594238,topic
W4392467172,Optical properties and cooling technologies in crystalline materials,0.9718000292778015,topic
W4386056884,Pesticide,0.5345306396484375,keyword
W4386056884,Nanotechnology,0.48098766803741455,keyword
W4386056884,Electrochemical gas sensor,0.4350237548351288,keyword
W4386056884,Chemistry,0.4035985469818115,keyword
W4386056884,Biochemical engineering,0.35945966839790344,keyword
W4386056884,Materials science,0.24884086847305298,keyword
W4386056884,Electrochemistry,0.1995222270488739,keyword
W4386056884,Electrode,0.1543993055820465,keyword
W4386056884,Engineering,0.0688723623752594,keyword
W4386056884,Electrochemical sensors and biosensors,0.9998999834060669,topic
W4386056884,Electrochemical Analysis and Applications,0.9998000264167786,topic
W4386056884,Analytical Chemistry and Sensors,0.9983999729156494,topic
W3016070854,Huperzine A,0.7544294595718384,keyword
W3016070854,Acetylcholinesterase,0.6672554612159729,keyword
W3016070854,Pharmacology,0.4724876284599304,keyword
W3016070854,Drug,0.4537534713745117,keyword
W3016070854,Biotechnology,0.3778255879878998,keyword
W3016070854,Medicine,0.3503328263759613,keyword
W3016070854,Biology,0.277824729681015,keyword
W3016070854,Biochemistry,0.1629515290260315,keyword
W3016070854,Enzyme,0.15576571226119995,keyword
W3016070854,Cholinesterase and Neurodegenerative Diseases,0.9997000098228455,topic
W3016070854,Computational Drug Discovery Methods,0.9965000152587891,topic
W3016070854,Chemical synthesis and alkaloids,0.9925000071525574,topic
W3167867709,Materials science,0.591179370880127,keyword
W3167867709,van der Waals force,0.5267590880393982,keyword
W3167867709,Semiconductor,0.5106678605079651,keyword
W3167867709,Nanotechnology,0.508314311504364,keyword
W3167867709,Optoelectronics,0.48643040657043457,keyword
W3167867709,Computer science,0.37351691722869873,keyword
W3167867709,Chemistry,0.21491679549217224,keyword
W3167867709,Advanced Memory and Neural Computing,1.0,topic
W3167867709,Photoreceptor and optogenetics research,0.998199999332428,topic
W3167867709,Neuroscience and Neural Engineering,0.9979000091552734,topic
W3213577936,Materials science,0.8377997875213623,keyword
W3213577936,Transistor,0.775165319442749,keyword
W3213577936,Optoelectronics,0.5755206942558289,keyword
W3213577936,Nanotechnology,0.472564160823822,keyword
W3213577936,Engineering physics,0.3206777572631836,keyword
W3213577936,Electrical engineering,0.21753987669944763,keyword
W3213577936,Voltage,0.09760051965713501,keyword
W3213577936,Engineering,0.07678839564323425,keyword
W3213577936,Organic Electronics and Photovoltaics,0.9998999834060669,topic
W3213577936,Conducting polymers and applications,0.9998000264167786,topic
W3213577936,Advanced Memory and Neural Computing,0.9987999796867371,topic
W3032089875,Materials science,0.8122655153274536,keyword
W3032089875,Memristor,0.77802574634552,keyword
W3032089875,Hysteresis,0.6460265517234802,keyword
W3032089875,Optoelectronics,0.5174953937530518,keyword
W3032089875,Electrical engineering,0.4663032591342926,keyword
W3032089875,Electroforming,0.42975395917892456,keyword
W3032089875,Quantum tunnelling,0.4138685464859009,keyword
W3032089875,Nanotechnology,0.39763182401657104,keyword
W3032089875,Condensed matter physics,0.19492438435554504,keyword
W3032089875,Layer (electronics),0.1549399197101593,keyword
W3032089875,Physics,0.12143254280090332,keyword
W3032089875,Advanced Memory and Neural Computing,1.0,topic
W3032089875,Transition Metal Oxide Nanomaterials,0.9990000128746033,topic
W3032089875,Neuroscience and Neural Engineering,0.9979000091552734,topic
W4399773773,Window (computing),0.6515612006187439,keyword
W4399773773,Transient (computer programming),0.6173468232154846,keyword
W4399773773,Photoconductivity,0.6163027286529541,keyword
W4399773773,Materials science,0.557224452495575,keyword
W4399773773,Optoelectronics,0.4703163206577301,keyword
W4399773773,Indigo,0.4554760456085205,keyword
W4399773773,Memristor,0.42443063855171204,keyword
W4399773773,Computer science,0.36128753423690796,keyword
W4399773773,Optics,0.2104029357433319,keyword
W4399773773,Physics,0.197079598903656,keyword
W4399773773,Electrical engineering,0.17416447401046753,keyword
W4399773773,Engineering,0.1014413833618164,keyword
W4399773773,Advanced Memory and Neural Computing,1.0,topic
W4399773773,Transition Metal Oxide Nanomaterials,0.9973000288009644,topic
W4399773773,CCD and CMOS Imaging Sensors,0.991599977016449,topic
W4401933904,Wearable computer,0.8424246311187744,keyword
W4401933904,Self-healing hydrogels,0.7498711347579956,keyword
W4401933904,SIGNAL (programming language),0.6095876693725586,keyword
W4401933904,Wearable technology,0.5688343048095703,keyword
W4401933904,Nanomaterials,0.48990267515182495,keyword
W4401933904,Computer science,0.47848838567733765,keyword
W4401933904,Nanotechnology,0.4672619700431824,keyword
W4401933904,Electrophysiology,0.4180049002170563,keyword
W4401933904,Materials science,0.3785867393016815,keyword
W4401933904,Embedded system,0.23905950784683228,keyword
W4401933904,Neuroscience,0.11373183131217957,keyword
W4401933904,Advanced Sensor and Energy Harvesting Materials,0.9998999834060669,topic
W4401933904,Conducting polymers and applications,0.993399977684021,topic
W4401933904,Muscle activation and electromyography studies,0.9495999813079834,topic
W3176979027,Artificial neural network,0.7207428812980652,keyword
W3176979027,Multilayer perceptron,0.6985608339309692,keyword
W3176979027,Computer science,0.6125181317329407,keyword
W3176979027,Metaheuristic,0.5633249282836914,keyword
W3176979027,Perceptron,0.4825010299682617,keyword
W3176979027,Sensitivity (control systems),0.41808241605758667,keyword
W3176979027,Algorithm,0.40892088413238525,keyword
W3176979027,Machine learning,0.3658747673034668,keyword
W3176979027,Artificial intelligence,0.32120481133461,keyword
W3176979027,Engineering,0.12927812337875366,keyword
W3176979027,Textile materials and evaluations,0.9894999861717224,topic
W3176979027,Dyeing and Modifying Textile Fibers,0.9670000076293945,topic
W4387568489,PEDOT:PSS,0.8663644194602966,keyword
W4387568489,Materials science,0.8237094283103943,keyword
W4387568489,Bioelectronics,0.7970906496047974,keyword
W4387568489,Neuromorphic engineering,0.7319052219390869,keyword
W4387568489,Conformable matrix,0.6802022457122803,keyword
W4387568489,Fiber,0.6666034460067749,keyword
W4387568489,Nanotechnology,0.525418758392334,keyword
W4387568489,Electrode,0.4827236831188202,keyword
W4387568489,Conductive polymer,0.44926732778549194,keyword
W4387568489,Transistor,0.4247099757194519,keyword
W4387568489,Optoelectronics,0.3572249710559845,keyword
W4387568489,Polymer,0.19736453890800476,keyword
W4387568489,Biosensor,0.18873977661132812,keyword
W4387568489,Computer science,0.16985949873924255,keyword
W4387568489,Voltage,0.13839682936668396,keyword
W4387568489,Composite material,0.1383947730064392,keyword
W4387568489,Electrical engineering,0.1319941282272339,keyword
W4387568489,Layer (electronics),0.10322189331054688,keyword
W4387568489,Conducting polymers and applications,1.0,topic
W4387568489,Advanced Sensor and Energy Harvesting Materials,0.9998000264167786,topic
W4387568489,Supercapacitor Materials and Fabrication,0.9993000030517578,topic
W4399029753,Electrode,0.7229864001274109,keyword
W4399029753,Materials science,0.6864498853683472,keyword
W4399029753,Memristor,0.5947979092597961,keyword
W4399029753,Optoelectronics,0.5595930218696594,keyword
W4399029753,Nanotechnology,0.5303210616111755,keyword
W4399029753,Resistive touchscreen,0.4545208811759949,keyword
W4399029753,Electrical engineering,0.18072545528411865,keyword
W4399029753,Chemistry,0.14218884706497192,keyword
W4399029753,Engineering,0.09840375185012817,keyword
W4399029753,Advanced Memory and Neural Computing,1.0,topic
W4399029753,Neuroscience and Neural Engineering,0.998199999332428,topic
W4399029753,CCD and CMOS Imaging Sensors,0.9914000034332275,topic
W4387439890,Scalability,0.7595558166503906,keyword
W4387439890,Dewetting,0.6932594180107117,keyword
W4387439890,Materials science,0.6789184808731079,keyword
W4387439890,Neuromorphic engineering,0.5602968335151672,keyword
W4387439890,Long-term potentiation,0.5484689474105835,keyword
W4387439890,Synaptic weight,0.5076416730880737,keyword
W4387439890,Computer science,0.5072776675224304,keyword
W4387439890,Capacitance,0.4483746290206909,keyword
W4387439890,Nanotechnology,0.435520738363266,keyword
W4387439890,Optoelectronics,0.3859736919403076,keyword
W4387439890,Biological system,0.3711308538913727,keyword
W4387439890,Artificial neural network,0.23500600457191467,keyword
W4387439890,Artificial intelligence,0.22317612171173096,keyword
W4387439890,Thin film,0.13042357563972473,keyword
W4387439890,Chemistry,0.12988004088401794,keyword
W4387439890,Advanced Memory and Neural Computing,1.0,topic
W4387439890,Ferroelectric and Negative Capacitance Devices,0.9966999888420105,topic
W4387439890,Neural Networks and Reservoir Computing,0.9965999722480774,topic
W4405828408,Electronics,0.5677622556686401,keyword
W4405828408,Synapse,0.5668035745620728,keyword
W4405828408,Nanotechnology,0.36732327938079834,keyword
W4405828408,Computer science,0.33083850145339966,keyword
W4405828408,Neuroscience,0.32777127623558044,keyword
W4405828408,Engineering,0.30871450901031494,keyword
W4405828408,Materials science,0.25627630949020386,keyword
W4405828408,Electrical engineering,0.20667189359664917,keyword
W4405828408,Biology,0.1761234700679779,keyword
W4405828408,Advanced Memory and Neural Computing,1.0,topic
W4405828408,Neuroscience and Neural Engineering,0.9983000159263611,topic
W4405828408,Photoreceptor and optogenetics research,0.9962999820709229,topic
W4200044291,TRPV4,0.6879566311836243,keyword
W4200044291,Fluorescence,0.5602209568023682,keyword
W4200044291,Ischemia,0.5325213074684143,keyword
W4200044291,Biophysics,0.39519253373146057,keyword
W4200044291,Chemistry,0.36673393845558167,keyword
W4200044291,Neuroscience,0.36579692363739014,keyword
W4200044291,Cell biology,0.32661616802215576,keyword
W4200044291,Psychology,0.2195652425289154,keyword
W4200044291,Medicine,0.19851309061050415,keyword
W4200044291,Physics,0.1847633421421051,keyword
W4200044291,Biology,0.1682446002960205,keyword
W4200044291,Ion channel,0.14598757028579712,keyword
W4200044291,Optics,0.12357822060585022,keyword
W4200044291,Internal medicine,0.1234443187713623,keyword
W4200044291,Biochemistry,0.10196542739868164,keyword
W4200044291,Ion Channels and Receptors,0.9991000294685364,topic
W4200044291,Photoreceptor and optogenetics research,0.9941999912261963,topic
W4200044291,Connexins and lens biology,0.9919000267982483,topic
W4283396059,Cryo-electron microscopy,0.7030917406082153,keyword
W4283396059,Sample preparation,0.6915740370750427,keyword
W4283396059,Sample (material),0.5776124000549316,keyword
W4283396059,Nanotechnology,0.5748139023780823,keyword
W4283396059,Computer science,0.49771788716316223,keyword
W4283396059,Process (computing),0.48070722818374634,keyword
W4283396059,Limiting,0.4691167175769806,keyword
W4283396059,Process engineering,0.41024279594421387,keyword
W4283396059,Biochemical engineering,0.40259212255477905,keyword
W4283396059,Materials science,0.3955867290496826,keyword
W4283396059,Chemistry,0.16061964631080627,keyword
W4283396059,Chromatography,0.14336830377578735,keyword
W4283396059,Engineering,0.12310335040092468,keyword
W4283396059,Advanced Electron Microscopy Techniques and Applications,0.9998999834060669,topic
W4283396059,Electron and X-Ray Spectroscopy Techniques,0.9933000206947327,topic
W4283396059,Advanced X-ray Imaging Techniques,0.9491000175476074,topic
W4403625180,Josephson effect,0.9285944700241089,keyword
W4403625180,Supercurrent,0.8599061965942383,keyword
W4403625180,Pi Josephson junction,0.6717051267623901,keyword
W4403625180,Physics,0.6396709680557251,keyword
W4403625180,Condensed matter physics,0.5857468843460083,keyword
W4403625180,Nanowire,0.5833901762962341,keyword
W4403625180,Quantum,0.5219618678092957,keyword
W4403625180,Cooper pair,0.5052843689918518,keyword
W4403625180,Superconductivity,0.47895175218582153,keyword
W4403625180,Rapid single flux quantum,0.4195689857006073,keyword
W4403625180,Quantum mechanics,0.37615036964416504,keyword
W4403625180,Topological Materials and Phenomena,0.9998999834060669,topic
W4403625180,Quantum and electron transport phenomena,0.9997000098228455,topic
W4403625180,Physics of Superconductivity and Magnetism,0.9988999962806702,topic
W4399304513,Glutamate receptor,0.6868568062782288,keyword
W4399304513,Neuroscience,0.6714970469474792,keyword
W4399304513,Computer science,0.5514647364616394,keyword
W4399304513,Neural engineering,0.46283459663391113,keyword
W4399304513,Neurotransmission,0.4215150773525238,keyword
W4399304513,Nanotechnology,0.3888856768608093,keyword
W4399304513,Biochemical engineering,0.3702431917190552,keyword
W4399304513,Biology,0.30910927057266235,keyword
W4399304513,Materials science,0.24900737404823303,keyword
W4399304513,Engineering,0.13138136267662048,keyword
W4399304513,Biochemistry,0.08581778407096863,keyword
W4399304513,Conducting polymers and applications,0.9972000122070312,topic
W4399304513,Advanced Memory and Neural Computing,0.996399998664856,topic
W4399304513,Neuroscience and Neuropharmacology Research,0.9962000250816345,topic
W4402862057,Bioelectronics,0.9592614769935608,keyword
W4402862057,Self-healing hydrogels,0.862269401550293,keyword
W4402862057,Nanotechnology,0.7553414106369019,keyword
W4402862057,Materials science,0.6807542443275452,keyword
W4402862057,Biocompatibility,0.6105552911758423,keyword
W4402862057,Nanocomposite,0.5598914623260498,keyword
W4402862057,Soft materials,0.4875175654888153,keyword
W4402862057,Electronics,0.48622170090675354,keyword
W4402862057,Surface modification,0.47378110885620117,keyword
W4402862057,Flexible electronics,0.4583195745944977,keyword
W4402862057,Electrical conductor,0.45219454169273376,keyword
W4402862057,Conductive polymer,0.42381012439727783,keyword
W4402862057,Stretchable electronics,0.42253953218460083,keyword
W4402862057,Biosensor,0.2505916953086853,keyword
W4402862057,Engineering,0.16894489526748657,keyword
W4402862057,Polymer,0.14773845672607422,keyword
W4402862057,Electrical engineering,0.1364154815673828,keyword
W4402862057,Mechanical engineering,0.12731114029884338,keyword
W4402862057,Composite material,0.0829603374004364,keyword
W4402862057,Advanced Sensor and Energy Harvesting Materials,0.9997000098228455,topic
W4402862057,Neuroscience and Neural Engineering,0.9983999729156494,topic
W4402862057,Conducting polymers and applications,0.9932000041007996,topic
W4413241168,Fiber,0.4510461986064911,keyword
W4413241168,Computer science,0.4226987063884735,keyword
W4413241168,Materials science,0.3448115587234497,keyword
W4413241168,Composite material,0.1053609549999237,keyword
W4413241168,Neuroscience and Neural Engineering,0.9979000091552734,topic
W4413241168,Advanced Memory and Neural Computing,0.9966999888420105,topic
W4413241168,Conducting polymers and applications,0.9943000078201294,topic
W4399212192,Neuromorphic engineering,0.9472469687461853,keyword
W4399212192,Perovskite (structure),0.6240856647491455,keyword
W4399212192,Realization (probability),0.5602540373802185,keyword
W4399212192,Computer science,0.5475519895553589,keyword
W4399212192,Long-term potentiation,0.46148601174354553,keyword
W4399212192,Materials science,0.44840008020401,keyword
W4399212192,Metaplasticity,0.42141464352607727,keyword
W4399212192,Neuroscience,0.38400623202323914,keyword
W4399212192,Nanotechnology,0.36696428060531616,keyword
W4399212192,Artificial neural network,0.3568466901779175,keyword
W4399212192,Artificial intelligence,0.3420564830303192,keyword
W4399212192,Chemistry,0.2142561972141266,keyword
W4399212192,Biology,0.17779439687728882,keyword
W4399212192,Advanced Memory and Neural Computing,1.0,topic
W4399212192,Photoreceptor and optogenetics research,0.9993000030517578,topic
W4399212192,Perovskite Materials and Applications,0.9972000122070312,topic
W4400082752,Computer science,0.6109586358070374,keyword
W4400082752,Theoretical computer science,0.39663177728652954,keyword
W4400082752,Distributed computing,0.3362346291542053,keyword
W4400082752,Advanced Memory and Neural Computing,1.0,topic
W4400082752,Neuroscience and Neural Engineering,0.9973000288009644,topic
W4400082752,Ferroelectric and Negative Capacitance Devices,0.9962999820709229,topic
W4393239787,Graphene,0.9109905362129211,keyword
W4393239787,Oxide,0.7793081998825073,keyword
W4393239787,Neuromorphic engineering,0.7457538843154907,keyword
W4393239787,Membrane,0.6470761299133301,keyword
W4393239787,Materials science,0.5776466131210327,keyword
W4393239787,Graphene oxide paper,0.5370252728462219,keyword
W4393239787,Function (biology),0.47143593430519104,keyword
W4393239787,Nanotechnology,0.4033777117729187,keyword
W4393239787,Chemical engineering,0.34831494092941284,keyword
W4393239787,Chemistry,0.23693719506263733,keyword
W4393239787,Computer science,0.22227483987808228,keyword
W4393239787,Artificial intelligence,0.14401030540466309,keyword
W4393239787,Engineering,0.09611931443214417,keyword
W4393239787,Metallurgy,0.08844712376594543,keyword
W4393239787,Biology,0.08165246248245239,keyword
W4393239787,Cell biology,0.08089989423751831,keyword
W4393239787,Artificial neural network,0.0761955976486206,keyword
W4393239787,Biochemistry,0.0594048798084259,keyword
W4393239787,Graphene research and applications,0.9997000098228455,topic
W4393239787,Nanopore and Nanochannel Transport Studies,0.9991000294685364,topic
W4393239787,Graphene and Nanomaterials Applications,0.9983000159263611,topic
W4399118682,Molecular switch,0.640082597732544,keyword
W4399118682,Computer science,0.6198221445083618,keyword
W4399118682,Nanotechnology,0.5274085402488708,keyword
W4399118682,Key (lock),0.5075505971908569,keyword
W4399118682,Electronic circuit,0.426422119140625,keyword
W4399118682,Materials science,0.2485678493976593,keyword
W4399118682,Electrical engineering,0.23681721091270447,keyword
W4399118682,Chemistry,0.18384361267089844,keyword
W4399118682,Molecule,0.18065795302391052,keyword
W4399118682,Engineering,0.13416433334350586,keyword
W4399118682,Advanced Memory and Neural Computing,0.9997000098228455,topic
W4399118682,Molecular Junctions and Nanostructures,0.9997000098228455,topic
W4399118682,Advanced biosensing and bioanalysis techniques,0.9993000030517578,topic
W4405456558,Computer science,0.5130142569541931,keyword
W4405456558,Neuroscience,0.35165148973464966,keyword
W4405456558,Psychology,0.2907717823982239,keyword
W4405456558,Advanced Memory and Neural Computing,0.9998999834060669,topic
W4405456558,EEG and Brain-Computer Interfaces,0.9993000030517578,topic
W4405456558,Neural dynamics and brain function,0.9990000128746033,topic
W4388945055,Neurodegeneration,0.6758725643157959,keyword
W4388945055,Neuroprotection,0.6609774827957153,keyword
W4388945055,Nanomedicine,0.6495944261550903,keyword
W4388945055,Solid lipid nanoparticle,0.5915176868438721,keyword
W4388945055,Neuroinflammation,0.5247480869293213,keyword
W4388945055,Pharmacology,0.47022008895874023,keyword
W4388945055,Oxidative stress,0.4450315535068512,keyword
W4388945055,Drug delivery,0.4232729375362396,keyword
W4388945055,Chemistry,0.3878628611564636,keyword
W4388945055,Medicine,0.3067553639411926,keyword
W4388945055,Drug,0.2973095774650574,keyword
W4388945055,Nanotechnology,0.2413964569568634,keyword
W4388945055,Biochemistry,0.1985986828804016,keyword
W4388945055,Inflammation,0.15677368640899658,keyword
W4388945055,Nanoparticle,0.1566580832004547,keyword
W4388945055,Materials science,0.15463513135910034,keyword
W4388945055,Immunology,0.11261159181594849,keyword
W4388945055,RNA Interference and Gene Delivery,1.0,topic
W4388945055,Lipid Membrane Structure and Behavior,0.9987999796867371,topic
W4388945055,Supramolecular Self-Assembly in Materials,0.9968000054359436,topic
W4294613138,Graphene,0.7463634610176086,keyword
W4294613138,Materials science,0.7370020151138306,keyword
W4294613138,Hexagonal boron nitride,0.60526442527771,keyword
W4294613138,Ab initio,0.603261411190033,keyword
W4294613138,Electrode,0.5602298378944397,keyword
W4294613138,Neuromorphic engineering,0.4827951192855835,keyword
W4294613138,Inert,0.47616976499557495,keyword
W4294613138,Chemical physics,0.47130072116851807,keyword
W4294613138,Formalism (music),0.46049124002456665,keyword
W4294613138,Optoelectronics,0.44614121317863464,keyword
W4294613138,Density functional theory,0.4428729712963104,keyword
W4294613138,Nanotechnology,0.43850693106651306,keyword
W4294613138,Nitride,0.4315425455570221,keyword
W4294613138,Contact resistance,0.42680028080940247,keyword
W4294613138,Ab initio quantum chemistry methods,0.41524916887283325,keyword
W4294613138,Boron nitride,0.41491252183914185,keyword
W4294613138,Computational chemistry,0.23555684089660645,keyword
W4294613138,Layer (electronics),0.16008219122886658,keyword
W4294613138,Chemistry,0.15579485893249512,keyword
W4294613138,Molecule,0.1420331597328186,keyword
W4294613138,Computer science,0.1106620728969574,keyword
W4294613138,Advanced Memory and Neural Computing,1.0,topic
W4294613138,Graphene research and applications,0.9994999766349792,topic
W4294613138,2D Materials and Applications,0.998199999332428,topic
W4210858261,Resistive touchscreen,0.7377204298973083,keyword
W4210858261,Statistical physics,0.5846885442733765,keyword
W4210858261,Exponential function,0.554668128490448,keyword
W4210858261,Process (computing),0.5317316055297852,keyword
W4210858261,Thermal,0.4933086931705475,keyword
W4210858261,Physics,0.49020153284072876,keyword
W4210858261,Phenomenon,0.47073113918304443,keyword
W4210858261,Exponential growth,0.46800652146339417,keyword
W4210858261,Biological system,0.46560198068618774,keyword
W4210858261,Computer science,0.41771191358566284,keyword
W4210858261,Mechanics,0.33514851331710815,keyword
W4210858261,Biology,0.16926205158233643,keyword
W4210858261,Quantum mechanics,0.16384798288345337,keyword
W4210858261,Mathematics,0.13322123885154724,keyword
W4210858261,Mathematical analysis,0.1068321168422699,keyword
W4210858261,Thermodynamics,0.0779431164264679,keyword
W4210858261,Advanced Memory and Neural Computing,1.0,topic
W4210858261,Neural dynamics and brain function,0.9991000294685364,topic
W4210858261,Neural Networks and Reservoir Computing,0.9955000281333923,topic
W4411259639,Neuromorphic engineering,0.9753533601760864,keyword
W4411259639,Transistor,0.5594794750213623,keyword
W4411259639,Computer science,0.5399515628814697,keyword
W4411259639,Perception,0.49017176032066345,keyword
W4411259639,Materials science,0.4652266204357147,keyword
W4411259639,Computer architecture,0.458435595035553,keyword
W4411259639,Thin-film transistor,0.44455912709236145,keyword
W4411259639,Optoelectronics,0.42249345779418945,keyword
W4411259639,Neuroscience,0.27147117257118225,keyword
W4411259639,Artificial intelligence,0.26068323850631714,keyword
W4411259639,Nanotechnology,0.24354419112205505,keyword
W4411259639,Electrical engineering,0.20293188095092773,keyword
W4411259639,Artificial neural network,0.1649690568447113,keyword
W4411259639,Engineering,0.16249406337738037,keyword
W4411259639,Psychology,0.15810883045196533,keyword
W4411259639,Advanced Memory and Neural Computing,0.9998999834060669,topic
W4411259639,CCD and CMOS Imaging Sensors,0.9987000226974487,topic
W4411259639,Neuroscience and Neural Engineering,0.9973999857902527,topic
W4385758403,Biosensor,0.9241877794265747,keyword
W4385758403,Dopamine,0.7517392635345459,keyword
W4385758403,Nanotechnology,0.4791802167892456,keyword
W4385758403,Materials science,0.29847079515457153,keyword
W4385758403,Neuroscience,0.2923590838909149,keyword
W4385758403,Biology,0.2628704905509949,keyword
W4385758403,Electrochemical sensors and biosensors,0.9997000098228455,topic
W4385758403,Neuroscience and Neural Engineering,0.9955999851226807,topic
W4385758403,Conducting polymers and applications,0.9887999892234802,topic
W3036893429,Neuroscience,0.7888134717941284,keyword
W3036893429,Neuron,0.7381999492645264,keyword
W3036893429,Optogenetics,0.6679716110229492,keyword
W3036893429,Electrophysiology,0.4850274920463562,keyword
W3036893429,Computer science,0.39211153984069824,keyword
W3036893429,Biology,0.31707489490509033,keyword
W3036893429,Neuroscience and Neural Engineering,0.9998999834060669,topic
W3036893429,Neural dynamics and brain function,0.9995999932289124,topic
W3036893429,stochastic dynamics and bifurcation,0.9984999895095825,topic
W3217414476,Microelectrode,0.7455597519874573,keyword
W3217414476,Parenchyma,0.6427890062332153,keyword
W3217414476,Multielectrode array,0.5820909142494202,keyword
W3217414476,Biomedical engineering,0.5331339836120605,keyword
W3217414476,Axon,0.5235238075256348,keyword
W3217414476,Materials science,0.5013864040374756,keyword
W3217414476,Neuroscience,0.4985628128051758,keyword
W3217414476,Electrophysiology,0.49514809250831604,keyword
W3217414476,In vivo,0.4891357719898224,keyword
W3217414476,Electrode,0.46896401047706604,keyword
W3217414476,Implant,0.44526898860931396,keyword
W3217414476,Nanotechnology,0.4086885452270508,keyword
W3217414476,Anatomy,0.323490709066391,keyword
W3217414476,Biology,0.2633630633354187,keyword
W3217414476,Chemistry,0.2320207953453064,keyword
W3217414476,Pathology,0.17820307612419128,keyword
W3217414476,Medicine,0.15736114978790283,keyword
W3217414476,Surgery,0.08591926097869873,keyword
W3217414476,Neuroscience and Neural Engineering,1.0,topic
W3217414476,Conducting polymers and applications,0.9940000176429749,topic
W3217414476,Neuroinflammation and Neurodegeneration Mechanisms,0.9891999959945679,topic
W3095231557,Synucleinopathies,0.7983366847038269,keyword
W3095231557,Neurodegeneration,0.6842621564865112,keyword
W3095231557,Disease,0.6203455924987793,keyword
W3095231557,Dementia with Lewy bodies,0.5928800106048584,keyword
W3095231557,Protein aggregation,0.5915695428848267,keyword
W3095231557,Alpha-synuclein,0.5712409019470215,keyword
W3095231557,Neuroscience,0.5644335746765137,keyword
W3095231557,Parkinson's disease,0.5031115412712097,keyword
W3095231557,Lewy body,0.4973168671131134,keyword
W3095231557,Amyloid (mycology),0.4852030575275421,keyword
W3095231557,Biology,0.4817942976951599,keyword
W3095231557,Dementia,0.463466078042984,keyword
W3095231557,Computational biology,0.34709632396698,keyword
W3095231557,Medicine,0.2739403545856476,keyword
W3095231557,Genetics,0.17503735423088074,keyword
W3095231557,Pathology,0.1670166254043579,keyword
W3095231557,Parkinson's Disease Mechanisms and Treatments,1.0,topic
W3095231557,Alzheimer's disease research and treatments,0.9987999796867371,topic
W3095231557,Ginkgo biloba and Cashew Applications,0.9908999800682068,topic
W4387825804,Neuromorphic engineering,0.8963538408279419,keyword
W4387825804,Materials science,0.8592679500579834,keyword
W4387825804,Nanocomposite,0.662977397441864,keyword
W4387825804,Memristor,0.6219518184661865,keyword
W4387825804,Nanotechnology,0.6052758097648621,keyword
W4387825804,Polyvinyl alcohol,0.5954535007476807,keyword
W4387825804,Nanoparticle,0.5467686057090759,keyword
W4387825804,Synapse,0.5016119480133057,keyword
W4387825804,Neural facilitation,0.4549427330493927,keyword
W4387825804,Fabrication,0.44757065176963806,keyword
W4387825804,Resistive touchscreen,0.4398559033870697,keyword
W4387825804,Polymer,0.4225011467933655,keyword
W4387825804,Synaptic plasticity,0.37785831093788147,keyword
W4387825804,Artificial neural network,0.33618295192718506,keyword
W4387825804,Optoelectronics,0.32339680194854736,keyword
W4387825804,Electronic engineering,0.22894883155822754,keyword
W4387825804,Computer science,0.22152942419052124,keyword
W4387825804,Artificial intelligence,0.0993185043334961,keyword
W4387825804,Composite material,0.08287385106086731,keyword
W4387825804,Neuroscience,0.08133086562156677,keyword
W4387825804,Advanced Memory and Neural Computing,1.0,topic
W4387825804,Conducting polymers and applications,0.9980000257492065,topic
W4387825804,Transition Metal Oxide Nanomaterials,0.9958000183105469,topic
W3211823426,DNA computing,0.6304800510406494,keyword
W3211823426,Computer science,0.5763521790504456,keyword
W3211823426,Construct (python library),0.5301219820976257,keyword
W3211823426,Nanotechnology,0.5257626175880432,keyword
W3211823426,DNA,0.42945602536201477,keyword
W3211823426,Systems engineering,0.36123162508010864,keyword
W3211823426,Data science,0.3494705259799957,keyword
W3211823426,Engineering,0.31789469718933105,keyword
W3211823426,Materials science,0.19663134217262268,keyword
W3211823426,Algorithm,0.12946268916130066,keyword
W3211823426,Chemistry,0.11707112193107605,keyword
W3211823426,Advanced biosensing and bioanalysis techniques,1.0,topic
W3211823426,DNA and Biological Computing,0.9934999942779541,topic
W3211823426,RNA Interference and Gene Delivery,0.9878000020980835,topic
W4224271815,Materials science,0.7310004234313965,keyword
W4224271815,Ferroelectricity,0.6376438140869141,keyword
W4224271815,Optoelectronics,0.6192057132720947,keyword
W4224271815,Transistor,0.5632292032241821,keyword
W4224271815,Ohmic contact,0.5323349237442017,keyword
W4224271815,Neuromorphic engineering,0.47337669134140015,keyword
W4224271815,CMOS,0.4611738920211792,keyword
W4224271815,Voltage,0.459663987159729,keyword
W4224271815,Linearity,0.4175994396209717,keyword
W4224271815,Electrical engineering,0.35590171813964844,keyword
W4224271815,Nanotechnology,0.25060728192329407,keyword
W4224271815,Artificial neural network,0.17041361331939697,keyword
W4224271815,Computer science,0.15737852454185486,keyword
W4224271815,Dielectric,0.14961010217666626,keyword
W4224271815,Advanced Memory and Neural Computing,1.0,topic
W4224271815,Ferroelectric and Negative Capacitance Devices,1.0,topic
W4224271815,Semiconductor materials and devices,0.9997000098228455,topic
W4397002470,Spintronics,0.8754062652587891,keyword
W4397002470,Magnetic storage,0.6252633333206177,keyword
W4397002470,Domain wall (magnetism),0.5872592926025391,keyword
W4397002470,Materials science,0.5845843553543091,keyword
W4397002470,Nanowire,0.56742262840271,keyword
W4397002470,Current density,0.5123134851455688,keyword
W4397002470,Micromagnetics,0.5007743835449219,keyword
W4397002470,Current (fluid),0.4906555712223053,keyword
W4397002470,Compression (physics),0.4602166414260864,keyword
W4397002470,Computer data storage,0.41983121633529663,keyword
W4397002470,Nanotechnology,0.3896300196647644,keyword
W4397002470,Optoelectronics,0.3615322709083557,keyword
W4397002470,Physics,0.2997479736804962,keyword
W4397002470,Condensed matter physics,0.29105544090270996,keyword
W4397002470,Computer science,0.28062331676483154,keyword
W4397002470,Magnetization,0.2530210614204407,keyword
W4397002470,Magnetic field,0.23974230885505676,keyword
W4397002470,Ferromagnetism,0.12733837962150574,keyword
W4397002470,Computer hardware,0.11042585968971252,keyword
W4397002470,Magnetic properties of thin films,0.9998000264167786,topic
W4397002470,Advanced Memory and Neural Computing,0.9965999722480774,topic
W4397002470,Ferroelectric and Negative Capacitance Devices,0.9940999746322632,topic
W4412612567,Photodetector,0.6731991767883301,keyword
W4412612567,Perception,0.615608811378479,keyword
W4412612567,Computer science,0.5952805280685425,keyword
W4412612567,Optoelectronics,0.26675331592559814,keyword
W4412612567,Physics,0.2538207471370697,keyword
W4412612567,Neuroscience,0.2468789517879486,keyword
W4412612567,Biology,0.21585187315940857,keyword
W4412612567,CCD and CMOS Imaging Sensors,0.9983000159263611,topic
W4412612567,Infrared Target Detection Methodologies,0.9980999827384949,topic
W4412612567,Advanced Optical Sensing Technologies,0.9975000023841858,topic
W4381952333,Polymer,0.6995832324028015,keyword
W4381952333,Glass transition,0.6731083393096924,keyword
W4381952333,Materials science,0.663209855556488,keyword
W4381952333,Nanotechnology,0.594233512878418,keyword
W4381952333,Chemical physics,0.5184345245361328,keyword
W4381952333,Molecular dynamics,0.4842967092990875,keyword
W4381952333,Chain (unit),0.48421430587768555,keyword
W4381952333,Composite material,0.23667815327644348,keyword
W4381952333,Chemistry,0.17159464955329895,keyword
W4381952333,Computational chemistry,0.09235376119613647,keyword
W4381952333,Physics,0.08210548758506775,keyword
W4381952333,Advanced Sensor and Energy Harvesting Materials,1.0,topic
W4381952333,Conducting polymers and applications,0.9998000264167786,topic
W4381952333,Organic Electronics and Photovoltaics,0.9991999864578247,topic
W3006971738,Dynamics (music),0.6613660454750061,keyword
W3006971738,Infrared,0.5645990371704102,keyword
W3006971738,Biological system,0.40081465244293213,keyword
W3006971738,Materials science,0.3573036193847656,keyword
W3006971738,Nanotechnology,0.33606183528900146,keyword
W3006971738,Environmental science,0.3255929946899414,keyword
W3006971738,Remote sensing,0.32490628957748413,keyword
W3006971738,Optics,0.233753502368927,keyword
W3006971738,Physics,0.2123318314552307,keyword
W3006971738,Biology,0.14321285486221313,keyword
W3006971738,Geology,0.11098253726959229,keyword
W3006971738,Acoustics,0.06272116303443909,keyword
W3006971738,Photoreceptor and optogenetics research,0.9998999834060669,topic
W3006971738,Nanoplatforms for cancer theranostics,0.9979000091552734,topic
W3006971738,Molecular Communication and Nanonetworks,0.9832000136375427,topic
W4213262456,Stochastic resonance,0.8487348556518555,keyword
W4213262456,Noise (video),0.716515064239502,keyword
W4213262456,SIGNAL (programming language),0.6116093993186951,keyword
W4213262456,Realization (probability),0.5880773067474365,keyword
W4213262456,Materials science,0.5257374048233032,keyword
W4213262456,Organic field-effect transistor,0.5174225568771362,keyword
W4213262456,Nonlinear system,0.46651187539100647,keyword
W4213262456,Optoelectronics,0.461550235748291,keyword
W4213262456,Transistor,0.4488096237182617,keyword
W4213262456,Transmission (telecommunications),0.42964786291122437,keyword
W4213262456,Focus (optics),0.4240739941596985,keyword
W4213262456,Nanotechnology,0.3619946837425232,keyword
W4213262456,Computer science,0.346442848443985,keyword
W4213262456,Physics,0.30186229944229126,keyword
W4213262456,Field-effect transistor,0.270315021276474,keyword
W4213262456,Telecommunications,0.2053755819797516,keyword
W4213262456,Quantum mechanics,0.10012632608413696,keyword
W4213262456,Mathematics,0.09855175018310547,keyword
W4213262456,Optics,0.08302390575408936,keyword
W4213262456,Voltage,0.07071039080619812,keyword
W4213262456,Advanced Memory and Neural Computing,0.9997000098228455,topic
W4213262456,Neuroscience and Neural Engineering,0.9993000030517578,topic
W4213262456,Neural dynamics and brain function,0.9991999864578247,topic
W4281562044,Optoelectronics,0.7568936944007874,keyword
W4281562044,Materials science,0.7272183895111084,keyword
W4281562044,Ferroelectricity,0.6823854446411133,keyword
W4281562044,Heterojunction,0.6655521392822266,keyword
W4281562044,Photonics,0.5414538383483887,keyword
W4281562044,Non-volatile memory,0.4453688859939575,keyword
W4281562044,Polarization (electrochemistry),0.4442346394062042,keyword
W4281562044,Transistor,0.44248640537261963,keyword
W4281562044,Nanotechnology,0.32653146982192993,keyword
W4281562044,Voltage,0.30288100242614746,keyword
W4281562044,Electrical engineering,0.18906933069229126,keyword
W4281562044,Dielectric,0.1441042721271515,keyword
W4281562044,Chemistry,0.08433505892753601,keyword
W4281562044,Engineering,0.0796002745628357,keyword
W4281562044,Perovskite Materials and Applications,0.9988999962806702,topic
W4281562044,Transition Metal Oxide Nanomaterials,0.9984999895095825,topic
W4281562044,Advanced Memory and Neural Computing,0.998199999332428,topic
W4390740051,Selenium,0.6125177145004272,keyword
W4390740051,Stroke (engine),0.5305077433586121,keyword
W4390740051,Nanoparticle,0.49529948830604553,keyword
W4390740051,Neuroscience,0.3889450430870056,keyword
W4390740051,Nanotechnology,0.3685563802719116,keyword
W4390740051,Medicine,0.34000566601753235,keyword
W4390740051,Materials science,0.2911544442176819,keyword
W4390740051,Psychology,0.23654261231422424,keyword
W4390740051,Engineering,0.16643589735031128,keyword
W4390740051,Metallurgy,0.09285175800323486,keyword
W4390740051,Selenium in Biological Systems,0.9983999729156494,topic
W4390740051,Sulfur Compounds in Biology,0.9830999970436096,topic
W4390740051,Biochemical effects in animals,0.9782999753952026,topic
W4400921536,Memristor,0.8298563957214355,keyword
W4400921536,Zinc,0.7214744091033936,keyword
W4400921536,Plasticity,0.6224073171615601,keyword
W4400921536,Materials science,0.5447216629981995,keyword
W4400921536,Oxygen,0.5423309803009033,keyword
W4400921536,Synaptic plasticity,0.5159412026405334,keyword
W4400921536,Oxide,0.4824981689453125,keyword
W4400921536,Nanotechnology,0.4223792254924774,keyword
W4400921536,Chemistry,0.3176689147949219,keyword
W4400921536,Composite material,0.2183622419834137,keyword
W4400921536,Metallurgy,0.19173318147659302,keyword
W4400921536,Electronic engineering,0.0943230390548706,keyword
W4400921536,Engineering,0.06845900416374207,keyword
W4400921536,Advanced Memory and Neural Computing,1.0,topic
W4400921536,Photoreceptor and optogenetics research,0.9991000294685364,topic
W4400921536,Neuroscience and Neural Engineering,0.9980000257492065,topic
W4214758002,Context (archaeology),0.6341841220855713,keyword
W4214758002,Electronics,0.5907890796661377,keyword
W4214758002,Brain implant,0.5339072346687317,keyword
W4214758002,Bioelectronics,0.5082947611808777,keyword
W4214758002,Neuroprosthetics,0.4870019555091858,keyword
W4214758002,Risk analysis (engineering),0.42595452070236206,keyword
W4214758002,Computer science,0.4105781018733978,keyword
W4214758002,Engineering,0.3971339762210846,keyword
W4214758002,Nanotechnology,0.3892705738544464,keyword
W4214758002,Electrical engineering,0.36275577545166016,keyword
W4214758002,Medicine,0.3133721947669983,keyword
W4214758002,Neuroscience,0.3008827865123749,keyword
W4214758002,Biomedical engineering,0.23183751106262207,keyword
W4214758002,Materials science,0.12024477124214172,keyword
W4214758002,Psychology,0.09741997718811035,keyword
W4214758002,Neuroscience and Neural Engineering,1.0,topic
W4214758002,Vagus Nerve Stimulation Research,0.9998999834060669,topic
W4214758002,EEG and Brain-Computer Interfaces,0.9994000196456909,topic
W4367051501,Spintronics,0.8456896543502808,keyword
W4367051501,Controllability,0.6923623085021973,keyword
W4367051501,Position (finance),0.6232078075408936,keyword
W4367051501,Domain wall (magnetism),0.6191297173500061,keyword
W4367051501,Pinning force,0.5963855981826782,keyword
W4367051501,Condensed matter physics,0.5672166347503662,keyword
W4367051501,Materials science,0.46520668268203735,keyword
W4367051501,Motion (physics),0.44727662205696106,keyword
W4367051501,Physics,0.44514769315719604,keyword
W4367051501,Domain (mathematical analysis),0.4128616452217102,keyword
W4367051501,Dipole,0.41082578897476196,keyword
W4367051501,Magnetic field,0.3273780345916748,keyword
W4367051501,Ferromagnetism,0.3019542992115021,keyword
W4367051501,Critical current,0.14542517066001892,keyword
W4367051501,Superconductivity,0.11159509420394897,keyword
W4367051501,Magnetization,0.08461165428161621,keyword
W4367051501,Classical mechanics,0.06515511870384216,keyword
W4367051501,Mathematics,0.06452593207359314,keyword
W4367051501,Magnetic properties of thin films,0.9984999895095825,topic
W4367051501,ZnO doping and properties,0.9952999949455261,topic
W4367051501,Advanced Memory and Neural Computing,0.9915000200271606,topic
W4395673593,Infrared,0.6478798389434814,keyword
W4395673593,Superconductivity,0.5826865434646606,keyword
W4395673593,Computer science,0.3718017339706421,keyword
W4395673593,Remote sensing,0.3608655333518982,keyword
W4395673593,Optoelectronics,0.3576994240283966,keyword
W4395673593,Optics,0.3480372726917267,keyword
W4395673593,Physics,0.3257727026939392,keyword
W4395673593,Geology,0.18332889676094055,keyword
W4395673593,Condensed matter physics,0.1518762707710266,keyword
W4395673593,Neural Networks and Reservoir Computing,0.9991999864578247,topic
W4395673593,Photonic and Optical Devices,0.9987000226974487,topic
W4395673593,Infrared Target Detection Methodologies,0.9824000000953674,topic
W3133659747,Materials science,0.8572770357131958,keyword
W3133659747,Nanopillar,0.8548346161842346,keyword
W3133659747,Nanotechnology,0.7323894500732422,keyword
W3133659747,Carbon nanotube,0.6767191886901855,keyword
W3133659747,Polystyrene,0.45580247044563293,keyword
W3133659747,Biological neural network,0.45534783601760864,keyword
W3133659747,Nanostructure,0.4457283914089203,keyword
W3133659747,Computer science,0.1755993664264679,keyword
W3133659747,Composite material,0.07300963997840881,keyword
W3133659747,Neuroscience and Neural Engineering,1.0,topic
W3133659747,3D Printing in Biomedical Research,0.9958999752998352,topic
W3133659747,Conducting polymers and applications,0.9914000034332275,topic
W3137901703,Biosensor,0.4817502498626709,keyword
W3137901703,Nanotechnology,0.4512674808502197,keyword
W3137901703,Biomarker,0.44832271337509155,keyword
W3137901703,Computer science,0.3951207399368286,keyword
W3137901703,Medicine,0.3634847104549408,keyword
W3137901703,Biology,0.23215165734291077,keyword
W3137901703,Materials science,0.131779283285141,keyword
W3137901703,Alzheimer's disease research and treatments,0.9983999729156494,topic
W3137901703,Electrochemical Analysis and Applications,0.9900000095367432,topic
W3137901703,Advanced biosensing and bioanalysis techniques,0.9840999841690063,topic
W4309471931,Signalling,0.636340320110321,keyword
W4309471931,Neuroscience,0.5201090574264526,keyword
W4309471931,Magnetic nanoparticles,0.4756312370300293,keyword
W4309471931,Nanotechnology,0.46460407972335815,keyword
W4309471931,In vivo,0.460357129573822,keyword
W4309471931,Magnetic field,0.45881208777427673,keyword
W4309471931,Computer science,0.4522859752178192,keyword
W4309471931,Biology,0.36117857694625854,keyword
W4309471931,Cell biology,0.34554964303970337,keyword
W4309471931,Materials science,0.30968141555786133,keyword
W4309471931,Physics,0.25660181045532227,keyword
W4309471931,Nanoparticle,0.08648201823234558,keyword
W4309471931,Biotechnology,0.08349129557609558,keyword
W4309471931,Electromagnetic Fields and Biological Effects,0.994700014591217,topic
W4309471931,Photoreceptor and optogenetics research,0.9900000095367432,topic
W4309471931,Neuroscience and Neural Engineering,0.9799000024795532,topic
W3009652413,Nanorod,0.9161107540130615,keyword
W3009652413,Zinc,0.8107407093048096,keyword
W3009652413,Materials science,0.7428373098373413,keyword
W3009652413,Electrical conductor,0.6171467304229736,keyword
W3009652413,Chemical engineering,0.5478541254997253,keyword
W3009652413,Oxide,0.4891648590564728,keyword
W3009652413,Nanotechnology,0.40359944105148315,keyword
W3009652413,Inorganic chemistry,0.3511498272418976,keyword
W3009652413,Composite material,0.24124422669410706,keyword
W3009652413,Metallurgy,0.19246211647987366,keyword
W3009652413,Chemistry,0.18428906798362732,keyword
W3009652413,ZnO doping and properties,0.9998999834060669,topic
W3009652413,Gas Sensing Nanomaterials and Sensors,0.9994999766349792,topic
W3009652413,Quantum Dots Synthesis And Properties,0.9976000189781189,topic
W4400066191,Regeneration (biology),0.6661168336868286,keyword
W4400066191,Bone healing,0.6074150800704956,keyword
W4400066191,Biomedical engineering,0.48477882146835327,keyword
W4400066191,Materials science,0.414448618888855,keyword
W4400066191,Medicine,0.3702194094657898,keyword
W4400066191,Nanotechnology,0.35844892263412476,keyword
W4400066191,Surgery,0.1275254189968109,keyword
W4400066191,Biology,0.09239599108695984,keyword
W4400066191,Cell biology,0.0918249785900116,keyword
W4400066191,Planarian Biology and Electrostimulation,0.9943000078201294,topic
W4400066191,Bone Tissue Engineering Materials,0.0010000000474974513,topic
W4400066191,Laser Applications in Dentistry and Medicine,0.00039999998989515007,topic
W4392018187,Computer science,0.518406867980957,keyword
W4392018187,Software deployment,0.517435610294342,keyword
W4392018187,Systems engineering,0.4954279661178589,keyword
W4392018187,Standardization,0.4850272536277771,keyword
W4392018187,Emerging technologies,0.4726623296737671,keyword
W4392018187,Sustainability,0.438347727060318,keyword
W4392018187,Manufacturing engineering,0.40842145681381226,keyword
W4392018187,Engineering,0.31457531452178955,keyword
W4392018187,Software engineering,0.1566617786884308,keyword
W4392018187,Advanced Memory and Neural Computing,0.9998000264167786,topic
W4392018187,Neuroscience and Neural Engineering,0.9987000226974487,topic
W4392018187,Ferroelectric and Negative Capacitance Devices,0.995199978351593,topic
W4385541643,Flexibility (engineering),0.7028848528862,keyword
W4385541643,Wearable computer,0.6585438251495361,keyword
W4385541643,Electronics,0.6574894189834595,keyword
W4385541643,Computer science,0.5745108723640442,keyword
W4385541643,Wearable technology,0.5514013171195984,keyword
W4385541643,Interface (matter),0.410474956035614,keyword
W4385541643,Nanotechnology,0.3823103606700897,keyword
W4385541643,Embedded system,0.34868866205215454,keyword
W4385541643,Materials science,0.3222491145133972,keyword
W4385541643,Electrical engineering,0.21403199434280396,keyword
W4385541643,Engineering,0.19881567358970642,keyword
W4385541643,Advanced Sensor and Energy Harvesting Materials,1.0,topic
W4385541643,Conducting polymers and applications,0.9991999864578247,topic
W4385541643,Neuroscience and Neural Engineering,0.9965000152587891,topic
W4377563879,Neuromorphic engineering,0.9517780542373657,keyword
W4377563879,Polyaniline,0.6931300163269043,keyword
W4377563879,Electrical conductor,0.6895571947097778,keyword
W4377563879,Computer science,0.5731931924819946,keyword
W4377563879,Materials science,0.5083953738212585,keyword
W4377563879,Polyamide,0.4991755485534668,keyword
W4377563879,Flexibility (engineering),0.47973719239234924,keyword
W4377563879,Task (project management),0.47452083230018616,keyword
W4377563879,Fabrication,0.44961681962013245,keyword
W4377563879,Voltage,0.4216739237308502,keyword
W4377563879,Artificial neural network,0.3972054421901703,keyword
W4377563879,Nanotechnology,0.34679532051086426,keyword
W4377563879,Artificial intelligence,0.2765873074531555,keyword
W4377563879,Engineering,0.17093059420585632,keyword
W4377563879,Electrical engineering,0.14642637968063354,keyword
W4377563879,Polymer,0.13922378420829773,keyword
W4377563879,Mathematics,0.0988718569278717,keyword
W4377563879,Advanced Memory and Neural Computing,1.0,topic
W4377563879,Neural Networks and Reservoir Computing,0.9988999962806702,topic
W4377563879,Neural dynamics and brain function,0.9979000091552734,topic
W3127193468,Noise (video),0.7790467739105225,keyword
W3127193468,Materials science,0.7414689064025879,keyword
W3127193468,Memristor,0.7210944294929504,keyword
W3127193468,Resistive random-access memory,0.677058756351471,keyword
W3127193468,Resistive touchscreen,0.5262621641159058,keyword
W3127193468,Scaling,0.5210382342338562,keyword
W3127193468,Probabilistic logic,0.5173601508140564,keyword
W3127193468,Flicker noise,0.4530271887779236,keyword
W3127193468,Optoelectronics,0.42998161911964417,keyword
W3127193468,Acoustics,0.34938013553619385,keyword
W3127193468,Electronic engineering,0.32770487666130066,keyword
W3127193468,Nanotechnology,0.32029080390930176,keyword
W3127193468,Computer science,0.25814351439476013,keyword
W3127193468,CMOS,0.19621363282203674,keyword
W3127193468,Electrode,0.1309797465801239,keyword
W3127193468,Noise figure,0.12761610746383667,keyword
W3127193468,Physics,0.09256213903427124,keyword
W3127193468,Advanced Memory and Neural Computing,1.0,topic
W3127193468,Neural dynamics and brain function,0.9988999962806702,topic
W3127193468,Ferroelectric and Negative Capacitance Devices,0.9970999956130981,topic
W3165760699,Neuroscience,0.6741294860839844,keyword
W3165760699,Regenerative medicine,0.6327633857727051,keyword
W3165760699,Nanotechnology,0.552070677280426,keyword
W3165760699,Biological neural network,0.45431965589523315,keyword
W3165760699,Computer science,0.4188779592514038,keyword
W3165760699,Stem cell,0.3732154965400696,keyword
W3165760699,Biology,0.33437734842300415,keyword
W3165760699,Materials science,0.17987802624702454,keyword
W3165760699,Cell biology,0.14900344610214233,keyword
W3165760699,Neuroscience and Neural Engineering,0.9994999766349792,topic
W3165760699,3D Printing in Biomedical Research,0.9979000091552734,topic
W3165760699,Molecular Communication and Nanonetworks,0.9894999861717224,topic
W4410198092,Neuromorphic engineering,0.7322073578834534,keyword
W4410198092,CMOS,0.675307035446167,keyword
W4410198092,Dual (grammatical number),0.5163261294364929,keyword
W4410198092,Computer science,0.4425320327281952,keyword
W4410198092,Optoelectronics,0.3446784019470215,keyword
W4410198092,Artificial intelligence,0.28118062019348145,keyword
W4410198092,Materials science,0.23530086874961853,keyword
W4410198092,Artificial neural network,0.13322311639785767,keyword
W4410198092,Advanced Memory and Neural Computing,0.9998000264167786,topic
W4410198092,CCD and CMOS Imaging Sensors,0.9980000257492065,topic
W4410198092,Neuroscience and Neural Engineering,0.9962999820709229,topic
W3204322107,Resistive random-access memory,0.7828841209411621,keyword
W3204322107,Neuromorphic engineering,0.6083186864852905,keyword
W3204322107,Computer science,0.5924156308174133,keyword
W3204322107,Amplitude,0.5055892467498779,keyword
W3204322107,Dynamic random-access memory,0.4608871638774872,keyword
W3204322107,Point (geometry),0.45228856801986694,keyword
W3204322107,Nonlinear system,0.4430181682109833,keyword
W3204322107,Electronic engineering,0.43765169382095337,keyword
W3204322107,Voltage,0.35052061080932617,keyword
W3204322107,Electrical engineering,0.22902154922485352,keyword
W3204322107,Physics,0.21484115719795227,keyword
W3204322107,Artificial intelligence,0.19679969549179077,keyword
W3204322107,Engineering,0.1762736439704895,keyword
W3204322107,Mathematics,0.17094790935516357,keyword
W3204322107,Artificial neural network,0.16541606187820435,keyword
W3204322107,Computer hardware,0.10915747284889221,keyword
W3204322107,Advanced Memory and Neural Computing,1.0,topic
W3204322107,Ferroelectric and Negative Capacitance Devices,0.9998000264167786,topic
W3204322107,Semiconductor materials and devices,0.9987999796867371,topic
W4408101895,Extracellular vesicles,0.8092599511146545,keyword
W4408101895,Neurodegeneration,0.8035798072814941,keyword
W4408101895,Extracellular,0.47933730483055115,keyword
W4408101895,Vesicle,0.4656344950199127,keyword
W4408101895,Neuroscience,0.42371347546577454,keyword
W4408101895,Biology,0.41099822521209717,keyword
W4408101895,Medicine,0.33166050910949707,keyword
W4408101895,Cell biology,0.3009076714515686,keyword
W4408101895,Pathology,0.24797195196151733,keyword
W4408101895,Biochemistry,0.16541215777397156,keyword
W4408101895,Disease,0.1296188235282898,keyword
W4408101895,Extracellular vesicles in disease,0.9998999834060669,topic
W4408101895,Neuroinflammation and Neurodegeneration Mechanisms,0.9746999740600586,topic
W4408101895,Long-Term Effects of COVID-19,0.9100000262260437,topic
W4319811786,Mesoporous silica,0.599984884262085,keyword
W4319811786,Drug delivery,0.5735825300216675,keyword
W4319811786,Medicine,0.49612435698509216,keyword
W4319811786,Neuroscience,0.48594343662261963,keyword
W4319811786,Disease,0.4621914327144623,keyword
W4319811786,Drug,0.4561949372291565,keyword
W4319811786,Blood–brain barrier,0.4444639980792999,keyword
W4319811786,Targeted drug delivery,0.42509031295776367,keyword
W4319811786,Parkinson's disease,0.4201422929763794,keyword
W4319811786,Central nervous system,0.3164433240890503,keyword
W4319811786,Pharmacology,0.3119397759437561,keyword
W4319811786,Nanotechnology,0.3025830388069153,keyword
W4319811786,Chemistry,0.18322542309761047,keyword
W4319811786,Psychology,0.1802573800086975,keyword
W4319811786,Materials science,0.10883238911628723,keyword
W4319811786,Pathology,0.10188469290733337,keyword
W4319811786,Alzheimer's disease research and treatments,0.9998000264167786,topic
W4319811786,Parkinson's Disease Mechanisms and Treatments,0.9950000047683716,topic
W4319811786,Graphene and Nanomaterials Applications,0.9861000180244446,topic
W4220969600,Microvesicles,0.9725611209869385,keyword
W4220969600,Biology,0.7742187976837158,keyword
W4220969600,Neurodegeneration,0.7440696358680725,keyword
W4220969600,Endosome,0.6046046018600464,keyword
W4220969600,Cell biology,0.5592566728591919,keyword
W4220969600,Exosome,0.5482240319252014,keyword
W4220969600,Neuroscience,0.4858977198600769,keyword
W4220969600,Endocytic cycle,0.4515489935874939,keyword
W4220969600,Blood–brain barrier,0.4230808913707733,keyword
W4220969600,Immune system,0.42183369398117065,keyword
W4220969600,Intracellular,0.4207562506198883,keyword
W4220969600,microRNA,0.3778320848941803,keyword
W4220969600,Disease,0.27243438363075256,keyword
W4220969600,Immunology,0.2547057271003723,keyword
W4220969600,Endocytosis,0.1897238790988922,keyword
W4220969600,Central nervous system,0.1584915816783905,keyword
W4220969600,Pathology,0.14029136300086975,keyword
W4220969600,Medicine,0.12107264995574951,keyword
W4220969600,Cell,0.1172059178352356,keyword
W4220969600,Genetics,0.08677619695663452,keyword
W4220969600,Extracellular vesicles in disease,1.0,topic
W4220969600,RNA Interference and Gene Delivery,0.9933000206947327,topic
W4220969600,RNA regulation and disease,0.9922999739646912,topic
W4393564527,Biasing,0.8466649055480957,keyword
W4393564527,Materials science,0.7651718854904175,keyword
W4393564527,Neuromorphic engineering,0.740753173828125,keyword
W4393564527,Nanotechnology,0.6300084590911865,keyword
W4393564527,Nanoclusters,0.6257014870643616,keyword
W4393564527,Nanostructure,0.5645437240600586,keyword
W4393564527,Amorphous solid,0.49115392565727234,keyword
W4393564527,Optoelectronics,0.44879594445228577,keyword
W4393564527,Resistive touchscreen,0.44862914085388184,keyword
W4393564527,Thin film,0.44530266523361206,keyword
W4393564527,Microscale chemistry,0.4351208209991455,keyword
W4393564527,Crystallite,0.4190414249897003,keyword
W4393564527,Voltage,0.15250110626220703,keyword
W4393564527,Chemistry,0.1132262647151947,keyword
W4393564527,Crystallography,0.10074219107627869,keyword
W4393564527,Physics,0.07728871703147888,keyword
W4393564527,Computer science,0.06905391812324524,keyword
W4393564527,Advanced Memory and Neural Computing,0.9998999834060669,topic
W4393564527,Electrochemical Analysis and Applications,0.9980999827384949,topic
W4393564527,Neuroscience and Neural Engineering,0.9962000250816345,topic
W4411094334,Computer science,0.5013046264648438,keyword
W4411094334,Perovskite (structure),0.4945068061351776,keyword
W4411094334,Systems engineering,0.33086758852005005,keyword
W4411094334,Materials science,0.32838892936706543,keyword
W4411094334,Engineering,0.19968783855438232,keyword
W4411094334,Chemical engineering,0.13465261459350586,keyword
W4411094334,Perovskite Materials and Applications,1.0,topic
W4411094334,Gas Sensing Nanomaterials and Sensors,0.9994999766349792,topic
W4411094334,ZnO doping and properties,0.9944000244140625,topic
W4292299166,Neuroscience,0.6760944128036499,keyword
W4292299166,Biofabrication,0.4405658543109894,keyword
W4292299166,Computer science,0.4322761297225952,keyword
W4292299166,Biology,0.37115734815597534,keyword
W4292299166,Tissue engineering,0.2352195680141449,keyword
W4292299166,3D Printing in Biomedical Research,0.9998999834060669,topic
W4292299166,Neuroscience and Neural Engineering,0.9994000196456909,topic
W4292299166,Pluripotent Stem Cells Research,0.9969000220298767,topic
W4395032441,Neuromodulation,0.7763657569885254,keyword
W4395032441,Nanotechnology,0.5842968821525574,keyword
W4395032441,Computer science,0.5212740898132324,keyword
W4395032441,Interfacing,0.4349161684513092,keyword
W4395032441,Neuroscience,0.42530590295791626,keyword
W4395032441,Scalability,0.4144241213798523,keyword
W4395032441,Materials science,0.3290025591850281,keyword
W4395032441,Biology,0.16384917497634888,keyword
W4395032441,Computer hardware,0.09592407941818237,keyword
W4395032441,Neuroscience and Neural Engineering,0.9998000264167786,topic
W4395032441,Photoreceptor and optogenetics research,0.9994999766349792,topic
W4395032441,Vagus Nerve Stimulation Research,0.9922000169754028,topic
W4401809424,Photonics,0.6268454194068909,keyword
W4401809424,Electronics,0.6218838691711426,keyword
W4401809424,Computer science,0.587999701499939,keyword
W4401809424,Adaptability,0.5709773898124695,keyword
W4401809424,Bridge (graph theory),0.5149601101875305,keyword
W4401809424,Nanotechnology,0.39907774329185486,keyword
W4401809424,Materials science,0.24420052766799927,keyword
W4401809424,Electrical engineering,0.23724496364593506,keyword
W4401809424,Engineering,0.23711451888084412,keyword
W4401809424,Optoelectronics,0.17308008670806885,keyword
W4401809424,Metamaterials and Metasurfaces Applications,0.9998999834060669,topic
W4401809424,Advanced Antenna and Metasurface Technologies,0.9973999857902527,topic
W4401809424,Thermal Radiation and Cooling Technologies,0.9926999807357788,topic
W4317831441,Neuromorphic engineering,0.9196613430976868,keyword
W4317831441,Excitatory postsynaptic potential,0.6218605041503906,keyword
W4317831441,Inhibitory postsynaptic potential,0.5943735241889954,keyword
W4317831441,Transistor,0.5820702314376831,keyword
W4317831441,Electronics,0.46782296895980835,keyword
W4317831441,Computer science,0.46724677085876465,keyword
W4317831441,Wearable computer,0.44738155603408813,keyword
W4317831441,Materials science,0.429252028465271,keyword
W4317831441,Neuroscience,0.3088262379169464,keyword
W4317831441,Artificial neural network,0.2947554886341095,keyword
W4317831441,Electrical engineering,0.2483883500099182,keyword
W4317831441,Engineering,0.2230747938156128,keyword
W4317831441,Embedded system,0.2058163583278656,keyword
W4317831441,Artificial intelligence,0.12262573838233948,keyword
W4317831441,Biology,0.06998831033706665,keyword
W4317831441,Advanced Memory and Neural Computing,1.0,topic
W4317831441,Neuroscience and Neural Engineering,0.9983999729156494,topic
W4317831441,Ferroelectric and Negative Capacitance Devices,0.9980000257492065,topic
W4407456821,Biomolecule,0.7964154481887817,keyword
W4407456821,Transistor,0.6369608640670776,keyword
W4407456821,Nanotechnology,0.5946183800697327,keyword
W4407456821,Materials science,0.4808131456375122,keyword
W4407456821,Electrochemistry,0.4681691527366638,keyword
W4407456821,Computer science,0.3537209630012512,keyword
W4407456821,Optoelectronics,0.35122916102409363,keyword
W4407456821,Engineering,0.2696763575077057,keyword
W4407456821,Electrical engineering,0.2510673403739929,keyword
W4407456821,Chemistry,0.2465209662914276,keyword
W4407456821,Electrode,0.12777024507522583,keyword
W4407456821,Voltage,0.07422113418579102,keyword
W4407456821,Conducting polymers and applications,1.0,topic
W4407456821,Analytical Chemistry and Sensors,0.9995999932289124,topic
W4407456821,Electrochemical sensors and biosensors,0.9991000294685364,topic
W4400079444,Neuroinflammation,0.8924932479858398,keyword
W4400079444,Neurogenesis,0.7456771731376648,keyword
W4400079444,Neuroscience,0.661780059337616,keyword
W4400079444,Microglia,0.4937625825405121,keyword
W4400079444,Proinflammatory cytokine,0.4778687357902527,keyword
W4400079444,Medicine,0.4258950650691986,keyword
W4400079444,Psychology,0.28164947032928467,keyword
W4400079444,Immunology,0.20523956418037415,keyword
W4400079444,Inflammation,0.20122700929641724,keyword
W4400079444,Neuroinflammation and Neurodegeneration Mechanisms,0.9988999962806702,topic
W4400079444,Mast cells and histamine,0.9977999925613403,topic
W4400079444,Olfactory and Sensory Function Studies,0.9860000014305115,topic
W4280536703,Superconductivity,0.7243796586990356,keyword
W4280536703,Computer science,0.5835719108581543,keyword
W4280536703,Basis (linear algebra),0.5663565397262573,keyword
W4280536703,Heterojunction,0.5359320044517517,keyword
W4280536703,Inductor,0.5114377737045288,keyword
W4280536703,Gaussian,0.4860449433326721,keyword
W4280536703,Energy (signal processing),0.4281320571899414,keyword
W4280536703,Topology (electrical circuits),0.4199255406856537,keyword
W4280536703,Electronic engineering,0.3688853681087494,keyword
W4280536703,Physics,0.3461844325065613,keyword
W4280536703,Electrical engineering,0.23730602860450745,keyword
W4280536703,Optoelectronics,0.2255311906337738,keyword
W4280536703,Condensed matter physics,0.16248086094856262,keyword
W4280536703,Mathematics,0.13012266159057617,keyword
W4280536703,Voltage,0.10366445779800415,keyword
W4280536703,Engineering,0.10331800580024719,keyword
W4280536703,Quantum mechanics,0.10101446509361267,keyword
W4280536703,Neural Networks and Applications,0.9997000098228455,topic
W4280536703,Advancements in Semiconductor Devices and Circuit Design,0.9995999932289124,topic
W4280536703,Advanced Memory and Neural Computing,0.9991999864578247,topic
W3106606518,Graphene,0.9666601419448853,keyword
W3106606518,Cellulose,0.8543583154678345,keyword
W3106606518,Materials science,0.7208946943283081,keyword
W3106606518,Tissue engineering,0.709225058555603,keyword
W3106606518,Biocompatibility,0.6719945669174194,keyword
W3106606518,Oxide,0.47990453243255615,keyword
W3106606518,Nanotechnology,0.47722652554512024,keyword
