work_id,display_name,doi,publication_year,cited_by_count,primary_location_source
W3043664194,Multi-terminal ionic-gated low-power silicon nanowire synaptic transistors with dendritic functions for neuromorphic systems,https://doi.org/10.1039/d0nr03141k,2020,48,Nanoscale
W3135718280,Brain-inspired ferroelectric Si nanowire synaptic device,https://doi.org/10.1063/5.0035220,2021,28,APL Materials
W4308001804,Nanowires for UV–vis–IR Optoelectronic Synaptic Devices,https://doi.org/10.1002/adfm.202208807,2022,154,Advanced Functional Materials
W3157683527,"Multiplexed Neurotransmission Emulated by a p–n Cross Nanowire Synaptic Transistor for Satiety, Depression, and Drug Withdrawal",https://doi.org/10.1002/adfm.202101917,2021,26,Advanced Functional Materials
W4387116150,An Amorphous Native Oxide Shell for High Bias‐Stress Stability Nanowire Synaptic Transistor,https://doi.org/10.1002/advs.202302516,2023,17,Advanced Science
W4396888282,Highly uniform organic nanowire synaptic arrays with excellent performance for associative memory,https://doi.org/10.1016/j.cej.2024.152244,2024,10,Chemical Engineering Journal
W3000389053,Tunable Synaptic Plasticity in Crystallized Conjugated Polymer Nanowire Artificial Synapses,https://doi.org/10.1002/aisy.201900176,2020,67,Advanced Intelligent Systems
W3161616159,Core-Shell Dual-Gate Nanowire Synaptic Transistor with Short/Long-Term Plasticity,https://doi.org/10.1109/edtm50988.2021.9420876,2021,5,
W4353045975,Nanowire-based synaptic devices for neuromorphic computing,https://doi.org/10.1088/2752-5724/acc678,2023,32,Materials Futures
W4408224953,Integrated Sensing–Memory–Computing Artificial Tactile System for Physiological Signal Processing Based on ITO Nanowire Synaptic Transistors,https://doi.org/10.1021/acsanm.5c00196,2025,4,ACS Applied Nano Materials
W4224983273,Enhanced Artificial Synaptic Properties Enabled by Arrays of Electrolyte-Gated Electrospun InZnO Nanowires,https://doi.org/10.1021/acsaelm.2c00326,2022,33,ACS Applied Electronic Materials
W4399379699,A bioinspired neuromuscular system enabled by flexible electro-optical N2200 nanowire synaptic transistor,https://doi.org/10.1088/2634-4386/ad54ea,2024,2,Neuromorphic Computing and Engineering
W4393233451,Inorganic Halide Perovskite Nanowires/Conjugated Polymer Heterojunction-Based Optoelectronic Synaptic Transistors for Dynamic Machine Vision,https://doi.org/10.1021/acs.nanolett.3c05092,2024,33,Nano Letters
W3181563526,Core-Shell Dual-Gate Nanowire Charge-Trap Memory for Synaptic Operations for Neuromorphic Applications,https://doi.org/10.3390/nano11071773,2021,27,Nanomaterials
W3199352316,Core-Shell Dual-Gate Nanowire Memory as a Synaptic Device for Neuromorphic Application,https://doi.org/10.1109/jeds.2021.3111343,2021,17,IEEE Journal of the Electron Devices Society
W4386324869,"Realize ultralow-energy-consumption photo-synaptic device based on a single (Al,Ga)N nanowire for neuromorphic computing",https://doi.org/10.1007/s12274-023-6069-0,2023,21,Nano Research
W4404590646,High Polarization‐Sensitive Synaptic Transistor Based on Perovskite Nanowire Array for Efficient Biometric Recognition,https://doi.org/10.1002/adfm.202416954,2024,19,Advanced Functional Materials
W3042277388,Modeling of Short-Term Synaptic Plasticity Effects in ZnO Nanowire-Based Memristors Using a Potentiation-Depression Rate Balance Equation,https://doi.org/10.1109/tnano.2020.3009734,2020,38,IEEE Transactions on Nanotechnology
W4383816383,Silicon carbide nanowire-based multifunctional and efficient visual synaptic devices for wireless transmission and neural network computing,https://doi.org/10.1007/s40843-023-2472-0,2023,22,Science China Materials
W4317884351,Metal oxide semiconductor nanowires enabled air-stable ultraviolet-driven synaptic transistors for artificial vision,https://doi.org/10.1016/j.mssp.2023.107344,2023,11,Materials Science in Semiconductor Processing
W3204457379,In materia reservoir computing with a fully memristive architecture based on self-organizing nanowire networks,https://doi.org/10.1038/s41563-021-01099-9,2021,441,Nature Materials
W3005122425,Synaptic plasticity of TiO<sub>2</sub>nanowire transistor,https://doi.org/10.1108/mi-08-2019-0053,2020,7,Microelectronics International
W3041522446,All-printed ultra-flexible organic nanowire artificial synapses,https://doi.org/10.1039/d0tc02172e,2020,29,Journal of Materials Chemistry C
W4307640647,Low-Consumption Synaptic Devices Based on Gate-All-Around InAs Nanowire Field-Effect Transistors,https://doi.org/10.1186/s11671-022-03740-1,2022,7,Nanoscale Research Letters
W3210211693,Digitally aligned ZnO nanowire array based synaptic transistors with intrinsically controlled plasticity for short-term computation and long-term memory,https://doi.org/10.1039/d1nr04156h,2021,16,Nanoscale
W4386830977,Enhanced Synaptic Behaviors in Chitosan Electrolyte-Based Electric-Double-Layer Transistors with Poly-Si Nanowire Channel Structures,https://doi.org/10.3390/biomimetics8050432,2023,6,Biomimetics
W4385416056,Light-stimulated low-power artificial synapse based on a single GaN nanowire for neuromorphic computing,https://doi.org/10.1364/prj.487936,2023,34,Photonics Research
W4391733927,Charge trapping-induced current–voltage hysteresis in a squaraine nanowire mesh enables synaptic memristive functionality,https://doi.org/10.1063/5.0176391,2024,5,Journal of Applied Physics
W4402189208,Optoelectronic synapses with chemical-electric behaviors in gallium nitride semiconductors for biorealistic neuromorphic functionality,https://doi.org/10.1038/s41467-024-51194-z,2024,89,Nature Communications
W4408850222,Diameter dependent synaptic behaviors of III-V nanowires for neuromorphic image denoising,https://doi.org/10.1016/j.mtelec.2025.100148,2025,3,Materials Today Electronics
W4362721936,A neuromorphic bionic eye with filter-free color vision using hemispherical perovskite nanowire array retina,https://doi.org/10.1038/s41467-023-37581-y,2023,171,Nature Communications
W4401595867,Harnessing a silicon carbide nanowire photoelectric synaptic device for novel visual adaptation spiking neural networks,https://doi.org/10.1039/d4nh00230j,2024,6,Nanoscale Horizons
W4389058764,Nanowire-Enhanced Fully Transparent and Flexible Indium Gallium Zinc Oxide Transistors with Chitosan Hydrogel Gate Dielectric: A Pathway to Improved Synaptic Properties,https://doi.org/10.3390/gels9120931,2023,4,Gels
W4281764731,Printed synaptic transistor–based electronic skin for robots to feel and learn,https://doi.org/10.1126/scirobotics.abl7286,2022,138,Science Robotics
W3175543427,Avalanches and edge-of-chaos learning in neuromorphic nanowire networks,https://doi.org/10.1038/s41467-021-24260-z,2021,174,Nature Communications
W4308787062,Synaptic devices based on gate-all-around InAs nanowire field effect transistor,https://doi.org/10.1088/1742-6596/2370/1/012015,2022,2,Journal of Physics Conference Series
W4366603664,"Neuromorphic learning, working memory, and metaplasticity in nanowire networks",https://doi.org/10.1126/sciadv.adg3289,2023,77,Science Advances
W4292156427,A low-power stretchable neuromorphic nerve with proprioceptive feedback,https://doi.org/10.1038/s41551-022-00918-x,2022,171,Nature Biomedical Engineering
W3033458297,Brain‐Inspired Structural Plasticity through Reweighting and Rewiring in Multi‐Terminal Self‐Organizing Memristive Nanowire Networks,https://doi.org/10.1002/aisy.202000096,2020,110,Advanced Intelligent Systems
W3210398018,Ferroelectric P(VDF-TrFE) wrapped InGaAs nanowires for ultralow-power artificial synapses,https://doi.org/10.1016/j.nanoen.2021.106654,2021,76,Nano Energy
W4384344223,"Realize low-power artificial photonic synapse based on (Al,Ga)N nanowire/graphene heterojunction for neuromorphic computing",https://doi.org/10.1063/5.0152156,2023,34,APL Photonics
W4399387465,Neuromorphic dendritic network computation with silent synapses for visual motion perception,https://doi.org/10.1038/s41928-024-01171-7,2024,60,Nature Electronics
W4410116785,Room-temperature solution-phase graphoepitaxial growth of in-plane nanowire arrays on flexible films for bendable synaptic devices,https://doi.org/10.1063/5.0258019,2025,1,Applied Physics Letters
W3159512279,Quantitative Nano‐amperometric Measurement of Intravesicular Glutamate Content and its Sub‐Quantal Release by Living Neurons,https://doi.org/10.1002/anie.202100882,2021,86,Angewandte Chemie International Edition
W4414067487,Low-power plasmonic SiC nanowire network-based artificial photo-synaptic device for musical classification neural network systems,https://doi.org/10.1007/s40843-025-3489-5,2025,1,Science China Materials
W3128225373,Selective Release of Different Neurotransmitters Emulated by a p–i–n Junction Synaptic Transistor for Environment‐Responsive Action Control,https://doi.org/10.1002/adma.202007350,2021,95,Advanced Materials
W3176739181,A ZnO micro/nanowire-based photonic synapse with piezo-phototronic modulation,https://doi.org/10.1016/j.nanoen.2021.106282,2021,62,Nano Energy
W3209785462,ZnO nanowire optoelectronic synapse for neuromorphic computing,https://doi.org/10.1088/1361-6528/ac3687,2021,54,Nanotechnology
W4392198341,Tailoring Classical Conditioning Behavior in TiO2 Nanowires: ZnO QDs-Based Optoelectronic Memristors for Neuromorphic Hardware,https://doi.org/10.1007/s40820-024-01338-z,2024,51,Nano-Micro Letters
W3018709870,Piezotronic Synapse Based on a Single GaN Microwire for Artificial Sensory Systems,https://doi.org/10.1021/acs.nanolett.0c00733,2020,55,Nano Letters
W4312400766,Ultraviolet-driven metal oxide semiconductor synapses with improved long-term potentiation,https://doi.org/10.1039/d2tc04340h,2022,35,Journal of Materials Chemistry C
W3177030655,Complementary Photo‐Synapses Based on Light‐Stimulated Porphyrin‐Coated Silicon Nanowires Field‐Effect Transistors (LPSNFET),https://doi.org/10.1002/smll.202101434,2021,33,Small
W4409355722,Negative Photoconductivity in Nanowires/QDs Heterojunction Network for Neuromorphic Visual Perception,https://doi.org/10.1002/adfm.202504250,2025,26,Advanced Functional Materials
W4311059171,Artificial Visual Systems With Tunable Photoconductivity Based on Organic Molecule‐Nanowire Heterojunctions,https://doi.org/10.1002/adfm.202209091,2022,44,Advanced Functional Materials
W4414106268,Near-infrared artificial synapse based on a pristine InGaAs nanowire synaptic transistor,https://doi.org/10.1088/1361-6528/ae0594,2025,0,Nanotechnology
W4413054991,DPP‐DTT Nanowire Phototransistors for Optoelectronic Synapses in EMG and ECG Signal Classification,https://doi.org/10.1002/smll.202506440,2025,5,Small
W4406484922,Multidimensional free shape-morphing flexible neuromorphic devices with regulation at arbitrary points,https://doi.org/10.1038/s41467-024-55670-4,2025,32,Nature Communications
W4394762748,SiC@NiO Core–Shell Nanowire Networks‐Based Optoelectronic Synapses for Neuromorphic Computing and Visual Systems at High Temperature,https://doi.org/10.1002/smll.202400458,2024,18,Small
W4417290053,Photon‐Energy‐Gated Carrier Accumulation in Ordered Core–Shell Nanowires for Neuromorphic Photodetection and Memory,https://doi.org/10.1002/lpor.202502268,2025,40,Laser & Photonics Review
W4302362435,Superconducting optoelectronic single-photon synapses,https://doi.org/10.1038/s41928-022-00840-9,2022,38,Nature Electronics
W4372053009,Long-memory retention and self-powered ultraviolet artificial synapses realized by multi-cation metal oxide semiconductors,https://doi.org/10.1039/d3tc01026k,2023,23,Journal of Materials Chemistry C
W3122977762,TiO<sub>2</sub> Nanowire Array Memristive Devices Emulating Functionalities of Biological Synapses,https://doi.org/10.1002/aelm.202000950,2021,18,Advanced Electronic Materials
W3022677657,Highly aligned indium zinc oxide nanowire-based artificial synapses with low-energy consumption,https://doi.org/10.1016/j.jiec.2020.03.030,2020,29,Journal of Industrial and Engineering Chemistry
W4220959761,A hybrid ambipolar synaptic transistor emulating multiplexed neurotransmission for motivation control and experience-dependent learning,https://doi.org/10.1016/j.cclet.2022.03.015,2022,27,Chinese Chemical Letters
W3049309316,Silent Synapse Activation by Plasma‐Induced Oxygen Vacancies in TiO<sub>2</sub> Nanowire‐Based Memristor,https://doi.org/10.1002/aelm.202000536,2020,27,Advanced Electronic Materials
W4367624905,Nanoelectrochemistry reveals how soluble Aβ <sub>42</sub> oligomers alter vesicular storage and release of glutamate,https://doi.org/10.1073/pnas.2219994120,2023,33,Proceedings of the National Academy of Sciences
W4402503631,Brain-inspired computing with self-assembled networks of nano-objects,https://doi.org/10.1088/1361-6463/ad7a82,2024,25,Journal of Physics D Applied Physics
W4220999876,Effects of switching layer morphology on resistive switching behavior: A case study of electrochemically synthesized mixed-phase copper oxide memristive devices,https://doi.org/10.1016/j.apmt.2022.101460,2022,41,Applied Materials Today
W4376642281,Nanograin network memory with reconfigurable percolation paths for synaptic interactions,https://doi.org/10.1038/s41377-023-01168-5,2023,10,Light Science & Applications
W4391611222,Electrospun Coaxial Nanowire‐Based FETs with Annular Heterogeneous Interface Gain for Intelligent Functional Electronics,https://doi.org/10.1002/adfm.202316375,2024,33,Advanced Functional Materials
W4388071659,Spintronic devices for high-density memory and neuromorphic computing – A review,https://doi.org/10.1016/j.mattod.2023.10.004,2023,93,Materials Today
W4379797989,Mean Field Theory of Self‐Organizing Memristive Connectomes,https://doi.org/10.1002/andp.202300090,2023,19,Annalen der Physik
W4403269802,Chiral Perovskite Nanowire Optoelectronic Synapse for Full‐Stokes Polarization‐Resolved Perception and Reservoir Computing,https://doi.org/10.1002/adfm.202415551,2024,19,Advanced Functional Materials
W4401045908,Neuromorphic Computing Using a Floating Gate Modulated Photoelectric Synaptic Transistor,https://doi.org/10.1002/lpor.202400319,2024,14,Laser & Photonics Review
W4210956562,Neuromorphic spintronics,https://doi.org/10.1038/s41928-019-0360-9,2020,941,Nature Electronics
W4296079226,A CMOL-Like Memristor-CMOS Neuromorphic Chip-Core Demonstrating Stochastic Binary STDP,https://doi.org/10.1109/jetcas.2022.3207514,2022,16,IEEE Journal on Emerging and Selected Topics in Circuits and Systems
W4386624250,Mixed-Dimensional Nanoparticle–Nanowire Channels for Flexible Optoelectronic Artificial Synapse with Enhanced Photoelectric Response and Asymmetric Bidirectional Plasticity,https://doi.org/10.1021/acs.nanolett.3c02836,2023,30,Nano Letters
W4386782842,Wet‐Etching‐Boosted Charge Storage in 1D Nitride‐Based Systems for Imitating Biological Synaptic Behaviors,https://doi.org/10.1002/adfm.202306030,2023,15,Advanced Functional Materials
W4407916238,Deep-UV-photo-excited synaptic Ga<sub>2</sub>O<sub>3</sub> nano-device with low-energy consumption for neuromorphic computing,https://doi.org/10.1088/1674-4926/24050037,2025,10,Journal of Semiconductors
W3133680053,Memristive Artificial Synapses for Neuromorphic Computing,https://doi.org/10.1007/s40820-021-00618-2,2021,265,Nano-Micro Letters
W3048330281,Interfacing Neurons with Nanostructured Electrodes Modulates Synaptic Circuit Features,https://doi.org/10.1002/adbi.202000117,2020,22,Advanced Biosystems
W3198894669,Quantum Artificial Synapses,https://doi.org/10.1002/qute.202100072,2021,15,Advanced Quantum Technologies
W4252915691,Quantitative Nano‐amperometric Measurement of Intravesicular Glutamate Content and its Sub‐Quantal Release by Living Neurons,https://doi.org/10.1002/ange.202100882,2021,29,Angewandte Chemie
W4402625559,Flexible electrolyte-gated transistor based on InZnSnO nanowires for self-adaptive applications,https://doi.org/10.1016/j.apmt.2024.102424,2024,10,Applied Materials Today
W4403389042,In-Situ Fabricated Transparent Flexible Nanowire Device with Wavelength-Regulated Dual-Function of Photodetector and Photonic Synapse,https://doi.org/10.1021/acsami.4c12357,2024,15,ACS Applied Materials & Interfaces
W4409830655,"Improving multifunctional monolithic nano-device by single (Al,Ga)N nanowire/graphene van der Waals heterostructure for neuromorphic computing, photodetection and imaging",https://doi.org/10.1038/s43246-025-00803-5,2025,5,Communications Materials
W4309331793,Hybrid C8-BTBT/InGaAs nanowire heterojunction for artificial photosynaptic transistors,https://doi.org/10.1088/1674-4926/43/11/112201,2022,11,Journal of Semiconductors
W3199199118,An artificial optoelectronic synapse based on an InAs nanowire phototransistor with negative photoresponse,https://doi.org/10.1007/s11082-021-03217-y,2021,8,Optical and Quantum Electronics
W4413111083,A dual-mode transparent device for 360° quasi-omnidirectional self-driven photodetection and efficient ultralow-power neuromorphic computing,https://doi.org/10.1038/s41377-025-01991-y,2025,10,Light Science & Applications
W4406380768,Integrating molecular photoswitch memory with nanoscale optoelectronics for neuromorphic computing,https://doi.org/10.1038/s43246-024-00707-w,2025,14,Communications Materials
W3000591787,"Electrolyte-gated transistors for synaptic electronics, neuromorphic computing, and adaptable biointerfacing",https://doi.org/10.1063/1.5122249,2020,281,Applied Physics Reviews
W4205774365,Memristive devices based on single ZnO nanowires—from material synthesis to neuromorphic functionalities,https://doi.org/10.1088/1361-6641/ac4b8a,2022,17,Semiconductor Science and Technology
W4391879295,Silver Nanowire Networks with Moisture-Enhanced Learning Ability,https://doi.org/10.1021/acsami.3c17438,2024,7,ACS Applied Materials & Interfaces
W4313320399,An Artificial Autonomic Nervous System That Implements Heart and Pupil as Controlled by Artificial Sympathetic and Parasympathetic Nerves,https://doi.org/10.1002/adfm.202210119,2022,24,Advanced Functional Materials
W4365445433,ZnO photoconductive synaptic devices for neuromorphic computing,https://doi.org/10.1016/j.mssp.2023.107489,2023,11,Materials Science in Semiconductor Processing
W4394872655,Ultralow-power optoelectronic synaptic transistors based on polyzwitterion dielectrics for in-sensor reservoir computing,https://doi.org/10.1126/sciadv.adn4524,2024,79,Science Advances
W3035520652,Integrated-Photonic Characterization of Single-Photon Detectors for Use in Neuromorphic Synapses,https://doi.org/10.1103/physrevapplied.14.054008,2020,16,Physical Review Applied
W4307841125,The gate injection-based field-effect synapse transistor with linear conductance update for online training,https://doi.org/10.1038/s41467-022-34178-9,2022,63,Nature Communications
W3092216269,"Functional Fibers and Fabrics for Soft Robotics, Wearables, and Human–Robot Interface",https://doi.org/10.1002/adma.202002640,2020,587,Advanced Materials
W4401887251,Synaptic Transistors Using Scalable Graphene Nanoribbons,https://doi.org/10.1021/acs.jpclett.4c02149,2024,7,The Journal of Physical Chemistry Letters
W4306250432,Artificial Synapse Based on an InAs Nanowire Field-Effect Transistor with Ferroelectric Polymer P(VDF-TrFE) Passivation,https://doi.org/10.1021/acsaelm.2c01005,2022,9,ACS Applied Electronic Materials
W4387884104,Highly uniform photonic synapse arrays based on TIPS-pentacene nanowires/CsPbBr<sub>3</sub> heterojunctions,https://doi.org/10.1039/d3tc01609a,2023,4,Journal of Materials Chemistry C
W4405074555,A Low-Cost Flexible Optoelectronic Synapse Based on ZnO Nanowires for Neuromorphic Computing,https://doi.org/10.3390/s24237788,2024,8,Sensors
W4402076230,"Memristor-based artificial tactile perception systems with integrated functions of sensing, storage and computing",https://doi.org/10.1007/s40843-024-3072-4,2024,12,Science China Materials
W4400688524,Stable and Tunable Quantum Conductance in Spider-Silk-like Synaptic Device for Neurocomputing,https://doi.org/10.1021/acsami.4c06328,2024,4,ACS Applied Materials & Interfaces
W4393547079,Perovskite‐Nanowire‐Array‐Based Continuous‐State Programmable Artificial Synapse for Neuromorphic Computing,https://doi.org/10.1002/aisy.202300586,2024,8,Advanced Intelligent Systems
W3174385126,A flexible ultrasensitive optoelectronic sensor array for neuromorphic vision systems,https://doi.org/10.1038/s41467-021-22047-w,2021,430,Nature Communications
W4205740463,Advances in flexible organic field-effect transistors and their applications for flexible electronics,https://doi.org/10.1038/s41528-022-00133-3,2022,508,npj Flexible Electronics
W4409387563,Electric-stimulated controllable synaptic GaN nanodevice for neuromorphic computing,https://doi.org/10.1016/j.chip.2025.100149,2025,3,Chip
W4391304303,Self-Assembled Monolayer and Nanoparticles Coenhanced Fragmented Silver Nanowire Network Memristor,https://doi.org/10.1021/acsami.3c15351,2024,9,ACS Applied Materials & Interfaces
W3139108655,High-Speed and Low-Power Superconducting Neuromorphic Circuits Based on Quantum Phase-Slip Junctions,https://doi.org/10.1109/tasc.2021.3066194,2021,9,IEEE Transactions on Applied Superconductivity
W4384937031,Enhancing the memristive effects in SnO2 nanowire networks,https://doi.org/10.1016/j.cap.2023.07.004,2023,4,Current Applied Physics
W3122124224,"0D/1D organic ferroelectrics/multiferroics for ultrahigh density integration: Helical hydrogen-bonded chains, multi-mode switching, and proton synaptic transistors",https://doi.org/10.1063/5.0035745,2021,12,The Journal of Chemical Physics
W4393871531,Vertically Integrated Monolithic Neuromorphic Nanowire Device for Physiological Information Processing,https://doi.org/10.1021/acs.nanolett.3c04391,2024,5,Nano Letters
W4408750371,Self-assembled 3D Interconnected Magnetic Nanowire Networks for Neuromorphic Computing,https://doi.org/10.1021/acsami.4c22620,2025,11,ACS Applied Materials & Interfaces
W4399528285,IGZO/InHfO<i> <sub>x</sub> </i> Nanowires/IGZO Phototransistor With Persistent Photoconductivity Effect for Intelligent Visual Perception Application,https://doi.org/10.1109/ted.2024.3408782,2024,7,IEEE Transactions on Electron Devices
W4406695418,Retina-Inspired Flexible Visual Synaptic Device for Dynamic Image Processing,https://doi.org/10.1021/acsami.4c16378,2025,6,ACS Applied Materials & Interfaces
W4281479538,Robust Lead‐Free Perovskite Nanowire Array‐Based Artificial Synapses Exemplifying Gestalt Principle of Closure via a Letter Recognition Scheme,https://doi.org/10.1002/aisy.202200065,2022,14,Advanced Intelligent Systems
W4405338061,Catalyst‐Free Polymorphic β‐Ga<sub>2</sub>O<sub>3</sub> Nanomaterials for Solar‐Blind Optoelectronic Devices: Applications in Imaging and Neural Communication,https://doi.org/10.1002/smtd.202401473,2024,10,Small Methods
W4379466984,Machine learning using magnetic stochastic synapses,https://doi.org/10.1088/2634-4386/acdb96,2023,7,Neuromorphic Computing and Engineering
W4361005864,Enhanced resistive switching uniformity in HfO2/TiO2 NWA memristor for synaptic simulation,https://doi.org/10.1063/5.0140746,2023,7,Applied Physics Letters
W4387244285,Towards Artificial Visual Sensory System: Organic Optoelectronic Synaptic Materials and Devices,https://doi.org/10.1002/anie.202313634,2023,105,Angewandte Chemie International Edition
W4408780014,Bionic Gustatory Receptor for pH Identification Based on ZnSnO Nanofiber Synaptic Transistor,https://doi.org/10.1109/led.2025.3553591,2025,3,IEEE Electron Device Letters
W4388639388,Artificial Intelligence Meets Flexible Sensors: Emerging Smart Flexible Sensing Systems Driven by Machine Learning and Artificial Synapses,https://doi.org/10.1007/s40820-023-01235-x,2023,308,Nano-Micro Letters
W3194587756,GaO<i><sub>x</sub></i>@GaN Nanowire Arrays on Flexible Graphite Paper with Tunable Persistent Photoconductivity,https://doi.org/10.1021/acsami.1c13355,2021,7,ACS Applied Materials & Interfaces
W3185322996,Optically-controlled resistive switching effects of CdS nanowire memtransistor*,https://doi.org/10.1088/1674-1056/ac16ce,2021,4,Chinese Physics B
W4308485573,In-sensor reservoir computing system for latent fingerprint recognition with deep ultraviolet photo-synapses and memristor array,https://doi.org/10.1038/s41467-022-34230-8,2022,328,Nature Communications
W4309786649,Near-Infrared Artificial Optical Synapse Based on the P(VDF-TrFE)-Coated InAs Nanowire Field-Effect Transistor,https://doi.org/10.3390/ma15228247,2022,11,Materials
W4408903378,Self-Oriented Polycrystalline InP Nanowires Guided by Nanogrooves and Their Near-Infrared Photoresponse,https://doi.org/10.1021/acs.cgd.4c01686,2025,2,Crystal Growth & Design
W3002245331,Nanoelectrode-mediated single neuron activation,https://doi.org/10.1039/c9nr10559j,2020,10,Nanoscale
W4226231928,A flexible dual-gate hetero-synaptic transistor for spatiotemporal information processing,https://doi.org/10.1039/d2na00146b,2022,35,Nanoscale Advances
W3159064237,Mimicking associative learning using an ion-trapping non-volatile synaptic organic electrochemical transistor,https://doi.org/10.1038/s41467-021-22680-5,2021,296,Nature Communications
W3111140867,Nanowires Based Artificial Synaptic Networks for Building Neuromorphic Artificial Intelligence,https://doi.org/10.1109/icaccm50413.2020.9213081,2020,0,
W3028905307,One-dimensional materials for photoelectroactive memories and synaptic devices,https://doi.org/10.1016/b978-0-12-819717-2.00008-4,2020,2,Elsevier eBooks
W2998390304,An artificial spiking afferent nerve based on Mott memristors for neurorobotics,https://doi.org/10.1038/s41467-019-13827-6,2020,384,Nature Communications
W4415349392,Piezo-Nanowired Stem Cells: Ultrasound-Powered Neuronal Commitment for Rapid Neural Circuit Reconstruction after Traumatic Brain Injury,https://doi.org/10.1021/acsnano.5c08752,2025,3,ACS Nano
W3110294643,Curved neuromorphic image sensor array using a MoS2-organic heterostructure inspired by the human visual recognition system,https://doi.org/10.1038/s41467-020-19806-6,2020,331,Nature Communications
W4414950529,Multi‐defect‐engineering in <scp>ZnO</scp> / <scp>GO</scp> heterostructures for optoelectronic synaptic devices with ultra‐high dynamic range and low energy consumption,https://doi.org/10.1002/inf2.70089,2025,5,InfoMat
W4414628824,A Self-Powered Synaptic Device Based on InGaO Nanowires for Humanoid Robot Learning,https://doi.org/10.1021/acsaelm.5c01411,2025,0,ACS Applied Electronic Materials
W3204131515,Electrolyte-gated transistors for enhanced performance bioelectronics,https://doi.org/10.1038/s43586-021-00065-8,2021,403,Nature Reviews Methods Primers
W4412553145,Synaptic Transistors Using Backbone-Engineered D–A Conjugated Polymers for Real-Time Wearable Motion Cognition,https://doi.org/10.1021/acsami.5c03513,2025,3,ACS Applied Materials & Interfaces
W4402986254,A Self‐Driven Ga<sub>2</sub>O<sub>3</sub> Memristor Synapse for Humanoid Robot Learning,https://doi.org/10.1002/smtd.202400989,2024,9,Small Methods
W4398767291,Geometrical properties of three-dimensional crossed nanowire networks,https://doi.org/10.1103/physrevresearch.6.023211,2024,3,Physical Review Research
W3209232797,Advances in Magnetics Roadmap on Spin-Wave Computing,https://doi.org/10.1109/tmag.2022.3149664,2022,440,IEEE Transactions on Magnetics
W3205881480,Complementary resistive switching in core–shell nanowires,https://doi.org/10.1063/5.0062811,2021,3,Journal of Applied Physics
W3156524454,Harpagide Inhibits Microglial Activation and Protects Dopaminergic Neurons as Revealed by Nanoelectrode Amperometry<sup>†</sup>,https://doi.org/10.1002/cjoc.202100178,2021,6,Chinese Journal of Chemistry
W3126503310,Ferroelectric field effect transistors: Progress and perspective,https://doi.org/10.1063/5.0035515,2021,227,APL Materials
W3216358190,Electrolyte-gated neuromorphic transistors for brain-like dynamic computing,https://doi.org/10.1063/5.0069456,2021,49,Journal of Applied Physics
W4221009823,Photo-induced non-volatile VO2 phase transition for neuromorphic ultraviolet sensors,https://doi.org/10.1038/s41467-022-29456-5,2022,302,Nature Communications
W3135671352,Contact-electrification-activated artificial afferents at femtojoule energy,https://doi.org/10.1038/s41467-021-21890-1,2021,232,Nature Communications
W3085370829,Vertical organic synapse expandable to 3D crossbar array,https://doi.org/10.1038/s41467-020-17850-w,2020,243,Nature Communications
W4410568091,A Monolithic Neuromorphic Device for In-Sensor Tactile Computing,https://doi.org/10.1021/acs.jpclett.5c00583,2025,4,The Journal of Physical Chemistry Letters
W3135493399,Nanoarchitectonics: what's coming next after nanotechnology?,https://doi.org/10.1039/d0nh00680g,2021,290,Nanoscale Horizons
W4417157228,High-performance solar-blind optoelectronic synaptic device based on N-doped Ga2O3 nanowire network for neuromorphic computing,https://doi.org/10.1063/5.0307144,2025,0,Journal of Applied Physics
W4411570936,Unconventional Multimodal Switching in Single‐Crystalline Nanowire Channel ECRAM,https://doi.org/10.1002/smll.202504071,2025,2,Small
W4324311255,Soft Electronics for Health Monitoring Assisted by Machine Learning,https://doi.org/10.1007/s40820-023-01029-1,2023,103,Nano-Micro Letters
W4225391715,Dye-sensitized perovskite/organic semiconductor ternary transistors for artificial synapses,https://doi.org/10.1007/s40843-021-1999-5,2022,38,Science China Materials
W4415455114,Seeing Beyond Nature: Nanowire Lights up Retinal Prosthesis,https://doi.org/10.1002/sys3.70006,2025,2,SmartSys
W4400940175,Defect-engineering-based titanium dioxide nanowires for artificial optoelectronic synapses,https://doi.org/10.1016/j.jacomc.2024.100017,2024,2,Journal of Alloys and Compounds Communications
W4402129311,Study of resistive properties and neural response of ZrO2/TiO2 heterojunction nanowire array (NWA) RRAM,https://doi.org/10.1016/j.apsusc.2024.161150,2024,11,Applied Surface Science
W3198008946,"Biology and bioinspiration of soft robotics: Actuation, sensing, and system integration",https://doi.org/10.1016/j.isci.2021.103075,2021,91,iScience
W4411019789,Synaptic Transistors Based on Electrospun Aligned Nanowire for Neuromorphic Computing,https://doi.org/10.1109/ted.2025.3575413,2025,0,IEEE Transactions on Electron Devices
W3020952717,Neurohybrid Memristive CMOS-Integrated Systems for Biosensors and Neuroprosthetics,https://doi.org/10.3389/fnins.2020.00358,2020,182,Frontiers in Neuroscience
W3088467998,Recent Technological Advances in Fabrication and Application of Organic Electrochemical Transistors,https://doi.org/10.1002/admt.202000523,2020,79,Advanced Materials Technologies
W4323653529,Technology Roadmap for Flexible Sensors,https://doi.org/10.1021/acsnano.2c12606,2023,1218,ACS Nano
W4416187665,Bioinspired Reconfigurable Vision Sensor Based on InGaN Semiconductor/Hydrogel Heterostructure for Dynamic‐Static Fusion Perception,https://doi.org/10.1002/adma.202512894,2025,2,Advanced Materials
W4388296666,Self-Powered ZTO/ZnO Nanowire-Based Photodetectors with Ultrahigh Photosensitivity for Advanced UV Sensing,https://doi.org/10.1021/acsanm.3c03898,2023,9,ACS Applied Nano Materials
W4408144056,Interface engineering for enhanced memristive devices and neuromorphic computing applications,https://doi.org/10.1177/09506608251318108,2025,5,International Materials Reviews
W4310364782,Optical synaptic devices with ultra-low power consumption for neuromorphic computing,https://doi.org/10.1038/s41377-022-01031-z,2022,166,Light Science & Applications
W4390169428,Heterogeneous interface engineering enabling homogeneous metal halide perovskite nanowires for artificial synapses,https://doi.org/10.1016/j.mtnano.2023.100449,2023,4,Materials Today Nano
W3166364176,Recent advanced applications of ion-gel in ionic-gated transistor,https://doi.org/10.1038/s41528-021-00110-2,2021,133,npj Flexible Electronics
W4402482874,Field-Induced Multistate Magnetization Switching in Ferromagnetic Nanowire with Parallel Anti-dots for Memristor Applications,https://doi.org/10.1007/s10948-024-06821-7,2024,2,Journal of Superconductivity and Novel Magnetism
W3129964628,Triboelectric nanogenerator based self-powered sensor for artificial intelligence,https://doi.org/10.1016/j.nanoen.2021.105887,2021,335,Nano Energy
W4392737580,Extracellular vesicles as tools and targets in therapy for diseases,https://doi.org/10.1038/s41392-024-01735-1,2024,1062,Signal Transduction and Targeted Therapy
W4360814365,A Bioinspired Ultra Flexible Artificial van der Waals 2D‐MoS<sub>2</sub> Channel/LiSiO<i><sub>x</sub></i> Solid Electrolyte Synapse Arrays via Laser‐Lift Off Process for Wearable Adaptive Neuromorphic Computing,https://doi.org/10.1002/smtd.202201719,2023,36,Small Methods
W4390272121,Organic Mixed Ionic–Electronic Conductors for Bioelectronic Sensors: Materials and Operation Mechanisms,https://doi.org/10.1002/advs.202306191,2023,85,Advanced Science
W3028800027,A flexible artificial intrinsic-synaptic tactile sensory organ,https://doi.org/10.1038/s41467-020-16606-w,2020,207,Nature Communications
W4411799120,Dual Charge-Trapping Nanowire Flash Transistor for Low-Voltage High-Precision Biomimetic Synaptic Device with 1024 States,https://doi.org/10.1109/edtm61175.2025.11041648,2025,0,
W3035615680,Oxidation-boosted charge trapping in ultra-sensitive van der Waals materials for artificial synaptic features,https://doi.org/10.1038/s41467-020-16766-9,2020,161,Nature Communications
W4411008099,Mixed-Dimensional Nanowires/Nanosheet Heterojunction of GaSb/Bi2O2Se for Self-Powered Near-Infrared Photodetection and Photocommunication,https://doi.org/10.1007/s40820-025-01793-2,2025,23,Nano-Micro Letters
W4317390660,Vertical organic electrochemical transistors for complementary circuits,https://doi.org/10.1038/s41586-022-05592-2,2023,381,Nature
W3043485868,Characterizing Extracellular Vesicles and Their Diverse RNA Contents,https://doi.org/10.3389/fgene.2020.00700,2020,226,Frontiers in Genetics
W4390046601,Materials for Memristors,https://doi.org/10.1002/adfm.202314512,2023,9,Advanced Functional Materials
W4313334514,Inorganic Halide Perovskite Quantum Dots: A Versatile Nanomaterial Platform for Electronic Applications,https://doi.org/10.1007/s40820-022-00983-6,2022,159,Nano-Micro Letters
W4221132945,"Domain wall memory: Physics, materials, and devices",https://doi.org/10.1016/j.physrep.2022.02.001,2022,142,Physics Reports
W3164794336,Electrolyte-Gated Field Effect Transistors in Biological Sensing: A Survey of Electrolytes,https://doi.org/10.1109/jeds.2021.3082420,2021,33,IEEE Journal of the Electron Devices Society
W4366742135,Tetrachromatic vision-inspired neuromorphic sensors with ultraweak ultraviolet detection,https://doi.org/10.1038/s41467-023-37973-0,2023,144,Nature Communications
W4416419627,0D/1D mixed-dimensional heterojunction synaptic transistor for visual information processing,https://doi.org/10.1063/5.0299679,2025,1,Applied Physics Letters
W4393990192,Three-Dimensional Resistive Random-Access Memory Based on Stacked Double-Tip Silicon Nanowires for Neuromorphic Systems,https://doi.org/10.1021/acsaelm.3c01680,2024,2,ACS Applied Electronic Materials
W4414575476,A Controllable Method to Integrate Single GaN/Ga <sub>2</sub> O <sub>3</sub> Nanowire into Ultralow‐Energy‐Consumption Synaptic Nano‐Device for Neuromorphic Computing,https://doi.org/10.1002/adom.202502484,2025,0,Advanced Optical Materials
W4415790437,Disordered Glass Nanowire Substrates Produce in Vivo‐Like Astrocyte Morphology Revealed by Low‐Coherence Holotomography,https://doi.org/10.1002/advs.202513424,2025,2,Advanced Science
W3041554531,One-dimensional organic artificial multi-synapses enabling electronic textile neural network for wearable neuromorphic applications,https://doi.org/10.1126/sciadv.aba1178,2020,173,Science Advances
W3123833583,3D high-density microelectrode array with optical stimulation and drug delivery for investigating neural circuit dynamics,https://doi.org/10.1038/s41467-020-20763-3,2021,213,Nature Communications
W4390773918,A Purely Electronic Analog Memristive Device Based on a Squaraine Nanowire Mesh,https://doi.org/10.1021/acsaelm.3c01238,2024,5,ACS Applied Electronic Materials
W3197387328,4K-memristor analog-grade passive crossbar circuit,https://doi.org/10.1038/s41467-021-25455-0,2021,230,Nature Communications
W4399678687,Programmable superconducting optoelectronic single-photon synapses with integrated multi-state memory,https://doi.org/10.1063/5.0204469,2024,1,APL Machine Learning
W4321018906,Recent progress in three-terminal artificial synapses based on 2D materials: from mechanisms to applications,https://doi.org/10.1038/s41378-023-00487-2,2023,136,Microsystems & Nanoengineering
W3005708950,Autophagy Modulated by Inorganic Nanomaterials,https://doi.org/10.7150/thno.40414,2020,165,Theranostics
W4323929156,Mammalian-brain-inspired neuromorphic motion-cognition nerve achieves cross-modal perceptual enhancement,https://doi.org/10.1038/s41467-023-36935-w,2023,137,Nature Communications
W4297542288,Improved Resistive Switching with Low-Power Synaptic Behaviors of ZnO/Al2O3 Bilayer Structure,https://doi.org/10.3390/ma15196663,2022,17,Materials
W3089089707,Ion‐Gated Transistor: An Enabler for Sensing and Computing Integration,https://doi.org/10.1002/aisy.202000156,2020,50,Advanced Intelligent Systems
W4316805774,"Low-Dimensional-Materials-Based Flexible Artificial Synapse: Materials, Devices, and Systems",https://doi.org/10.3390/nano13030373,2023,20,Nanomaterials
W4320811321,In-memory computing with emerging memory devices: Status and outlook,https://doi.org/10.1063/5.0136403,2023,126,APL Machine Learning
W4309618925,Exploring Neuromorphic Computing Based on Spiking Neural Networks: Algorithms to Hardware,https://doi.org/10.1145/3571155,2022,224,ACM Computing Surveys
W3214815846,Progress and Challenges for Memtransistors in Neuromorphic Circuits and Systems,https://doi.org/10.1002/adma.202108025,2021,147,Advanced Materials
W3160300804,DNA nanostructure-based nucleic acid probes: construction and biological applications,https://doi.org/10.1039/d1sc00587a,2021,169,Chemical Science
W4320732201,A flexible artificial chemosensory neuronal synapse based on chemoreceptive ionogel-gated electrochemical transistor,https://doi.org/10.1038/s41467-023-36480-6,2023,135,Nature Communications
W4280550359,Simultaneous emulation of synaptic and intrinsic plasticity using a memristive synapse,https://doi.org/10.1038/s41467-022-30432-2,2022,136,Nature Communications
W3207111975,Energy-efficient memcapacitor devices for neuromorphic computing,https://doi.org/10.1038/s41928-021-00649-y,2021,190,Nature Electronics
W4224210783,Bioinspired sensor system for health care and human‐machine interaction,https://doi.org/10.1002/eom2.12209,2022,135,EcoMat
W3205318724,Memristor-based biomimetic compound eye for real-time collision detection,https://doi.org/10.1038/s41467-021-26314-8,2021,186,Nature Communications
W4200564755,Organic neuromorphic electronics for sensorimotor integration and learning in robotics,https://doi.org/10.1126/sciadv.abl5068,2021,129,Science Advances
W3127020666,Recent Progress in Transistor‐Based Optoelectronic Synapses: From Neuromorphic Computing to Artificial Sensory System,https://doi.org/10.1002/aisy.202000162,2021,204,Advanced Intelligent Systems
W4292707877,Emerging reconfigurable electronic devices based on two‐dimensional materials: A review,https://doi.org/10.1002/inf2.12355,2022,96,InfoMat
W3084232068,Metasurfaces for biomedical applications: imaging and sensing from a nanophotonics perspective,https://doi.org/10.1515/nanoph-2020-0373,2020,262,Nanophotonics
W3210512841,Standards for the Characterization of Endurance in Resistive Switching Devices,https://doi.org/10.1021/acsnano.1c06980,2021,246,ACS Nano
W4310611281,A bioinspired flexible neuromuscular system based thermal-annealing-free perovskite with passivation,https://doi.org/10.1038/s41467-022-35092-w,2022,101,Nature Communications
W3168828086,Self-sustained green neuromorphic interfaces,https://doi.org/10.1038/s41467-021-23744-2,2021,84,Nature Communications
W4322774032,Short-term synaptic plasticity in emerging devices for neuromorphic computing,https://doi.org/10.1016/j.isci.2023.106315,2023,110,iScience
W4205567487,Drug delivery to the central nervous system,https://doi.org/10.1038/s41578-021-00394-w,2021,360,Nature Reviews Materials
W3134257467,Wireless and battery-free technologies for neuroengineering,https://doi.org/10.1038/s41551-021-00683-3,2021,341,Nature Biomedical Engineering
W4380989467,All-ferroelectric implementation of reservoir computing,https://doi.org/10.1038/s41467-023-39371-y,2023,163,Nature Communications
W3025907477,Memristor networks for real-time neural activity analysis,https://doi.org/10.1038/s41467-020-16261-1,2020,207,Nature Communications
W4360614054,A Review on the Progress of Optoelectronic Devices Based on TiO2 Thin Films and Nanomaterials,https://doi.org/10.3390/nano13071141,2023,86,Nanomaterials
W3042606572,The Toxicity Phenomenon and the Related Occurrence in Metal and Metal Oxide Nanoparticles: A Brief Review From the Biomedical Perspective,https://doi.org/10.3389/fbioe.2020.00822,2020,249,Frontiers in Bioengineering and Biotechnology
W3168241600,Solid-state nanopore systems: from materials to applications,https://doi.org/10.1038/s41427-021-00313-z,2021,131,NPG Asia Materials
W3129565825,Bioinspired multisensory neural network with crossmodal integration and recognition,https://doi.org/10.1038/s41467-021-21404-z,2021,215,Nature Communications
W4366813903,Perspectives on tissue-like bioelectronics for neural modulation,https://doi.org/10.1016/j.isci.2023.106715,2023,29,iScience
W4393224452,High-performance ferroelectric field-effect transistors with ultra-thin indium tin oxide channels for flexible and transparent electronics,https://doi.org/10.1038/s41467-024-46878-5,2024,112,Nature Communications
W4394680818,A bionic self-driven retinomorphic eye with ionogel photosynaptic retina,https://doi.org/10.1038/s41467-024-47374-6,2024,91,Nature Communications
W3029867615,Perspective on photonic memristive neuromorphic computing,https://doi.org/10.1186/s43074-020-0001-6,2020,136,PhotoniX
W3128691787,Application of Radiosensitizers in Cancer Radiotherapy,https://doi.org/10.2147/ijn.s290438,2021,448,International Journal of Nanomedicine
W3018624892,Atomic Scale Dynamics Drive Brain-like Avalanches in Percolating Nanostructured Networks,https://doi.org/10.1021/acs.nanolett.0c01096,2020,80,Nano Letters
W4375858879,A sensory memory processing system with multi-wavelength synaptic-polychromatic light emission for multi-modal information recognition,https://doi.org/10.1038/s41467-023-38396-7,2023,90,Nature Communications
W3018195139,Projection micro stereolithography based 3D printing and its applications,https://doi.org/10.1088/2631-7990/ab8d9a,2020,424,International Journal of Extreme Manufacturing
W3177469743,Artificial Synapses Based on Ferroelectric Schottky Barrier Field-Effect Transistors for Neuromorphic Applications,https://doi.org/10.1021/acsami.1c07505,2021,68,ACS Applied Materials & Interfaces
W4394845403,Reconfigurable optoelectronic transistors for multimodal recognition,https://doi.org/10.1038/s41467-024-47580-2,2024,89,Nature Communications
W4394646548,Strain-insensitive viscoelastic perovskite film for intrinsically stretchable neuromorphic vision-adaptive transistors,https://doi.org/10.1038/s41467-024-47532-w,2024,81,Nature Communications
W4284894751,Optimization of the structural complexity of artificial neural network for hardware-driven neuromorphic computing application,https://doi.org/10.1007/s10489-022-03783-y,2022,18,Applied Intelligence
W4292116816,Shell microelectrode arrays (MEAs) for brain organoids,https://doi.org/10.1126/sciadv.abq5031,2022,179,Science Advances
W4320728200,Perovskite-based color camera inspired by human visual cells,https://doi.org/10.1038/s41377-023-01072-y,2023,99,Light Science & Applications
W3169876917,"Additive Manufacturing of Conducting Polymers: Recent Advances, Challenges, and Opportunities",https://doi.org/10.1021/acsapm.1c00252,2021,135,ACS Applied Polymer Materials
W3134928919,Highly Textured Assembly of Engineered Si Nanowires for Artificial Synapses Model,https://doi.org/10.1021/acsaelm.1c00004,2021,1,ACS Applied Electronic Materials
W4308116313,Flexible optoelectronic neural transistors with broadband spectrum sensing and instant electrical processing for multimodal neuromorphic computing,https://doi.org/10.1002/smm2.1154,2022,69,SmartMat
W3129376072,Retina-Inspired Organic Heterojunction-Based Optoelectronic Synapses for Artificial Visual Systems,https://doi.org/10.34133/2021/7131895,2021,68,Research
W3210021170,Flexible artificial Si-In-Zn-O/ion gel synapse and its application to sensory-neuromorphic system for sign language translation,https://doi.org/10.1126/sciadv.abg9450,2021,97,Science Advances
W4406592955,Flexible Neuromorphic Electronics for Wearable Near‐Sensor and In‐Sensor Computing Systems,https://doi.org/10.1002/adma.202416073,2025,89,Advanced Materials
W4200206425,Artificial Sense Technology: Emulating and Extending Biological Senses,https://doi.org/10.1021/acsnano.1c10313,2021,100,ACS Nano
W4414104104,Low-dimensional optoelectronic memristors: From quantum confinement to neuromorphic vision,https://doi.org/10.1016/j.mser.2025.101115,2025,1,Materials Science and Engineering R Reports
W4391883933,The Roadmap of 2D Materials and Devices Toward Chips,https://doi.org/10.1007/s40820-023-01273-5,2024,202,Nano-Micro Letters
W4404017951,Smart Gas Sensors: Recent Developments and Future Prospective,https://doi.org/10.1007/s40820-024-01543-w,2024,197,Nano-Micro Letters
W4388451841,An artificially-intelligent cornea with tactile sensation enables sensory expansion and interaction,https://doi.org/10.1038/s41467-023-42240-3,2023,80,Nature Communications
W4415809589,A High Switching Ratio Ti <sub>3</sub> C <sub>2</sub> :V <sub>2</sub> O <sub>5</sub> -Based Memristor for Artificial Synapse and Simulation of Human Body Water Dynamics,https://doi.org/10.1021/acsmaterialslett.5c01059,2025,1,ACS Materials Letters
W3091279877,Hf0.5Zr0.5O2-based ferroelectric memristor with multilevel storage potential and artificial synaptic plasticity,https://doi.org/10.1007/s40843-020-1444-1,2020,88,Science China Materials
W4292547106,Low‐Dimensional Metal‐Halide Perovskites as High‐Performance Materials for Memory Applications,https://doi.org/10.1002/smll.202203311,2022,97,Small
W4229379115,A new paradigm for diagnosis of neurodegenerative diseases: peripheral exosomes of brain origin,https://doi.org/10.1186/s40035-022-00301-5,2022,82,Translational Neurodegeneration
W4400863919,Ultra-low power carbon nanotube/porphyrin synaptic arrays for persistent photoconductivity and neuromorphic computing,https://doi.org/10.1038/s41467-024-50490-y,2024,66,Nature Communications
W3165794563,Spoken Digit Classification by In-Materio Reservoir Computing With Neuromorphic Atomic Switch Networks,https://doi.org/10.3389/fnano.2021.675792,2021,82,Frontiers in Nanotechnology
W4407802966,"Bio-inspired electronics: Soft, biohybrid, and “living” neural interfaces",https://doi.org/10.1038/s41467-025-57016-0,2025,102,Nature Communications
W4281389276,Bioinspired organic optoelectronic synaptic transistors based on cellulose nanopaper and natural chlorophyll-a for neuromorphic systems,https://doi.org/10.1038/s41528-022-00163-x,2022,68,npj Flexible Electronics
W2997162785,Memristive and CMOS Devices for Neuromorphic Computing,https://doi.org/10.3390/ma13010166,2020,129,Materials
W4361285627,Top-Gate Transparent Organic Synaptic Transistors Based on Co-Mingled Heterojunctions,https://doi.org/10.3390/electronics12071596,2023,6,Electronics
W4388626384,A full spectrum of computing-in-memory technologies,https://doi.org/10.1038/s41928-023-01053-4,2023,126,Nature Electronics
W4391143017,Miniaturized spectrometer with intrinsic long-term image memory,https://doi.org/10.1038/s41467-024-44884-1,2024,68,Nature Communications
W4288084550,High-temperature flexible WSe2 photodetectors with ultrahigh photoresponsivity,https://doi.org/10.1038/s41467-022-32062-0,2022,140,Nature Communications
W4220938389,The resurrection of tellurium as an elemental two-dimensional semiconductor,https://doi.org/10.1038/s41699-022-00293-w,2022,105,npj 2D Materials and Applications
W3079428540,"A review of molybdenum disulfide (MoS<sub>2</sub>) based photodetectors: from ultra-broadband, self-powered to flexible devices",https://doi.org/10.1039/d0ra03183f,2020,356,RSC Advances
W3006821797,Nonstationary distributions and relaxation times in a stochastic model of memristor,https://doi.org/10.1088/1742-5468/ab684a,2020,158,Journal of Statistical Mechanics Theory and Experiment
W4311929611,A one-dimensional conductive metal-organic framework with extended π-d conjugated nanoribbon layers,https://doi.org/10.1038/s41467-022-35315-0,2022,98,Nature Communications
W4293063058,"Emerging Iontronic Sensing: Materials, Mechanisms, and Applications",https://doi.org/10.34133/2022/9867378,2022,89,Research
W4321168628,Machine Learning-Enhanced Flexible Mechanical Sensing,https://doi.org/10.1007/s40820-023-01013-9,2023,162,Nano-Micro Letters
W3023587085,Recent advances in organic‐based materials for resistive memory applications,https://doi.org/10.1002/inf2.12120,2020,191,InfoMat
W4385060003,New strategies of neurodegenerative disease treatment with extracellular vesicles (EVs) derived from mesenchymal stem cells (MSCs),https://doi.org/10.7150/thno.83066,2023,135,Theranostics
W4309660609,Dynamic molecular switches with hysteretic negative differential conductance emulating synaptic behaviour,https://doi.org/10.1038/s41563-022-01402-2,2022,89,Nature Materials
W4205734592,The preference for sugar over sweetener depends on a gut sensor cell,https://doi.org/10.1038/s41593-021-00982-7,2022,176,Nature Neuroscience
W4366986704,A general strategy for manufacturing flexible synaptic transistors with high mechanical stability,https://doi.org/10.1007/s40843-022-2408-7,2023,8,Science China Materials
W3164962964,A Review of Algorithms and Hardware Implementations for Spiking Neural Networks,https://doi.org/10.3390/jlpea11020023,2021,64,Journal of Low Power Electronics and Applications
W4295290218,"High-Transconductance, Highly Elastic, Durable and Recyclable All-Polymer Electrochemical Transistors with 3D Micro-Engineered Interfaces",https://doi.org/10.1007/s40820-022-00930-5,2022,92,Nano-Micro Letters
W4395074661,Visualized in-sensor computing,https://doi.org/10.1038/s41467-024-47630-9,2024,59,Nature Communications
W3175229860,Nanoscale domain wall devices with magnetic tunnel junction read and write,https://doi.org/10.1038/s41928-021-00593-x,2021,108,Nature Electronics
W4283017935,High responsivity and flexible deep-UV phototransistor based on Ta-doped β-Ga2O3,https://doi.org/10.1038/s41528-022-00179-3,2022,84,npj Flexible Electronics
W4283773174,Hands-on reservoir computing: a tutorial for practical implementation,https://doi.org/10.1088/2634-4386/ac7db7,2022,187,Neuromorphic Computing and Engineering
W4401218959,Fibres—threads of intelligence—enable a new generation of wearable systems,https://doi.org/10.1039/d4cs00286e,2024,101,Chemical Society Reviews
W3004869252,Engineering microscale systems for fully autonomous intracellular neural interfaces,https://doi.org/10.1038/s41378-019-0121-y,2020,79,Microsystems & Nanoengineering
W3088720919,Zinc Tin Oxide Synaptic Device for Neuromorphic Engineering,https://doi.org/10.1109/access.2020.3005303,2020,57,IEEE Access
W4379599414,Black Phosphorus/Ferroelectric P(VDF-TrFE) Field-Effect Transistors with High Mobility for Energy-Efficient Artificial Synapse in High-Accuracy Neuromorphic Computing,https://doi.org/10.1021/acs.nanolett.3c01687,2023,74,Nano Letters
W4220680900,Green flexible electronics based on starch,https://doi.org/10.1038/s41528-022-00147-x,2022,121,npj Flexible Electronics
W4322207850,Laser printed microelectronics,https://doi.org/10.1038/s41467-023-36722-7,2023,83,Nature Communications
W3019900940,Visible light communication with efficient far-red/near-infrared polymer light-emitting diodes,https://doi.org/10.1038/s41377-020-0314-z,2020,158,Light Science & Applications
W4306292623,Progress of Materials and Devices for Neuromorphic Vision Sensors,https://doi.org/10.1007/s40820-022-00945-y,2022,117,Nano-Micro Letters
W4412949804,"Stretchable organic transistors for bioinspired electronics: Materials, devices and applications",https://doi.org/10.1002/flm2.70006,2025,22,FlexMat.
W4388455102,Field effect transistor based wearable biosensors for healthcare monitoring,https://doi.org/10.1186/s12951-023-02153-1,2023,114,Journal of Nanobiotechnology
W3089504726,"Memristive TiO2: Synthesis, Technologies, and Applications",https://doi.org/10.3389/fchem.2020.00724,2020,85,Frontiers in Chemistry
W4285093551,Two‐dimensional In<sub>2</sub>Se<sub>3</sub>: A rising advanced material for ferroelectric data storage,https://doi.org/10.1002/inf2.12341,2022,124,InfoMat
W4385272338,Achieving tissue-level softness on stretchable electronics through a generalizable soft interlayer design,https://doi.org/10.1038/s41467-023-40191-3,2023,145,Nature Communications
W4362506137,Biocompatible Material‐Based Flexible Biosensors: From Materials Design to Wearable/Implantable Devices and Integrated Sensing Systems,https://doi.org/10.1002/smll.202207879,2023,160,Small
W3000472543,Strain-controlled power devices as inspired by human reflex,https://doi.org/10.1038/s41467-019-14234-7,2020,80,Nature Communications
W4402923334,Birdlike broadband neuromorphic visual sensor arrays for fusion imaging,https://doi.org/10.1038/s41467-024-52563-4,2024,49,Nature Communications
W4401736043,Multiphoton fluorescence microscopy for in vivo imaging,https://doi.org/10.1016/j.cell.2024.07.036,2024,132,Cell
W4324133111,"Resistive random access memory: introduction to device mechanism, materials and application to neuromorphic computing",https://doi.org/10.1186/s11671-023-03775-y,2023,88,Discover Nano
W3012842516,Complex electrical spiking activity in resistive switching nanostructured Au two-terminal devices,https://doi.org/10.1088/1361-6528/ab76ec,2020,53,Nanotechnology
W4392014574,Functionalized ZnO-Based Nanocomposites for Diverse Biological Applications: Current Trends and Future Perspectives,https://doi.org/10.3390/nano14050397,2024,77,Nanomaterials
W4387772669,Higher-dimensional processing using a photonic tensor core with continuous-time data,https://doi.org/10.1038/s41566-023-01313-x,2023,141,Nature Photonics
W3141496503,Nanotechnology: new opportunities for the development of patch‐clamps,https://doi.org/10.1186/s12951-021-00841-4,2021,60,Journal of Nanobiotechnology
W4307722955,Significance of an Electrochemical Sensor and Nanocomposites: Toward the Electrocatalytic Detection of Neurotransmitters and Their Importance within the Physiological System,https://doi.org/10.1021/acsnanoscienceau.2c00039,2022,95,ACS Nanoscience Au
W3087636483,Rapid prototyping of soft bioelectronic implants for use as neuromuscular interfaces,https://doi.org/10.1038/s41551-020-00615-7,2020,148,Nature Biomedical Engineering
W4293102075,Co-assembled perylene/graphene oxide photosensitive heterobilayer for efficient neuromorphics,https://doi.org/10.1038/s41467-022-32725-y,2022,70,Nature Communications
W4312127995,Forming-Free Tunable Analog Switching in WOx/TaOx Heterojunction for Emulating Electronic Synapses,https://doi.org/10.3390/ma15248858,2022,7,Materials
W4385496633,Retinomorphic hardware for in‐sensor computing,https://doi.org/10.1002/inf2.12473,2023,92,InfoMat
W4413868468,Ultrathin Gallium Nitride Quantum-Disk-in-Nanowire-Enabled Reconfigurable Bioinspired Sensor for High-Accuracy Human Action Recognition,https://doi.org/10.1007/s40820-025-01888-w,2025,10,Nano-Micro Letters
W3082376712,Neuromorphic Computing Using Emerging Synaptic Devices: A Retrospective Summary and an Outlook,https://doi.org/10.3390/electronics9091414,2020,52,Electronics
W4309471959,Compact artificial neuron based on anti-ferroelectric transistor,https://doi.org/10.1038/s41467-022-34774-9,2022,118,Nature Communications
W4220762598,Rotating neurons for all-analog implementation of cyclic reservoir computing,https://doi.org/10.1038/s41467-022-29260-1,2022,120,Nature Communications
W4321850928,Interfacing Biology and Electronics with Memristive Materials,https://doi.org/10.1002/adma.202210035,2023,50,Advanced Materials
W4353020721,Ultralow Energy Domain Wall Device for Spin-Based Neuromorphic Computing,https://doi.org/10.1021/acsnano.2c09744,2023,52,ACS Nano
W4387757345,Computing of neuromorphic materials: an emerging approach for bioengineering solutions,https://doi.org/10.1039/d3ma00449j,2023,50,Materials Advances
W4404872267,Ultraweak light-modulated heterostructure with bidirectional photoresponse for static and dynamic image perception,https://doi.org/10.1038/s41467-024-54845-3,2024,71,Nature Communications
W4388140215,Online dynamical learning and sequence memory with neuromorphic nanowire networks,https://doi.org/10.1038/s41467-023-42470-5,2023,51,Nature Communications
W3125136861,Artificial synapses with a sponge-like double-layer porous oxide memristor,https://doi.org/10.1038/s41427-020-00274-9,2021,47,NPG Asia Materials
W4205949979,A flexible capacitive photoreceptor for the biomimetic retina,https://doi.org/10.1038/s41377-021-00686-4,2022,59,Light Science & Applications
W4214763192,Emulation of Synaptic Plasticity on a Cobalt-Based Synaptic Transistor for Neuromorphic Computing,https://doi.org/10.1021/acsami.1c19916,2022,54,ACS Applied Materials & Interfaces
W4317717548,Advanced Optoelectronic Devices for Neuromorphic Analog Based on Low‐Dimensional Semiconductors,https://doi.org/10.1002/adfm.202213894,2023,101,Advanced Functional Materials
W4391836388,Roadmap for unconventional computing with nanotechnology,https://doi.org/10.1088/2399-1984/ad299a,2024,68,Nano Futures
W4384200934,Conductance stable and mechanically durable bi-layer EGaIn composite-coated stretchable fiber for 1D bioelectronics,https://doi.org/10.1038/s41467-023-39928-x,2023,78,Nature Communications
W4328049038,Two-Terminal Lithium-Mediated Artificial Synapses with Enhanced Weight Modulation for Feasible Hardware Neural Networks,https://doi.org/10.1007/s40820-023-01035-3,2023,69,Nano-Micro Letters
W4389037355,Manipulating Surface Band Bending of III‐Nitride Nanowires with Ambipolar Charge‐Transfer Characteristics: A Pathway Toward Advanced Photoswitching Logic Gates and Encrypted Optical Communication,https://doi.org/10.1002/adma.202307779,2023,73,Advanced Materials
W4221021935,Emulation of synaptic functions with low voltage organic memtransistor for hardware oriented neuromorphic computing,https://doi.org/10.1038/s41598-022-07505-9,2022,57,Scientific Reports
W4400058730,Superior AlGaN/GaN‐Based Phototransistors and Arrays with Reconfigurable Triple‐Mode Functionalities Enabled by Voltage‐Programmed Two‐Dimensional Electron Gas for High‐Quality Imaging,https://doi.org/10.1002/adma.202405874,2024,80,Advanced Materials
W4387525476,A low-power vertical dual-gate neurotransistor with short-term memory for high energy-efficient neuromorphic computing,https://doi.org/10.1038/s41467-023-42172-y,2023,53,Nature Communications
W4316362994,Flexible Electronics Based on Organic Semiconductors: from Patterned Assembly to Integrated Applications,https://doi.org/10.1002/smll.202206938,2023,91,Small
W4388531541,Light-Stimulated IGZO Transistors with Tunable Synaptic Plasticity Based on Casein Electrolyte Electric Double Layer for Neuromorphic Systems,https://doi.org/10.3390/biomimetics8070532,2023,12,Biomimetics
W3009112473,2D photonic memristor beyond graphene: progress and prospects,https://doi.org/10.1515/nanoph-2019-0543,2020,81,Nanophotonics
W4404902101,Simultaneous achieving negative photoconductivity response and volatile resistive switching in Cs2CoCl4 single crystals towards artificial optoelectronic synapse,https://doi.org/10.1038/s41377-024-01642-8,2024,53,Light Science & Applications
W4318453021,Nanomaterial-based microelectrode arrays for in vitro bidirectional brain–computer interfaces: a review,https://doi.org/10.1038/s41378-022-00479-8,2023,54,Microsystems & Nanoengineering
W4242823155,Two‐Dimensional Boronate Ester Covalent Organic Framework Thin Films with Large Single Crystalline Domains for a Neuromorphic Memory Device,https://doi.org/10.1002/ange.201916595,2020,57,Angewandte Chemie
W4387353063,Quantum imaging of the reconfigurable VO <sub>2</sub> synaptic electronics for neuromorphic computing,https://doi.org/10.1126/sciadv.adg9376,2023,44,Science Advances
W4386753321,Formulation of functional materials for inkjet printing: A pathway towards fully 3D printed electronics,https://doi.org/10.1016/j.mtelec.2023.100058,2023,72,Materials Today Electronics
W3193685976,Electrode materials for brain–machine interface: A review,https://doi.org/10.1002/inf2.12234,2021,78,InfoMat
W4313656749,Artificial Neuronal Devices Based on Emerging Materials: Neuronal Dynamics and Applications,https://doi.org/10.1002/adma.202205047,2023,84,Advanced Materials
W4408280255,Interfacing with the Brain: How Nanotechnology Can Contribute,https://doi.org/10.1021/acsnano.4c10525,2025,54,ACS Nano
W3134376715,Facile synthesis of nickel cobaltite quasi-hexagonal nanosheets for multilevel resistive switching and synaptic learning applications,https://doi.org/10.1038/s41427-021-00286-z,2021,61,NPG Asia Materials
W3011039357,Ultrasensitive Magnetic Field Sensors for Biomedical Applications,https://doi.org/10.3390/s20061569,2020,260,Sensors
W4281394186,MXene based saturation organic vertical photoelectric transistors with low subthreshold swing,https://doi.org/10.1038/s41467-022-30527-w,2022,99,Nature Communications
W3157068542,Neuroinflammatory In Vitro Cell Culture Models and the Potential Applications for Neurological Disorders,https://doi.org/10.3389/fphar.2021.671734,2021,91,Frontiers in Pharmacology
W3111366693,“Nano”: An Emerging Avenue in Electrochemical Detection of Neurotransmitters,https://doi.org/10.1021/acschemneuro.0c00355,2020,72,ACS Chemical Neuroscience
W3164801310,In-Cell Nanoelectronics: Opening the Door to Intracellular Electrophysiology,https://doi.org/10.1007/s40820-021-00655-x,2021,43,Nano-Micro Letters
W4387877505,Brain‐Inspired Organic Electronics: Merging Neuromorphic Computing and Bioelectronics Using Conductive Polymers,https://doi.org/10.1002/adfm.202307729,2023,97,Advanced Functional Materials
W4200181693,Advanced bioactive nanomaterials for biomedical applications,https://doi.org/10.1002/exp.20210089,2021,338,Exploration
W3084643200,The 2021 quantum materials roadmap,https://doi.org/10.1088/2515-7639/abb74e,2020,166,Journal of Physics Materials
W4318067222,All oxide based flexible multi-folded invisible synapse as vision photo-receptor,https://doi.org/10.1038/s41598-023-28505-3,2023,40,Scientific Reports
W3165109532,Neuromorphic computation with a single magnetic domain wall,https://doi.org/10.1038/s41598-021-94975-y,2021,53,Scientific Reports
W4307919194,Memristor‐Based Intelligent Human‐Like Neural Computing,https://doi.org/10.1002/aelm.202200877,2022,116,Advanced Electronic Materials
W3175047240,Information dynamics in neuromorphic nanowire networks,https://doi.org/10.1038/s41598-021-92170-7,2021,54,Scientific Reports
W3173865550,Neuromorphic Devices for Bionic Sensing and Perception,https://doi.org/10.3389/fnins.2021.690950,2021,55,Frontiers in Neuroscience
W3088555538,CMOS-compatible synaptic transistor gated by chitosan electrolyte-Ta2O5 hybrid electric double layer,https://doi.org/10.1038/s41598-020-72684-2,2020,42,Scientific Reports
W3119945494,Electrophysiological Analysis of Brain Organoids: Current Approaches and Advancements,https://doi.org/10.3389/fnins.2020.622137,2021,106,Frontiers in Neuroscience
W3035236698,NeuroMem: Analog Graphene-Based Resistive Memory for Artificial Neural Networks,https://doi.org/10.1038/s41598-020-66413-y,2020,58,Scientific Reports
W3197112208,Comprehensive Model of Electron Conduction in Oxide-Based Memristive Devices,https://doi.org/10.1021/acsaelm.1c00398,2021,131,ACS Applied Electronic Materials
W3012259208,Neutral oxygen irradiation enhanced forming-less ZnO-based transparent analog memristor devices for neuromorphic computing applications,https://doi.org/10.1088/1361-6528/ab7fcf,2020,50,Nanotechnology
W4315465130,CsPbBr3/graphene nanowall artificial optoelectronic synapses for controllable perceptual learning,https://doi.org/10.1186/s43074-023-00082-8,2023,56,PhotoniX
W4284964590,PC-12 Cell Line as a Neuronal Cell Model for Biosensing Applications,https://doi.org/10.3390/bios12070500,2022,60,Biosensors
W3010814463,Order Through Disorder: The Characteristic Variability of Systems,https://doi.org/10.3389/fcell.2020.00186,2020,67,Frontiers in Cell and Developmental Biology
W4393405231,FinFET to GAA MBCFET: A Review and Insights,https://doi.org/10.1109/access.2024.3384428,2024,52,IEEE Access
W3006656869,Recent Advances in Electrochemical and Optical Sensing of Dopamine,https://doi.org/10.3390/s20041039,2020,137,Sensors
W4404326265,A High‐Stability Pressure‐Sensitive Implantable Memristor for Pulmonary Hypertension Monitoring,https://doi.org/10.1002/adma.202411659,2024,46,Advanced Materials
W3192110442,Toxicity of Nanoparticles in Biomedical Application: Nanotoxicology,https://doi.org/10.1155/2021/9954443,2021,394,Journal of Toxicology
W4280515050,Nonvolatile Memories in Spiking Neural Network Architectures: Current and Emerging Trends,https://doi.org/10.3390/electronics11101610,2022,34,Electronics
W4313475816,Neuro-nanotechnology: diagnostic and therapeutic nano-based strategies in applied neuroscience,https://doi.org/10.1186/s12938-022-01062-y,2023,73,BioMedical Engineering OnLine
W4225390795,Bioinspired MXene-Based User-Interactive Electronic Skin for Digital and Visual Dual-Channel Sensing,https://doi.org/10.1007/s40820-022-00838-0,2022,97,Nano-Micro Letters
W4387096720,A dual-mode image sensor using an all-inorganic perovskite nanowire array for standard and neuromorphic imaging,https://doi.org/10.1088/1674-4926/44/9/092604,2023,31,Journal of Semiconductors
W4308522379,A silk-based self-adaptive flexible opto-electro neural probe,https://doi.org/10.1038/s41378-022-00461-4,2022,71,Microsystems & Nanoengineering
W4309705223,Recent Progress of Biomimetic Tactile Sensing Technology Based on Magnetic Sensors,https://doi.org/10.3390/bios12111054,2022,65,Biosensors
W4318763102,In materia implementation strategies of physical reservoir computing with memristive nanonetworks,https://doi.org/10.1088/1361-6463/acb7ff,2023,38,Journal of Physics D Applied Physics
W4286500835,Recent Progress in Flexible Pressure Sensor Arrays,https://doi.org/10.3390/nano12142495,2022,84,Nanomaterials
W3203804346,Recent advances on crystalline materials-based flexible memristors for data storage and neuromorphic applications,https://doi.org/10.1007/s40843-021-1771-5,2021,68,Science China Materials
W4404485569,"Convergence of Nanotechnology and Machine Learning: The State of the Art, Challenges, and Perspectives",https://doi.org/10.3390/ijms252212368,2024,46,International Journal of Molecular Sciences
W4409406251,Low-Power Memristor for Neuromorphic Computing: From Materials to Applications,https://doi.org/10.1007/s40820-025-01705-4,2025,70,Nano-Micro Letters
W3100629219,Recent Progress of Protein‐Based Data Storage and Neuromorphic Devices,https://doi.org/10.1002/aisy.202000180,2020,39,Advanced Intelligent Systems
W4312220016,Physical deep learning with biologically inspired training method: gradient-free approach for physical hardware,https://doi.org/10.1038/s41467-022-35216-2,2022,105,Nature Communications
W4309235946,Three-to-one analog signal modulation with a single back-bias-controlled reconfigurable transistor,https://doi.org/10.1038/s41467-022-34533-w,2022,50,Nature Communications
W3134642074,Photovoltaic retinal prosthesis restores high-resolution responses to single-pixel stimulation in blind retinas,https://doi.org/10.1038/s43246-021-00133-2,2021,111,Communications Materials
W3027001700,Low-Impedance 3D PEDOT:PSS Ultramicroelectrodes,https://doi.org/10.3389/fnins.2020.00405,2020,47,Frontiers in Neuroscience
W4404536659,A core–shell fiber moisture-driven electric generator enabled by synergetic complex coacervation and built-in potential,https://doi.org/10.1038/s41467-024-54442-4,2024,57,Nature Communications
W3189667439,"The mini player with diverse functions: extracellular vesicles in cell biology, disease, and therapeutics",https://doi.org/10.1007/s13238-021-00863-6,2021,134,Protein & Cell
W3174164476,Prospects of Synthesized Magnetic TiO2-Based Membranes for Wastewater Treatment: A Review,https://doi.org/10.3390/ma14133524,2021,59,Materials
W4403679457,Analog reservoir computing via ferroelectric mixed phase boundary transistors,https://doi.org/10.1038/s41467-024-53321-2,2024,58,Nature Communications
W4387761037,Ion trap and release dynamics enables nonintrusive tactile augmentation in monolithic sensory neuron,https://doi.org/10.1126/sciadv.adi3827,2023,51,Science Advances
W4205605650,Methodologies to Isolate and Purify Clinical Grade Extracellular Vesicles for Medical Applications,https://doi.org/10.3390/cells11020186,2022,136,Cells
W4284884231,The Progress of Research into Flexible Sensors in the Field of Smart Wearables,https://doi.org/10.3390/s22145089,2022,54,Sensors
W4404120007,Magnetic skyrmion-based brain-inspired devices,https://doi.org/10.1360/tb-2024-0922,2024,1,Chinese Science Bulletin (Chinese Version)
W3211701159,"Ultra‐Sharp Nanowire Arrays Natively Permeate, Record, and Stimulate Intracellular Activity in Neuronal and Cardiac Networks",https://doi.org/10.1002/adfm.202108378,2021,51,Advanced Functional Materials
W4396240301,Neuromorphic computing with spintronics,https://doi.org/10.1038/s44306-024-00019-2,2024,64,npj Spintronics
W4392379755,"Recent Advances in Tactile Sensory Systems: Mechanisms, Fabrication, and Applications",https://doi.org/10.3390/nano14050465,2024,37,Nanomaterials
W3031889543,Magnetic Elements for Neuromorphic Computing,https://doi.org/10.3390/molecules25112550,2020,30,Molecules
W4367835261,Flexible Memristive Organic Solar Cell Using Multilayer 2D Titanium Carbide MXene Electrodes,https://doi.org/10.1002/advs.202300433,2023,66,Advanced Science
W4398250612,A pattern recognition artificial olfactory system based on human olfactory receptors and organic synaptic devices,https://doi.org/10.1126/sciadv.adl2882,2024,54,Science Advances
W4377145617,Recent Research for HZO-Based Ferroelectric Memory towards In-Memory Computing Applications,https://doi.org/10.3390/electronics12102297,2023,44,Electronics
W4388822849,Bringing uncertainty quantification to the extreme-edge with memristor-based Bayesian neural networks,https://doi.org/10.1038/s41467-023-43317-9,2023,58,Nature Communications
W3048306463,Pseudo-Interface Switching of a Two-Terminal TaOx/HfO2 Synaptic Device for Neuromorphic Applications,https://doi.org/10.3390/nano10081550,2020,44,Nanomaterials
W4383536064,"Optoelectronic Synapses and Photodetectors Based on Organic Semiconductor/Halide Perovskite Heterojunctions: Materials, Devices, and Applications",https://doi.org/10.1002/adfm.202305508,2023,94,Advanced Functional Materials
W4210786061,Beyond von Neumann,https://doi.org/10.1038/s41565-020-0738-x,2020,47,Nature Nanotechnology
W4388145852,Memristors: A Missing Element is a Boon Toward the Development of Neuromorphic Computing and AI,https://doi.org/10.1007/978-981-99-6645-5_10,2023,1,Algorithms for intelligent systems
W4210635490,Random and Systematic Variation in Nanoscale Hf0.5Zr0.5O2 Ferroelectric FinFETs: Physical Origin and Neuromorphic Circuit Implications,https://doi.org/10.3389/fnano.2021.826232,2022,50,Frontiers in Nanotechnology
W4391885812,Thin-film transistor for temporal self-adaptive reservoir computing with closed-loop architecture,https://doi.org/10.1126/sciadv.adl1299,2024,54,Science Advances
W4328091372,A self-adaptive hardware with resistive switching synapses for experience-based neurocomputing,https://doi.org/10.1038/s41467-023-37097-5,2023,49,Nature Communications
W3101951904,Resistive Switching Memory Performance of Two-Dimensional Polyimide Covalent Organic Framework Films,https://doi.org/10.1021/acsami.0c15789,2020,104,ACS Applied Materials & Interfaces
W4380576630,Linear and symmetric synaptic weight update characteristics by controlling filament geometry in oxide/suboxide HfOx bilayer memristive device for neuromorphic computing,https://doi.org/10.1038/s41598-023-36784-z,2023,42,Scientific Reports
W3044166946,Emulating synaptic response in n- and p-channel MoS2 transistors by utilizing charge trapping dynamics,https://doi.org/10.1038/s41598-020-68793-7,2020,33,Scientific Reports
W4362514357,Revolutionary meta-imaging: from superlens to metalens,https://doi.org/10.3788/pi.2023.r01,2023,122,Photonics Insights
W4381252071,"Review of Electrochemically Synthesized Resistive Switching Devices: Memory Storage, Neuromorphic Computing, and Sensing Applications",https://doi.org/10.3390/nano13121879,2023,32,Nanomaterials
W3136081342,Tuning Structural Properties of WO3 Thin Films for Photoelectrocatalytic Water Oxidation,https://doi.org/10.3390/catal11030381,2021,93,Catalysts
W3004441219,Microtubules as Sub-Cellular Memristors,https://doi.org/10.1038/s41598-020-58820-y,2020,59,Scientific Reports
W4312224149,Room-temperature valley transistors for low-power neuromorphic computing,https://doi.org/10.1038/s41467-022-35396-x,2022,40,Nature Communications
W3186997523,The Recent Progress on Halide Perovskite-Based Self-Powered Sensors Enabled by Piezoelectric and Triboelectric Effects,https://doi.org/10.3390/nanoenergyadv1010002,2021,54,Nanoenergy Advances
W3160966328,The Power of Silk Technology for Energy Applications,https://doi.org/10.1002/aenm.202100519,2021,66,Advanced Energy Materials
W4416608497,Photogating in Suspended InAs Nanowire Field Effect Transistors for Neuromorphic Applications,https://doi.org/10.1002/aelm.202500520,2025,3,Advanced Electronic Materials
W4391255319,In-memory and in-sensor reservoir computing with memristive devices,https://doi.org/10.1063/5.0174863,2024,32,APL Machine Learning
W4387844567,Reconfigurable Multifunctional van der Waals Ferroelectric Devices and Logic Circuits,https://doi.org/10.1021/acsnano.3c07952,2023,96,ACS Nano
W4386293006,"Stretchable, skin‐conformable neuromorphic system for tactile sensory recognizing and encoding",https://doi.org/10.1002/inf2.12472,2023,45,InfoMat
W3132779119,Lead‐free halide perovskite photodetectors spanning from near‐infrared to X‐ray range: a review,https://doi.org/10.1515/nanoph-2020-0632,2021,53,Nanophotonics
W3012341006,&lt;p&gt;Implementation of PPI with Nano Amorphous Oxide Semiconductor Devices for Medical Applications&lt;/p&gt;,https://doi.org/10.2147/ijn.s207852,2020,2,International Journal of Nanomedicine
W4220972781,"Recent progress of fiber-based transistors: materials, structures and applications",https://doi.org/10.1007/s12200-022-00002-x,2022,28,Frontiers of Optoelectronics
W3013382035,Recurrent Neural Networks: An Embedded Computing Perspective,https://doi.org/10.1109/access.2020.2982416,2020,128,IEEE Access
W3122751470,Rapid custom prototyping of soft poroelastic biosensor for simultaneous epicardial recording and imaging,https://doi.org/10.1038/s41467-021-23959-3,2021,41,Nature Communications
W4290072650,Low-voltage ultrafast nonvolatile memory via direct charge injection through a threshold resistive-switching layer,https://doi.org/10.1038/s41467-022-32380-3,2022,71,Nature Communications
W4387100047,Tomography of memory engrams in self-organizing nanowire connectomes,https://doi.org/10.1038/s41467-023-40939-x,2023,25,Nature Communications
W4400234784,Multimodal Artificial Synapses for Neuromorphic Application,https://doi.org/10.34133/research.0427,2024,35,Research
W4324055443,Metal-Based Nanoparticles and Their Relevant Consequences on Cytotoxicity Cascade and Induced Oxidative Stress,https://doi.org/10.3390/antiox12030703,2023,104,Antioxidants
W3015092365,Nanoscale All-Oxide-Heterostructured Bio-inspired Optoresponsive Nociceptor,https://doi.org/10.1007/s40820-020-00419-z,2020,60,Nano-Micro Letters
W4387803733,"Magnetic domain walls: types, processes and applications",https://doi.org/10.1088/1361-6463/ad0568,2023,28,Journal of Physics D Applied Physics
W4317809334,A perspective on physical reservoir computing with nanomagnetic devices,https://doi.org/10.1063/5.0119040,2023,66,Applied Physics Letters
W4380873598,Progress in Bioinspired Photodetectors Design for Visual Information Processing,https://doi.org/10.1002/adfm.202302899,2023,45,Advanced Functional Materials
W4401602444,Artificial organic afferent nerves enable closed-loop tactile feedback for intelligent robot,https://doi.org/10.1038/s41467-024-51403-9,2024,39,Nature Communications
W4366817110,Integrated opposite charge grafting induced ionic-junction fiber,https://doi.org/10.1038/s41467-023-37884-0,2023,36,Nature Communications
W4410325695,A Review of Nanowire Devices Applied in Simulating Neuromorphic Computing,https://doi.org/10.3390/nano15100724,2025,3,Nanomaterials
W4403632046,Flexible TiO2-WO3−x hybrid memristor with enhanced linearity and synaptic plasticity for precise weight tuning in neuromorphic computing,https://doi.org/10.1038/s41528-024-00356-6,2024,38,npj Flexible Electronics
W4392214558,The RGATE: An 8-in-1 Polymorphic Logic Gate Built From Reconfigurable Field Effect Transistors,https://doi.org/10.1109/led.2023.3347397,2024,34,IEEE Electron Device Letters
W4386349574,Physical Reservoir Computing Based on Nanoscale Materials and Devices,https://doi.org/10.1002/adfm.202306149,2023,57,Advanced Functional Materials
W3191754683,Van der Waals heterostructures with one-dimensional atomic crystals,https://doi.org/10.1016/j.pmatsci.2021.100856,2021,51,Progress in Materials Science
W4379645948,"Stimuli-responsive dynamic hydrogels: design, properties and tissue engineering applications",https://doi.org/10.1039/d3mh00399j,2023,137,Materials Horizons
W4372334223,Artificial visual perception neural system using a solution-processable MoS2-based in-memory light sensor,https://doi.org/10.1038/s41377-023-01166-7,2023,51,Light Science & Applications
W4293254872,Memristors with Biomaterials for Biorealistic Neuromorphic Applications,https://doi.org/10.1002/smsc.202200028,2022,42,Small Science
W4214685805,Electronic noses based on metal oxide nanowires: A review,https://doi.org/10.1515/ntrev-2022-0056,2022,38,Nanotechnology Reviews
W3202305916,A sub-150-nanometre-thick and ultraconformable solution-processed all-organic transistor,https://doi.org/10.1038/s41467-021-26120-2,2021,59,Nature Communications
W4390831690,"Green Synthesis of Er-Doped ZnO Nanoparticles: An Investigation on the Methylene Blue, Eosin, and Ibuprofen Removal by Photodegradation",https://doi.org/10.3390/molecules29020391,2024,70,Molecules
W4311170271,Neuron devices: emerging prospects in neural interfaces and recognition,https://doi.org/10.1038/s41378-022-00453-4,2022,49,Microsystems & Nanoengineering
W4399203358,Memristor-based adaptive neuromorphic perception in unstructured environments,https://doi.org/10.1038/s41467-024-48908-8,2024,58,Nature Communications
W4281754063,The PI3K/AKT Pathway—The Potential Key Mechanisms of Traditional Chinese Medicine for Stroke,https://doi.org/10.3389/fmed.2022.900809,2022,74,Frontiers in Medicine
W4393055460,Flexible temperature-pressure dual sensor based on 3D spiral thermoelectric Bi2Te3 films,https://doi.org/10.1038/s41467-024-46836-1,2024,89,Nature Communications
W4389511675,Stretchable and neuromorphic transistors for pain perception and sensitization emulation,https://doi.org/10.1039/d3mh01766d,2023,28,Materials Horizons
W4299286035,Self-organization of an inhomogeneous memristive hardware for sequence learning,https://doi.org/10.1038/s41467-022-33476-6,2022,36,Nature Communications
W4294682826,Neuromorphic device based on silicon nanosheets,https://doi.org/10.1038/s41467-022-32884-y,2022,41,Nature Communications
W3093608279,Digital and Analog Switching Characteristics of InGaZnO Memristor Depending on Top Electrode Material for Neuromorphic System,https://doi.org/10.1109/access.2020.3032188,2020,38,IEEE Access
W3211813339,An artificial synaptic transistor using an α-In<sub>2</sub>Se<sub>3</sub> van der Waals ferroelectric channel for pattern recognition,https://doi.org/10.1039/d1ra07728g,2021,39,RSC Advances
W4322617739,Flexible Organic Transistors for Biosensing: Devices and Applications,https://doi.org/10.1002/adma.202300034,2023,195,Advanced Materials
W4282916667,Polarization-selective reconfigurability in hybridized-active-dielectric nanowires,https://doi.org/10.1126/sciadv.abn9459,2022,29,Science Advances
W4292348626,Artificial olfactory sensor technology that mimics the olfactory mechanism: a comprehensive review,https://doi.org/10.1186/s40824-022-00287-1,2022,102,Biomaterials Research
W3175494536,Polymer/TiO<sub>2</sub> Nanorod Nanocomposite Optical Memristor Device,https://doi.org/10.1021/acs.jpcc.1c02799,2021,33,The Journal of Physical Chemistry C
W4392861709,Resistive Switching Devices for Neuromorphic Computing: From Foundations to Chip Level Innovations,https://doi.org/10.3390/nano14060527,2024,27,Nanomaterials
W4224104539,In-materio computing in random networks of carbon nanotubes complexed with chemically dynamic molecules: a review,https://doi.org/10.1088/2634-4386/ac676a,2022,26,Neuromorphic Computing and Engineering
W4309821892,Applications of MXenes in human-like sensors and actuators,https://doi.org/10.1007/s12274-022-5272-8,2022,56,Nano Research
W4387448837,Dual-modal piezotronic transistor for highly sensitive vertical force sensing and lateral strain sensing,https://doi.org/10.1038/s41467-023-41983-3,2023,38,Nature Communications
W3203558586,A binary classifier based on a reconfigurable dense network of metallic nanojunctions,https://doi.org/10.1088/2634-4386/ac29c9,2021,30,Neuromorphic Computing and Engineering
W4285723611,Photonic synapses with ultralow energy consumption for artificial visual perception and brain storage,https://doi.org/10.29026/oea.2022.210069,2022,39,Opto-Electronic Advances
W4395694736,Bipolar synaptic organic/inorganic heterojunction transistor with complementary light modulation and low power consumption for energy-efficient artificial vision systems,https://doi.org/10.1007/s40843-024-2812-7,2024,25,Science China Materials
W4381801338,A reconfigurable binary/ternary logic conversion-in-memory based on drain-aligned floating-gate heterojunction transistors,https://doi.org/10.1038/s41467-023-39394-5,2023,66,Nature Communications
W3103908612,Self-powered wearable electronics,https://doi.org/10.1017/wtc.2020.3,2020,50,Wearable Technologies
W4392519602,3D-integrated multilayered physical reservoir array for learning and forecasting time-series information,https://doi.org/10.1038/s41467-024-46323-7,2024,54,Nature Communications
W4389436239,Recent Advances in Patterning Strategies for Full-Color Perovskite Light-Emitting Diodes,https://doi.org/10.1007/s40820-023-01254-8,2023,92,Nano-Micro Letters
W4410846753,High-performance Ag2Se-based thermoelectrics for wearable electronics,https://doi.org/10.1038/s41467-025-60284-5,2025,35,Nature Communications
W3005668620,Light intensity-induced photocurrent switching effect,https://doi.org/10.1038/s41467-020-14675-5,2020,66,Nature Communications
W3036499130,Ferroelectric-like Behavior Originating from Oxygen Vacancy Dipoles in Amorphous Film for Non-volatile Memory,https://doi.org/10.1186/s11671-020-03364-3,2020,33,Nanoscale Research Letters
W4381512110,Retinal Prostheses: Engineering and Clinical Perspectives for Vision Restoration,https://doi.org/10.3390/s23135782,2023,54,Sensors
W4214590026,Recent Progress of Exosome Isolation and Peptide Recognition-Guided Strategies for Exosome Research,https://doi.org/10.3389/fchem.2022.844124,2022,57,Frontiers in Chemistry
W4224250313,Application of zinc oxide nanoflowers in environmental and biomedical science,https://doi.org/10.1016/j.bbadva.2022.100051,2022,70,BBA Advances
W4402765512,Gas Sensing Properties of Indium–Oxide–Based Field–Effect Transistor: A Review,https://doi.org/10.3390/s24186150,2024,11,Sensors
W4281659850,Nanomaterials alleviating redox stress in neurological diseases: mechanisms and applications,https://doi.org/10.1186/s12951-022-01434-5,2022,53,Journal of Nanobiotechnology
W4402379864,An overview of critical applications of resistive random access memory,https://doi.org/10.1039/d4na00158c,2024,41,Nanoscale Advances
W3088217251,Plasticity and Adaptation in Neuromorphic Biohybrid Systems,https://doi.org/10.1016/j.isci.2020.101589,2020,48,iScience
W4388452697,Interface-type tunable oxygen ion dynamics for physical reservoir computing,https://doi.org/10.1038/s41467-023-42993-x,2023,57,Nature Communications
W4385462174,Research Progress of Neural Synapses Based on Memristors,https://doi.org/10.3390/electronics12153298,2023,38,Electronics
W4283723996,Voltage-driven gigahertz frequency tuning of spin Hall nano-oscillators,https://doi.org/10.1038/s41467-022-31493-z,2022,36,Nature Communications
W2999470894,Piezoelectric Scaffolds as Smart Materials for Neural Tissue Engineering,https://doi.org/10.3390/polym12010161,2020,154,Polymers
W4280595843,Electrospun nanofibrous membrane for biomedical application,https://doi.org/10.1007/s42452-022-05056-2,2022,104,SN Applied Sciences
W4405446995,Flexible ionic‐gel synapse devices and their applications in neuromorphic system,https://doi.org/10.1002/flm2.36,2024,32,FlexMat.
W4399999893,New-Generation Ferroelectric AlScN Materials,https://doi.org/10.1007/s40820-024-01441-1,2024,85,Nano-Micro Letters
W3126895066,Interfacing cells with organic transistors: a review of<i>in vitro</i>and<i>in vivo</i>applications,https://doi.org/10.1039/d0lc01007c,2021,52,Lab on a Chip
W4322753476,Roles of MXenes in biomedical applications: recent developments and prospects,https://doi.org/10.1186/s12951-023-01809-2,2023,182,Journal of Nanobiotechnology
W4405980228,"Exploring Innovations, Sustainability and Future Opportunities in Semiconductor Technologies",https://doi.org/10.61797/ijanca.v3i2.348,2024,8,International Journal of Advanced Nano Computing and Analytics
W3133123553,Artificial nociceptor based on TiO2 nanosheet memristor,https://doi.org/10.1007/s40843-020-1564-y,2021,33,Science China Materials
W3010026247,Long-term Intracellular Recording of Optogenetically-induced Electrical Activities using Vertical Nanowire Multi Electrode Array,https://doi.org/10.1038/s41598-020-61325-3,2020,31,Scientific Reports
W4382238570,Recent Progress in Electrohydrodynamic Jet Printing for Printed Electronics: From 0D to 3D Materials,https://doi.org/10.3390/coatings13071150,2023,38,Coatings
W3134479834,Biomolecular Basis of Cellular Consciousness via Subcellular Nanobrains,https://doi.org/10.3390/ijms22052545,2021,87,International Journal of Molecular Sciences
W2910098374,Progress in Brain Computer Interface: Challenges and Opportunities,https://doi.org/10.3389/fnsys.2021.578875,2021,351,Frontiers in Systems Neuroscience
W3099492106,Anomalous electrical conduction and negative temperature coefficient of resistance in nanostructured gold resistive switching films,https://doi.org/10.1038/s41598-020-76632-y,2020,30,Scientific Reports
W4200294500,Recent Progress in Conducting Polymer Composite/Nanofiber-Based Strain and Pressure Sensors,https://doi.org/10.3390/polym13244281,2021,71,Polymers
W4390510698,Mosaic: in-memory computing and routing for small-world spike-based neuromorphic systems,https://doi.org/10.1038/s41467-023-44365-x,2024,50,Nature Communications
W3047357371,The double life of conductive nanopipette: a nanopore and an electrochemical nanosensor,https://doi.org/10.1039/d0sc02807j,2020,61,Chemical Science
W3005555308,A Hybrid Biofuel and Triboelectric Nanogenerator for Bioenergy Harvesting,https://doi.org/10.1007/s40820-020-0376-8,2020,66,Nano-Micro Letters
W4377093626,Recent Advances in Low‐Dimensional Nanomaterials for Photodetectors,https://doi.org/10.1002/smtd.202300246,2023,46,Small Methods
W4297259616,The fractal brain: scale-invariance in structure and dynamics,https://doi.org/10.1093/cercor/bhac363,2022,76,Cerebral Cortex
W3161746510,"Self-Assembled Monolayers: Versatile Uses in Electronic Devices from Gate Dielectrics, Dopants, and Biosensing Linkers",https://doi.org/10.3390/mi12050565,2021,41,Micromachines
W4392450555,Janus microparticles-based targeted and spatially-controlled piezoelectric neural stimulation via low-intensity focused ultrasound,https://doi.org/10.1038/s41467-024-46245-4,2024,48,Nature Communications
W4307047493,CsPbBr3 quantum dots/PDVT-10 conjugated polymer hybrid film-based photonic synaptic transistors toward high-efficiency neuromorphic computing,https://doi.org/10.1007/s40843-022-2200-0,2022,34,Science China Materials
W4308603449,A biomimetic ocular prosthesis system: emulating autonomic pupil and corneal reflections,https://doi.org/10.1038/s41467-022-34448-6,2022,33,Nature Communications
W3148817824,Floating-gate photosensitive synaptic transistors with tunable functions for neuromorphic computing,https://doi.org/10.1007/s40843-020-1534-2,2020,26,Science China Materials
W4285587920,Self-powered and flexible piezo-sensors based on conductivity-controlled GaN nanowire-arrays for mimicking rapid- and slow-adapting mechanoreceptors,https://doi.org/10.1038/s41528-022-00197-1,2022,25,npj Flexible Electronics
W4389402570,Light-stimulated adaptive artificial synapse based on nanocrystalline metal-oxide film,https://doi.org/10.29026/oes.2023.230016,2023,32,Opto-Electronic Science
W4390113415,2D semiconductor nanosheets for solar photocatalysis,https://doi.org/10.1002/ece2.16,2023,98,EcoEnergy
W4362634664,Imaging-based intelligent spectrometer on a plasmonic rainbow chip,https://doi.org/10.1038/s41467-023-37628-0,2023,51,Nature Communications
W4392143641,Highly Stretchable Semiconducting Aerogel Films for High‐Performance Flexible Electronics,https://doi.org/10.1002/adfm.202400589,2024,44,Advanced Functional Materials
W4281860395,Interfacial structure design for triboelectric nanogenerators,https://doi.org/10.1002/bte2.20220001,2022,43,Battery energy
W4389892054,Moisture-Electric–Moisture-Sensitive Heterostructure Triggered Proton Hopping for Quality-Enhancing Moist-Electric Generator,https://doi.org/10.1007/s40820-023-01260-w,2023,44,Nano-Micro Letters
W4382199212,Perspective on unconventional computing using magnetic skyrmions,https://doi.org/10.1063/5.0148469,2023,44,Applied Physics Letters
W4385240399,Magnetic manipulation of Fe3O4@BaTiO3 nanochains to regulate extracellular topographical and electrical cues,https://doi.org/10.1016/j.actbio.2023.07.029,2023,25,Acta Biomaterialia
W3091587892,Functional rewiring across spinal injuries via biomimetic nanofiber scaffolds,https://doi.org/10.1073/pnas.2005708117,2020,37,Proceedings of the National Academy of Sciences
W4392814301,"Biomaterial/Organic Heterojunction Based Memristor for Logic Gate Circuit Design, Data Encryption, and Image Reconstruction",https://doi.org/10.1002/adfm.202401132,2024,71,Advanced Functional Materials
W3092997974,Synaptic Characteristics from Homogeneous Resistive Switching in Pt/Al2O3/TiN Stack,https://doi.org/10.3390/nano10102055,2020,35,Nanomaterials
W4320495521,A Two‐Terminal Optoelectronic Synapses Array Based on the ZnO/Al<sub>2</sub>O<sub>3</sub>/CdS Heterojunction with Strain‐Modulated Synaptic Weight,https://doi.org/10.1002/aelm.202201068,2023,43,Advanced Electronic Materials
W4395009581,Neuron‐Like Silicone Nanofilaments@Montmorillonite Nanofillers of PEO‐Based Solid‐State Electrolytes for Lithium Metal Batteries with Wide Operation Temperature,https://doi.org/10.1002/anie.202400091,2024,57,Angewandte Chemie International Edition
W4384748077,Bio-Inspired Design of Superconducting Spiking Neuron and Synapse,https://doi.org/10.3390/nano13142101,2023,27,Nanomaterials
W4392240934,Flexible Zn‐TCPP Nanosheet‐Based Memristor for Ultralow‐Power Biomimetic Sensing System and High‐Precision Gesture Recognition,https://doi.org/10.1002/adfm.202316397,2024,45,Advanced Functional Materials
W4200037314,"Internet of Bio-Nano Things: A review of applications, enabling technologies and key challenges",https://doi.org/10.52953/chbb9821,2021,65,ITU Journal on Future and Evolving Technologies
W3023919014,Applications of Phase Change Materials in Electrical Regime From Conventional Storage Memory to Novel Neuromorphic Computing,https://doi.org/10.1109/access.2020.2990536,2020,30,IEEE Access
W3128936982,Carbon Nanotube Field-Effect Transistor-Based Chemical and Biological Sensors,https://doi.org/10.3390/s21030995,2021,96,Sensors
W4386572150,2D Semiconductor‐Based Optoelectronics for Artificial Vision,https://doi.org/10.1002/adfm.202305589,2023,75,Advanced Functional Materials
W3041436704,Structure–property relationship of assembled nanowire materials,https://doi.org/10.1039/d0qm00365d,2020,37,Materials Chemistry Frontiers
W3007116518,Organic additive engineering toward efficient perovskite light‐emitting diodes,https://doi.org/10.1002/inf2.12098,2020,37,InfoMat
W3197368709,Inherent stochasticity during insulator–metal transition in VO <sub>2</sub>,https://doi.org/10.1073/pnas.2105895118,2021,40,Proceedings of the National Academy of Sciences
W4285043230,Homologous gradient heterostructure‐based artificial synapses for neuromorphic computation,https://doi.org/10.1002/inf2.12351,2022,22,InfoMat
W4401383180,Interspecies-chimera machine vision with polarimetry for real-time navigation and anti-glare pattern recognition,https://doi.org/10.1038/s41467-024-51178-z,2024,38,Nature Communications
W4390951604,Bioinspired ionic control for energy and information flow,https://doi.org/10.1080/19475411.2024.2305393,2024,27,International Journal of Smart and Nano Materials
W4214642047,SPICE Implementation of the Dynamic Memdiode Model for Bipolar Resistive Switching Devices,https://doi.org/10.3390/mi13020330,2022,55,Micromachines
W4214655406,Fluorescent-based nanosensors for selective detection of a wide range of biological macromolecules: A comprehensive review,https://doi.org/10.1016/j.ijbiomac.2022.02.137,2022,311,International Journal of Biological Macromolecules
W4226183822,Voltage-Controlled Domain Wall Motion-Based Neuron and Stochastic Magnetic Tunnel Junction Synapse for Neuromorphic Computing Applications,https://doi.org/10.1109/jxcdc.2021.3138038,2021,25,IEEE Journal on Exploratory Solid-State Computational Devices and Circuits
W3134068792,Current limitations to high-resolution structure determination by single-particle cryoEM,https://doi.org/10.1017/s0033583521000020,2021,52,Quarterly Reviews of Biophysics
W4306930885,"Neurotoxic effects of different sizes of plastics (nano, micro, and macro) on juvenile common carp (Cyprinus carpio)",https://doi.org/10.3389/fnmol.2022.1028364,2022,60,Frontiers in Molecular Neuroscience
W4200296922,Back‐End CMOS Compatible and Flexible Ferroelectric Memories for Neuromorphic Computing and Adaptive Sensing,https://doi.org/10.1002/aisy.202100175,2021,65,Advanced Intelligent Systems
W4293761140,Review of Flexible Wearable Sensor Devices for Biomedical Application,https://doi.org/10.3390/mi13091395,2022,91,Micromachines
W3164662996,Nanoparticles: A Hope for the Treatment of Inflammation in CNS,https://doi.org/10.3389/fphar.2021.683935,2021,94,Frontiers in Pharmacology
W4360600994,High-performance vertical field-effect organic photovoltaics,https://doi.org/10.1038/s41467-023-37174-9,2023,26,Nature Communications
W3131402409,Exosomes as Emerging Biomarker Tools in Neurodegenerative and Neuropsychiatric Disorders—A Proteomics Perspective,https://doi.org/10.3390/brainsci11020258,2021,47,Brain Sciences
W4365136182,Fiber Crossbars: An Emerging Architecture of Smart Electronic Textiles,https://doi.org/10.1002/adma.202300576,2023,53,Advanced Materials
W4386910583,Two‐Dimensional Van Der Waals Thin Film and Device,https://doi.org/10.1002/smll.202303638,2023,49,Small
W3202098867,Bio-inspired strategies for next-generation perovskite solar mobile power sources,https://doi.org/10.1039/d0cs01493a,2021,48,Chemical Society Reviews
W4382311024,Wearable and implantable bioelectronics as eco‐friendly and patient‐friendly integrated nanoarchitectonics for next‐generation smart healthcare technology,https://doi.org/10.1002/eom2.12356,2023,90,EcoMat
W3168543933,Neuromorphic encoding of image pixel data into rate-coded optical spike trains with a photonic VCSEL-neuron,https://doi.org/10.1063/5.0048674,2021,46,APL Photonics
W4391842719,Tunable and responsive photonic bio‐inspired materials and their applications,https://doi.org/10.1002/rpm.20230032,2024,62,Responsive materials
W4288052769,Phase-change materials for energy-efficient photonic memory and computing,https://doi.org/10.1557/s43577-022-00358-7,2022,43,MRS Bulletin
W4366352635,Carbon Nanodots Memristor: An Emerging Candidate toward Artificial Biosynapse and Human Sensory Perception System,https://doi.org/10.1002/advs.202207229,2023,62,Advanced Science
W3177475073,Optoelectronic synapses using vertically aligned graphene/diamond heterojunctions,https://doi.org/10.1016/j.carbon.2021.06.060,2021,27,Carbon
W4385649051,Solving classification tasks by a receptron based on nonlinear optical speckle fields,https://doi.org/10.1016/j.neunet.2023.08.001,2023,19,Neural Networks
W4221084294,Self-Powered Wearable Biosensor in a Baby Diaper for Monitoring Neonatal Jaundice through a Hydrovoltaic-Biosensing Coupling Effect of ZnO Nanoarray,https://doi.org/10.3390/bios12030164,2022,28,Biosensors
W4309810232,Direct laser writing breaking diffraction barrier based on two-focus parallel peripheral-photoinhibition lithography,https://doi.org/10.1117/1.ap.4.6.066002,2022,27,Advanced Photonics
W4297973345,Supervised and Unsupervised Machine Learning Algorithms for Forecasting the Fracture Location in Dissimilar Friction-Stir-Welded Joints,https://doi.org/10.3390/forecast4040043,2022,24,Forecasting
W4386601211,SERS-Based Optical Nanobiosensors for the Detection of Alzheimer’s Disease,https://doi.org/10.3390/bios13090880,2023,25,Biosensors
W4382618478,"MXene sensors based on optical and electrical sensing signals: from biological, chemical, and physical sensing to emerging intelligent and bionic devices",https://doi.org/10.1186/s43074-023-00091-7,2023,85,PhotoniX
W3207580993,Soft and flexible: core-shell ionic liquid resistive memory for electronic synapses,https://doi.org/10.1038/s41378-021-00305-7,2021,26,Microsystems & Nanoengineering
W4296312112,Ti<sub>3</sub>C<sub>2</sub>T<sub>x</sub>MXene Composite 3D Hydrogel Potentiates mTOR Signaling to Promote the Generation of Functional Hair Cells in Cochlea Organoids,https://doi.org/10.1002/advs.202203557,2022,58,Advanced Science
W3005215180,Memristive and Memory Impedance Behavior in a Photo-Annealed ZnO–rGO Thin-Film Device,https://doi.org/10.3390/electronics9020287,2020,26,Electronics
W3128919416,Designing artificial sodium ion reservoirs to emulate biological synapses,https://doi.org/10.1038/s41427-020-00243-2,2020,25,NPG Asia Materials
W4223644201,The Receptron: a device for the implementation of information processing systems based on complex nanostructured systems,https://doi.org/10.35848/1347-4065/ac665c,2022,29,Japanese Journal of Applied Physics
W4390591016,Reconfigurable Si Field-Effect Transistors With Symmetric On-States Enabling Adaptive Complementary and Combinational Logic,https://doi.org/10.1109/ted.2023.3346361,2024,23,IEEE Transactions on Electron Devices
W3093422241,Optoelectronic intelligence,https://doi.org/10.1063/5.0040567,2021,26,Applied Physics Letters
W4409508841,Next‐Generation Image Sensors Based on Low‐Dimensional Semiconductor Materials,https://doi.org/10.1002/adma.202501123,2025,18,Advanced Materials
W4220991637,Flexible neuromorphic electronics based on low-dimensional materials,https://doi.org/10.1007/s40843-021-1979-3,2022,17,Science China Materials
W4386823099,Printed and flexible organic and inorganic memristor devices for non-volatile memory applications,https://doi.org/10.1088/1361-6463/acfaaa,2023,26,Journal of Physics D Applied Physics
W3200850345,Mechanism of amorphous phase stabilization in ultrathin films of monoatomic phase change material,https://doi.org/10.1039/d1nr03432d,2021,39,Nanoscale
W4404186562,Scalable Microscale Artificial Synapses of Lead Halide Perovskite with Femtojoule Energy Consumption,https://doi.org/10.1021/acsenergylett.4c02360,2024,25,ACS Energy Letters
W4362602212,Optical neuromodulation at all scales: from nanomaterials to wireless optoelectronics and integrated systems,https://doi.org/10.1039/d2cs01020h,2023,47,Chemical Society Reviews
W3022969277,Locally coupled electromechanical interfaces based on cytoadhesion-inspired hybrids to identify muscular excitation-contraction signatures,https://doi.org/10.1038/s41467-020-15990-7,2020,78,Nature Communications
W4401456963,Recent Advances in Transparent Electrodes and Their Multimodal Sensing Applications,https://doi.org/10.1002/advs.202405099,2024,60,Advanced Science
W4377022964,Transparent neural interfaces: challenges and solutions of microengineered multimodal implants designed to measure intact neuronal populations using high-resolution electrophysiology and microscopy simultaneously,https://doi.org/10.1038/s41378-023-00519-x,2023,33,Microsystems & Nanoengineering
W3186492485,Mechanosensation and Mechanotransduction in Natural Killer Cells,https://doi.org/10.3389/fimmu.2021.688918,2021,38,Frontiers in Immunology
W4393217263,Oxide Ionic Neuro-Transistors for Bio-inspired Computing,https://doi.org/10.3390/nano14070584,2024,4,Nanomaterials
W4311063930,Flexible multiterminal photoelectronic neurotransistors based on self‐assembled rubber semiconductors for spatiotemporal information processing,https://doi.org/10.1002/smm2.1162,2022,25,SmartMat
W4393357411,Recent Progress and Challenges of Implantable Biodegradable Biosensors,https://doi.org/10.3390/mi15040475,2024,92,Micromachines
W4213376420,"Impedance Spectroscopy of Hierarchical Porous Nanomaterials Based on por-Si, por-Si Incorporated by Ni and Metal Oxides for Gas Sensors",https://doi.org/10.3390/s22041530,2022,31,Sensors
W4309554694,Recent Advances in Electrophysiological Recording Platforms for Brain and Heart Organoids,https://doi.org/10.1002/anbr.202200081,2022,36,Advanced NanoBiomed Research
W4297251577,Al2O3/HfO2 Nanolaminate Dielectric Boosting IGZO-Based Flexible Thin-Film Transistors,https://doi.org/10.1007/s40820-022-00929-y,2022,32,Nano-Micro Letters
W4403492031,Unleashing the Potential of Electroactive Hybrid Biomaterials and Self-Powered Systems for Bone Therapeutics,https://doi.org/10.1007/s40820-024-01536-9,2024,48,Nano-Micro Letters
W3129753480,Superconducting neural networks with disordered Josephson junction array synaptic networks and leaky integrate-and-fire loop neurons,https://doi.org/10.1063/5.0027997,2021,30,Journal of Applied Physics
W4309158984,3D-structured mesoporous silica memristors for neuromorphic switching and reservoir computing,https://doi.org/10.1039/d2nr05012a,2022,39,Nanoscale
W3035371860,Insights Into Spinal Dorsal Horn Circuit Function and Dysfunction Using Optical Approaches,https://doi.org/10.3389/fncir.2020.00031,2020,52,Frontiers in Neural Circuits
W4399140168,Revolutionizing digital healthcare networks with wearable strain sensors using sustainable fibers,https://doi.org/10.1002/sus2.207,2024,53,SusMat
W4382721878,A Comprehensive Review of Bio-Inspired Optimization Algorithms Including Applications in Microelectronics and Nanophotonics,https://doi.org/10.3390/biomimetics8030278,2023,85,Biomimetics
W4387244276,Towards Artificial Visual Sensory System: Organic Optoelectronic Synaptic Materials and Devices,https://doi.org/10.1002/ange.202313634,2023,5,Angewandte Chemie
W4225162665,Zinc–Tin Oxide Film as an Earth-Abundant Material and Its Versatile Applications to Electronic and Energy Materials,https://doi.org/10.3390/membranes12050485,2022,26,Membranes
W4384661315,"Carbon nanotube field effect transistors: an overview of device structure, modeling, fabrication and applications",https://doi.org/10.1088/1402-4896/ace855,2023,32,Physica Scripta
W4400246015,Transient Response and Ionic Dynamics in Organic Electrochemical Transistors,https://doi.org/10.1007/s40820-024-01452-y,2024,40,Nano-Micro Letters
W4224211271,Superconducting disordered neural networks for neuromorphic processing with fluxons,https://doi.org/10.1126/sciadv.abn4485,2022,21,Science Advances
W3161644277,Advances in development and application of human organoids,https://doi.org/10.1007/s13205-021-02815-7,2021,74,3 Biotech
W3216789262,Carbon fiber electrodes for intracellular recording and stimulation,https://doi.org/10.1088/1741-2552/ac3dd7,2021,35,Journal of Neural Engineering
W4401321376,Current Overview on the Use of Nanosized Drug Delivery Systems in the Treatment of Neurodegenerative Diseases,https://doi.org/10.1021/acsomega.4c01774,2024,32,ACS Omega
W4401068731,Biomimetic Neuromorphic Sensory System via Electrolyte Gated Transistors,https://doi.org/10.3390/s24154915,2024,3,Sensors
W3119616878,Recent Progress in Quantitatively Monitoring Vesicular Neurotransmitter Release and Storage With Micro/Nanoelectrodes,https://doi.org/10.3389/fchem.2020.591311,2021,29,Frontiers in Chemistry
W4319754523,3D printing for customized carbon electrodes,https://doi.org/10.1016/j.coelec.2023.101228,2023,47,Current Opinion in Electrochemistry
W4366827991,Recent Progress in Multiterminal Memristors for Neuromorphic Applications,https://doi.org/10.1002/aelm.202300108,2023,39,Advanced Electronic Materials
W4364379999,Neuronal growth on high-aspect-ratio diamond nanopillar arrays for biosensing applications,https://doi.org/10.1038/s41598-023-32235-x,2023,31,Scientific Reports
W4375855328,Recent development of surface-enhanced Raman scattering for biosensing,https://doi.org/10.1186/s12951-023-01890-7,2023,160,Journal of Nanobiotechnology
W4289175722,Electrodeposition as a Tool for Nanostructuring Magnetic Materials,https://doi.org/10.3390/mi13081223,2022,25,Micromachines
W4321770440,Memristive Biosensors for Cancer Biomarkers Detection: A Review,https://doi.org/10.1109/access.2023.3248683,2023,25,IEEE Access
W4407302679,Neuromorphic Hardware for Artificial Sensory Systems: A Review,https://doi.org/10.1007/s11664-025-11778-x,2025,18,Journal of Electronic Materials
W3023934094,Evolving conductive polymer neural networks on wetware,https://doi.org/10.35848/1347-4065/ab8e06,2020,20,Japanese Journal of Applied Physics
W3008728252,Toward the Next Generation of Retinal Neuroprosthesis: Visual Computation with Spikes,https://doi.org/10.1016/j.eng.2020.02.004,2020,42,Engineering
W4391103248,Connectome-based reservoir computing with the conn2res toolbox,https://doi.org/10.1038/s41467-024-44900-4,2024,44,Nature Communications
W4390224797,High Performance of an In-Material Reservoir Computing Device Achieved by Complex Dynamics in a Nanoparticle Random Network Memristor,https://doi.org/10.1021/acsaelm.3c01046,2023,22,ACS Applied Electronic Materials
W4315631428,2D metal-organic frameworks for ultraflexible electrochemical transistors with high transconductance and fast response speeds,https://doi.org/10.1126/sciadv.add9627,2023,81,Science Advances
W4400764152,Large-area magnetic skin for multi-point and multi-scale tactile sensing with super-resolution,https://doi.org/10.1038/s41528-024-00325-z,2024,50,npj Flexible Electronics
W4389323674,Dual-conductivity mechanism investigation of 2D α-MoO3-based multi-level memristor,https://doi.org/10.1007/s40843-023-2653-x,2023,20,Science China Materials
W3207283791,Recent Progress on Two-Dimensional Materials,https://doi.org/10.3866/pku.whxb202108017,2021,457,Acta Physico-Chimica Sinica
W4392265984,Few- and single-molecule reservoir computing experimentally demonstrated with surface-enhanced Raman scattering and ion gating,https://doi.org/10.1126/sciadv.adk6438,2024,28,Science Advances
W4391512152,Unravelling the amorphous structure and crystallization mechanism of GeTe phase change memory materials,https://doi.org/10.1038/s41467-024-45327-7,2024,56,Nature Communications
W4411532682,High-Reliability Thermoreceptors with Minimal Temporal and Spatial Variations Through Photo-Induced Patterning Thermoelectrics,https://doi.org/10.1007/s40820-025-01821-1,2025,27,Nano-Micro Letters
W4200475560,Perspective on skyrmion spintronics,https://doi.org/10.1063/5.0072735,2021,81,Applied Physics Letters
W4378982058,Rational tuning of the cation ratio in metal oxide semiconductor nanofibers for low-power neuromorphic transistors,https://doi.org/10.1007/s40843-022-2445-y,2023,16,Science China Materials
W3042171042,"Recent progress of two‐dimensional lead halide perovskite single crystals: Crystal growth, physical properties, and device applications",https://doi.org/10.1002/eom2.12036,2020,123,EcoMat
W4393159410,Multilayer WS2 for low-power visible and near-infrared phototransistors,https://doi.org/10.1186/s11671-024-04000-0,2024,28,Discover Nano
W3014855718,Nanostructured Materials for Artificial Tissue Replacements,https://doi.org/10.3390/ijms21072521,2020,42,International Journal of Molecular Sciences
W4377103008,Integrated Graphene Heterostructures in Optical Sensing,https://doi.org/10.3390/mi14051060,2023,16,Micromachines
W3200146391,Applications of Carbon Nanotubes in the Internet of Things Era,https://doi.org/10.1007/s40820-021-00721-4,2021,40,Nano-Micro Letters
W3195348439,Graphene‐Based Nanomaterials for Neuroengineering: Recent Advances and Future Prospective,https://doi.org/10.1002/adfm.202104887,2021,41,Advanced Functional Materials
W4405828345,All-Optically Controlled Memristive Device Based on Cu <sub>2</sub> O/TiO <sub>2</sub> Heterostructure Toward Neuromorphic Visual System,https://doi.org/10.34133/research.0580,2024,20,Research
W4388452533,Organic Electronics in Biosensing: A Promising Frontier for Medical and Environmental Applications,https://doi.org/10.3390/bios13110976,2023,93,Biosensors
W4392739648,Beyond a Transmission Cable—New Technologies to Reveal the Richness in Axonal Electrophysiology,https://doi.org/10.1523/jneurosci.1446-23.2023,2024,22,Journal of Neuroscience
W3034197770,The Principle of Nanomaterials Based Surface Plasmon Resonance Biosensors and Its Potential for Dopamine Detection,https://doi.org/10.3390/molecules25122769,2020,90,Molecules
W3022224321,Understanding of Feedback Field-Effect Transistor and Its Applications,https://doi.org/10.3390/app10093070,2020,33,Applied Sciences
W4206270748,Emerging Internet of Things driven carbon nanotubes-based devices,https://doi.org/10.1007/s12274-021-3986-7,2022,39,Nano Research
W4403148966,"MicroRNAs regulation in Parkinson’s disease, and their potential role as diagnostic and therapeutic targets",https://doi.org/10.1038/s41531-024-00791-2,2024,61,npj Parkinson s Disease
W4321104668,Recent advances of small extracellular vesicle biomarkers in breast cancer diagnosis and prognosis,https://doi.org/10.1186/s12943-023-01741-x,2023,153,Molecular Cancer
W4407720034,Interface Engineering of 2D Materials toward High‐Temperature Electronic Devices,https://doi.org/10.1002/adma.202418439,2025,23,Advanced Materials
W4321213510,A multi-timescale synaptic weight based on ferroelectric hafnium zirconium oxide,https://doi.org/10.1038/s43246-023-00342-x,2023,18,Communications Materials
W4225550182,Neuromorphic computing: Challenges from quantum materials to emergent connectivity,https://doi.org/10.1063/5.0092382,2022,17,Applied Physics Letters
W3048233773,In-Memory Logic Operations and Neuromorphic Computing in Non-Volatile Random Access Memory,https://doi.org/10.3390/ma13163532,2020,66,Materials
W4399333493,Boosting flexible electronics with integration of two‐dimensional materials,https://doi.org/10.1002/inf2.12555,2024,55,InfoMat
W3008344483,Implementing an Insect Brain Computational Circuit Using III–V Nanowire Components in a Single Shared Waveguide Optical Network,https://doi.org/10.1021/acsphotonics.0c01003,2020,22,ACS Photonics
W4361009500,The Effect of Nitrogen Annealing on the Resistive Switching Characteristics of the W/TiO2/FTO Memory Device,https://doi.org/10.3390/s23073480,2023,15,Sensors
W4386927289,Retinal ganglion cell repopulation for vision restoration in optic neuropathy: a roadmap from the RReSTORe Consortium,https://doi.org/10.1186/s13024-023-00655-y,2023,80,Molecular Neurodegeneration
W4402284796,Halide perovskite memristors for optoelectronic memory and computing applications,https://doi.org/10.1002/ifm2.23,2024,19,Information & Functional Materials
W4360982901,Organic Semiconductor Single Crystal Arrays: Preparation and Applications,https://doi.org/10.1002/advs.202300483,2023,44,Advanced Science
W4409394268,Self-organizing neuromorphic nanowire networks as stochastic dynamical systems,https://doi.org/10.1038/s41467-025-58741-2,2025,18,Nature Communications
W4308292306,Highly light-tunable memristors in solution-processed 2D materials/metal composites,https://doi.org/10.1038/s41598-022-23404-5,2022,20,Scientific Reports
W4404836419,RGB Color-Discriminable Photonic Synapse for Neuromorphic Vision System,https://doi.org/10.1007/s40820-024-01579-y,2024,30,Nano-Micro Letters
W4385891663,"New Opportunities of Electrochemistry for Monitoring, Modulating, and Mimicking the Brain Signals",https://doi.org/10.1021/jacsau.3c00220,2023,29,JACS Au
W4367179758,An update on pathogenesis and clinical scenario for Parkinson’s disease: diagnosis and treatment,https://doi.org/10.1007/s13205-023-03553-8,2023,50,3 Biotech
W4394841082,Solid polymer electrolyte-based atomic switches: from materials to mechanisms and applications,https://doi.org/10.1080/14686996.2024.2342772,2024,19,Science and Technology of Advanced Materials
W3112949736,Biosensors-on-Chip: An Up-to-Date Review,https://doi.org/10.3390/molecules25246013,2020,46,Molecules
W4389266206,Optimization of process parameters in micro-scale pneumatic aerosol jet printing for high-yield precise electrodes,https://doi.org/10.1038/s41598-023-47544-4,2023,26,Scientific Reports
W3163945493,Ultra-Scaled AlO<sub>x</sub> Diffusion Barriers for Multibit HfO<sub>x</sub> RRAM Operation,https://doi.org/10.1109/jeds.2021.3079398,2021,19,IEEE Journal of the Electron Devices Society
W4214558720,Resonant Tunneling Diode Nano-Optoelectronic Excitable Nodes for Neuromorphic Spike-Based Information Processing,https://doi.org/10.1103/physrevapplied.17.024072,2022,39,Physical Review Applied
W4394754039,Cobalt-doped zinc oxide based memristors with nociceptor characteristics for bio-inspired technology,https://doi.org/10.1039/d4ra01250j,2024,21,RSC Advances
W4388542686,Green synthesis trends and potential applications of bimetallic nanoparticles towards the sustainable development goals 2030,https://doi.org/10.1039/d3na00761h,2023,97,Nanoscale Advances
W3126184592,The band-edge excitons observed in few-layer NiPS3,https://doi.org/10.1038/s41699-020-00188-8,2021,46,npj 2D Materials and Applications
W4205394965,Photo‐modulated optical and electrical properties of graphene,https://doi.org/10.1515/nanoph-2021-0582,2022,40,Nanophotonics
W4388673756,Mechanics in the nervous system: From development to disease,https://doi.org/10.1016/j.neuron.2023.10.005,2023,95,Neuron
W3133640590,Neuromorphic Low-Power Inference on Memristive Crossbars With On-Chip Offset Calibration,https://doi.org/10.1109/access.2021.3063437,2021,18,IEEE Access
W3093231674,Lipin1 Is Involved in the Pathogenesis of Diabetic Encephalopathy through the PKD/Limk/Cofilin Signaling Pathway,https://doi.org/10.1155/2020/1723423,2020,31,Oxidative Medicine and Cellular Longevity
W4220992928,"Electrochemical Detection of Alzheimer’s Disease Biomarker, β-Secretase Enzyme (BACE1), With One-Step Synthesized Reduced Graphene Oxide",https://doi.org/10.3389/fbioe.2022.873811,2022,43,Frontiers in Bioengineering and Biotechnology
W3087034102,Mitigation of Carbon Nanotube Neurosensor Induced Transcriptomic and Morphological Changes in Mouse Microglia with Surface Passivation,https://doi.org/10.1021/acsnano.0c06154,2020,38,ACS Nano
W4289922251,Energy Efficient Learning With Low Resolution Stochastic Domain Wall Synapse for Deep Neural Networks,https://doi.org/10.1109/access.2022.3196688,2022,28,IEEE Access
W4397026484,Recent Advances in Graphene-Based Humidity Sensors With the Focus on Structural Design: A Review,https://doi.org/10.1109/jsen.2024.3398003,2024,31,IEEE Sensors Journal
W3084692572,Zinc oxide nanoparticles modulate the gene expression of ZnT1 and ZIP8 to manipulate zinc homeostasis and stress-induced cytotoxicity in human neuroblastoma SH-SY5Y cells,https://doi.org/10.1371/journal.pone.0232729,2020,25,PLoS ONE
W4403576959,Research progress and applications of optoelectronic synaptic devices based on 2D materials,https://doi.org/10.1002/brx2.70004,2024,16,Brain‐X
W4312733888,Recent advances in perovskites-based optoelectronics,https://doi.org/10.1515/ntrev-2022-0494,2022,44,Nanotechnology Reviews
W4206926213,Strategies for interface issues and challenges of neural electrodes,https://doi.org/10.1039/d1nr07226a,2022,39,Nanoscale
W4391910566,Phase-engineered synthesis of atomically thin te single crystals with high on-state currents,https://doi.org/10.1038/s41467-024-45940-6,2024,41,Nature Communications
W4388869413,Artificial sensory system based on memristive devices,https://doi.org/10.1002/exp.20220162,2023,31,Exploration
W4388942445,0D-carbon-quantum-dots/2D-MoS2 mixed-dimensional heterojunction transistor for emulating pulsatile photoelectric therapy of visual amnesic behaviors,https://doi.org/10.1007/s40843-023-2638-y,2023,23,Science China Materials
W3176071615,TSSM: Three-State Switchable Memristor Model Based on Ag/TiOx Nanobelt/Ti Configuration,https://doi.org/10.1142/s0218127421300202,2021,23,International Journal of Bifurcation and Chaos
W4309644030,Stacking Fault Induced Symmetry Breaking in van der Waals Nanowires,https://doi.org/10.1021/acsnano.2c09172,2022,18,ACS Nano
W4391251712,Temperature behavior and logic circuit applications of InAs nanowire-based field-effect transistors,https://doi.org/10.1016/j.mssp.2024.108167,2024,17,Materials Science in Semiconductor Processing
W3136867497,A State-of-the-Art of Functional Scaffolds for 3D Nervous Tissue Regeneration,https://doi.org/10.3389/fbioe.2021.639765,2021,52,Frontiers in Bioengineering and Biotechnology
W4402467770,Self-powered wearable Internet of Things sensors for human-machine interfaces: A systematic literature review and science mapping analysis,https://doi.org/10.1016/j.nanoen.2024.110252,2024,39,Nano Energy
W4389133465,"Redox-based ion-gating reservoir consisting of (104) oriented LiCoO2 film, assisted by physical masking",https://doi.org/10.1038/s41598-023-48135-z,2023,23,Scientific Reports
W4309745336,Micro- and nano-devices for electrochemical sensing,https://doi.org/10.1007/s00604-022-05548-3,2022,63,Microchimica Acta
W4220812277,"A robust vertical nanoscaffold for recyclable, paintable, and flexible light-emitting devices",https://doi.org/10.1126/sciadv.abn2225,2022,24,Science Advances
W4410188953,"Multifunctional Organic Materials, Devices, and Mechanisms for Neuroscience, Neuromorphic Computing, and Bioelectronics",https://doi.org/10.1007/s40820-025-01756-7,2025,15,Nano-Micro Letters
W3125892177,Origin of Hysteresis in Perovskite Solar Cells,https://doi.org/10.1063/9780735422414_001,2020,46,
W4401917473,A review of memristive reservoir computing for temporal data processing and sensing,https://doi.org/10.1002/inc2.12013,2024,16,InfoScience.
W4390603790,A Run-Time Reconfigurable Ge Field-Effect Transistor With Symmetric On-States,https://doi.org/10.1109/jeds.2024.3350209,2024,18,IEEE Journal of the Electron Devices Society
W4206008247,Filaments and four ordered structures inside a neuron fire a thousand times faster than the membrane: theory and experiment,https://doi.org/10.31083/j.jin2004082,2021,21,Journal of Integrative Neuroscience
W4387451517,Effect of electrode materials on resistive switching behaviour of NbOx-based memristive devices,https://doi.org/10.1038/s41598-023-44110-w,2023,21,Scientific Reports
W4200596915,Domain wall pinning through nanoscale interfacial Dzyaloshinskii–Moriya interaction,https://doi.org/10.1063/5.0070773,2021,15,Journal of Applied Physics
W4399300567,Highly Promising 2D/1D BP‐C/CNT Bionic Opto‐Olfactory Co‐Sensory Artificial Synapses for Multisensory Integration,https://doi.org/10.1002/advs.202403665,2024,31,Advanced Science
W4413611766,Recent Advancements and Perspectives of Low-Dimensional Halide Perovskites for Visual Perception and Optoelectronic Applications,https://doi.org/10.1007/s40820-025-01823-z,2025,14,Nano-Micro Letters
W3033557692,Precise capture and dynamic relocation of nanoparticulate biomolecules through dielectrophoretic enhancement by vertical nanogap architectures,https://doi.org/10.1038/s41467-020-16630-w,2020,52,Nature Communications
W4224239466,Improved multilevel storage capacity in Ge2Sb2Te5-based phase-change memory using a high-aspect-ratio lateral structure,https://doi.org/10.1007/s40843-022-2028-7,2022,20,Science China Materials
W3022733746,Herpes Simplex Virus: The Hostile Guest That Takes Over Your Home,https://doi.org/10.3389/fmicb.2020.00733,2020,60,Frontiers in Microbiology
W4402206959,Shell Distribution of Vitamin K3 within Reinforced Electrospun Nanofibers for Improved Photo-Antibacterial Performance,https://doi.org/10.3390/ijms25179556,2024,43,International Journal of Molecular Sciences
W4389801243,Organic iontronic memristors for artificial synapses and bionic neuromorphic computing,https://doi.org/10.1039/d3nr06057h,2023,29,Nanoscale
W3158683381,Multifunctional molybdenum disulfide flash memory using a PEDOT:PSS floating gate,https://doi.org/10.1038/s41427-021-00307-x,2021,28,NPG Asia Materials
W4385664365,Two-dimensional perovskite heterostructures for single crystal semiconductor devices,https://doi.org/10.1063/5.0153306,2023,38,Journal of Applied Physics
W3210460641,Exercise Intervention Promotes the Growth of Synapses and Regulates Neuroplasticity in Rats With Ischemic Stroke Through Exosomes,https://doi.org/10.3389/fneur.2021.752595,2021,24,Frontiers in Neurology
W3082017285,Perovskite-Enhanced Silicon-Nanocrystal Optoelectronic Synaptic Devices for the Simulation of Biased and Correlated Random-Walk Learning,https://doi.org/10.34133/2020/7538450,2020,19,Research
W3205949769,Restoring Sensorimotor Function Through Neuromodulation After Spinal Cord Injury: Progress and Remaining Challenges,https://doi.org/10.3389/fnins.2021.749465,2021,26,Frontiers in Neuroscience
W3034592174,Controlling the proximity effect in a Co/Nb multilayer: the properties of electronic transport,https://doi.org/10.3762/bjnano.11.118,2020,24,Beilstein Journal of Nanotechnology
W4316467030,A High Performance Triboelectric Nanogenerator Based on MXene/Graphene Oxide Electrode for Glucose Detection,https://doi.org/10.3390/ma16020841,2023,31,Materials
W4402127538,A bioinspired tactile scanner for computer haptics,https://doi.org/10.1038/s41467-024-51674-2,2024,18,Nature Communications
W4390658599,"Examining the Influence of Zinc Oxide Nanoparticles and Bulk Zinc Oxide on Rat Brain Functions: a Comprehensive Neurobehavioral, Antioxidant, Gene Expression, and Histopathological Investigation",https://doi.org/10.1007/s12011-023-04043-x,2024,30,Biological Trace Element Research
W4393255043,Recent Progress in Wearable Near-Sensor and In-Sensor Intelligent Perception Systems,https://doi.org/10.3390/s24072180,2024,15,Sensors
W3205284361,Graphene-Based Electrode Materials for Neural Activity Detection,https://doi.org/10.3390/ma14206170,2021,25,Materials
W3208695700,Dynamics of the electrically induced insulator-to-metal transition in rare-earth nickelates,https://doi.org/10.1103/physrevb.104.165141,2021,34,Physical review. B./Physical review. B
W4394200800,Magnetic Flux Sensor Based on Spiking Neurons with Josephson Junctions,https://doi.org/10.3390/s24072367,2024,17,Sensors
W4386250511,Recent Advances in Cerium Oxide-Based Memristors for Neuromorphic Computing,https://doi.org/10.3390/nano13172443,2023,19,Nanomaterials
W3199274832,Transverse barrier formation by electrical triggering of a metal-to-insulator transition,https://doi.org/10.1038/s41467-021-25802-1,2021,31,Nature Communications
W3037050695,Recent progress on optoelectronic synaptic devices,https://doi.org/10.1360/ssi-2019-0248,2020,14,Scientia Sinica Informationis
W4392565702,Brain-inspired computing: can 2D materials bridge the gap between biological and artificial neural networks?,https://doi.org/10.1039/d4ma00133h,2024,17,Materials Advances
W4214932015,Neural oscillation of single silicon nanowire neuron device with no external bias voltage,https://doi.org/10.1038/s41598-022-07374-2,2022,12,Scientific Reports
W3121501158,Vertical organic permeable dual-base transistors for logic circuits,https://doi.org/10.1038/s41467-020-18576-5,2020,35,Nature Communications
W4220652933,Nanomaterial‐Based Prosthetic Limbs for Disability Mobility Assistance: A Review of Recent Advances,https://doi.org/10.1155/2022/3425297,2022,17,Journal of Nanomaterials
W4285185117,Brain-like critical dynamics and long-range temporal correlations in percolating networks of silver nanoparticles and functionality preservation after integration of insulating matrix,https://doi.org/10.1039/d2na00121g,2022,37,Nanoscale Advances
W4283794261,Emerging Memristive Devices for Brain-Inspired Computing and Artificial Perception,https://doi.org/10.3389/fnano.2022.940825,2022,19,Frontiers in Nanotechnology
W3119047025,Optical Screening Methods for Pesticide Residue Detection in Food Matrices: Advances and Emerging Analytical Trends,https://doi.org/10.3390/foods10010088,2021,60,Foods
W4283814179,Medium-Temperature-Oxidized GeOx Resistive-Switching Random-Access Memory and Its Applicability in Processing-in-Memory Computing,https://doi.org/10.1186/s11671-022-03701-8,2022,20,Nanoscale Research Letters
W4400573811,Wafer-Scale Fabrication of Wearable All-Carbon Nanotube Photodetector Arrays,https://doi.org/10.1021/acsnano.4c01087,2024,33,ACS Nano
W4313444340,Nanomaterial Constructs for Catalytic Applications in Biomedicine: Nanobiocatalysts and Nanozymes,https://doi.org/10.1007/s11244-022-01766-4,2022,47,Topics in Catalysis
W4407377701,Synaptic connectivity mapping among thousands of neurons via parallelized intracellular recording with a microhole electrode array,https://doi.org/10.1038/s41551-025-01352-5,2025,15,Nature Biomedical Engineering
W4324382087,Synapse-Mimetic Hardware-Implemented Resistive Random-Access Memory for Artificial Neural Network,https://doi.org/10.3390/s23063118,2023,25,Sensors
W4308885556,Achieving software-equivalent accuracy for hyperdimensional computing with ferroelectric-based in-memory computing,https://doi.org/10.1038/s41598-022-23116-w,2022,40,Scientific Reports
W3187190315,Exosomes as cell-derivative carriers in the diagnosis and treatment of central nervous system diseases,https://doi.org/10.1007/s13346-021-01026-0,2021,80,Drug Delivery and Translational Research
W3177718934,Memristor Fabrication Through Printing Technologies: A Review,https://doi.org/10.1109/access.2021.3094027,2021,29,IEEE Access
W4311511282,Review of the VO2 smart material applications with emphasis on its use for spacecraft thermal control,https://doi.org/10.3389/fmats.2022.1013848,2022,34,Frontiers in Materials
W4407624421,"Electrochemical Random-Access Memory: Progress, Perspectives, and Opportunities",https://doi.org/10.1021/acs.chemrev.4c00512,2025,28,Chemical Reviews
W4387572073,Moiré Synaptic Transistor for Homogeneous-Architecture Reservoir Computing,https://doi.org/10.1088/0256-307x/40/11/117201,2023,25,Chinese Physics Letters
W4399804653,A high-performance deep reservoir computer experimentally demonstrated with ion-gating reservoirs,https://doi.org/10.1038/s44172-024-00227-y,2024,19,Communications Engineering
W4394646835,Biomaterial strategies for regulating the neuroinflammatory response,https://doi.org/10.1039/d3ma00736g,2024,28,Materials Advances
W3209129796,Cell Volume Regulation Mechanisms in Differentiated Astrocytes.,https://doi.org/10.33594/000000469,2021,32,Cellular Physiology and Biochemistry
W3159382277,11 Tera-FLOP/s photonic convolutional accelerator and deep learning optical neural networks,https://doi.org/10.21203/rs.3.rs-493347/v1,2021,35,Research Square
W4283742534,Fabrication and evaluation of electrospun polyacrylonitrile/silver nanofiber membranes for air filtration and antibacterial activity,https://doi.org/10.1007/s00289-022-04311-1,2022,29,Polymer Bulletin
W4414199955,"Emerging Electrolyte-Gated Transistors: Materials, Configuration and External Field Regulation",https://doi.org/10.3390/ma18184320,2025,2,Materials
W3134483450,Measuring Absolute Membrane Potential Across Space and Time,https://doi.org/10.1146/annurev-biophys-062920-063555,2021,39,Annual Review of Biophysics
W4212792509,Long-term adherence of human brain cells in vitro is enhanced by charged amine-based plasma polymer coatings,https://doi.org/10.1016/j.stemcr.2022.01.013,2022,24,Stem Cell Reports
W4324304851,Diode Characteristics in Magnetic Domain Wall Devices via Geometrical Pinning for Neuromorphic Computing,https://doi.org/10.1021/acsami.2c20905,2023,12,ACS Applied Materials & Interfaces
W4318049701,Advances in electrochromic device technology through the exploitation of nanophotonic and nanoplasmonic effects,https://doi.org/10.1515/nanoph-2022-0670,2023,27,Nanophotonics
W4280627324,In silico assessment of electrophysiological neuronal recordings mediated by magnetoelectric nanoparticles,https://doi.org/10.1038/s41598-022-12303-4,2022,38,Scientific Reports
W4289530190,Controllable volatile-to-nonvolatile memristive switching in single-crystal lead-free double perovskite with ultralow switching electric field,https://doi.org/10.1007/s40843-022-2113-y,2022,18,Science China Materials
W3135054414,A Physic-Based Explicit Compact Model for Reconfigurable Field-Effect Transistor,https://doi.org/10.1109/access.2021.3064961,2021,15,IEEE Access
W4226210584,Sigmoid Type Neuromorphic Activation Function Based on Saturable Absorption Behavior of Graphene/PMMA Composite for Intensity Modulation of Surface Plasmon Polariton Signals,https://doi.org/10.1007/s11468-021-01553-z,2022,15,Plasmonics
W3125141810,Interactions Between 2D Materials and Living Matter: A Review on Graphene and Hexagonal Boron Nitride Coatings,https://doi.org/10.3389/fbioe.2021.612669,2021,44,Frontiers in Bioengineering and Biotechnology
W4210834010,Advances in aptamers against Aβ and applications in Aβ detection and regulation for Alzheimer's disease,https://doi.org/10.7150/thno.69465,2022,42,Theranostics
W4409908892,"Transparent, metal-free PEDOT:PSS neural interfaces for simultaneous recording of low-noise electrophysiology and artifact-free two-photon imaging",https://doi.org/10.1038/s41467-025-59303-2,2025,27,Nature Communications
W4412652541,Ultralow energy adaptive neuromorphic computing using reconfigurable zinc phosphorus trisulfide memristors,https://doi.org/10.1038/s41467-025-62306-8,2025,21,Nature Communications
W3191010062,Nanotechnological Strategies for Engineering Complex Tissues,https://doi.org/10.1201/9780429399039-12,2020,18,
W4295572789,Point-of-care electrochemical testing of biomarkers involved in inflammatory and inflammatory-associated medical conditions,https://doi.org/10.1007/s00216-022-04320-z,2022,80,Analytical and Bioanalytical Chemistry
W4391160745,Manipulating hyperbolic transient plasmons in a layered semiconductor,https://doi.org/10.1038/s41467-024-44971-3,2024,21,Nature Communications
W4390031319,"Neuro–bone tissue engineering: emerging mechanisms, potential strategies, and current challenges",https://doi.org/10.1038/s41413-023-00302-8,2023,104,Bone Research
W3147310387,Acute spinal cord injury: Pathophysiology and pharmacological intervention (Review),https://doi.org/10.3892/mmr.2021.12056,2021,154,Molecular Medicine Reports
W3209475533,Contribution of Polymers to Electronic Memory Devices and Applications,https://doi.org/10.3390/polym13213774,2021,32,Polymers
W4319782893,All-Printed ZnO Nanowire-Based High Performance Flexible Ultraviolet Photodetectors,https://doi.org/10.1109/jflex.2023.3243583,2023,16,IEEE Journal on Flexible Electronics
W4399513712,"Multifunctional Nanomaterials for Advancing Neural Interfaces: Recording, Stimulation, and Beyond",https://doi.org/10.1021/acs.accounts.4c00138,2024,22,Accounts of Chemical Research
W4402844820,Dual‐Mode Semiconductor Device Enabling Optoelectronic Detection and Neuromorphic Processing with Extended Spectral Responsivity,https://doi.org/10.1002/adma.202409406,2024,28,Advanced Materials
W4414707458,Edge intelligence through in-sensor and near-sensor computing for the artificial intelligence of things,https://doi.org/10.1038/s44335-025-00040-6,2025,19,npj Unconventional Computing
W4377982991,Functional Nanomaterials for the Diagnosis of Alzheimer's Disease: Recent Progress and Future Perspectives,https://doi.org/10.1002/adfm.202302673,2023,54,Advanced Functional Materials
W4313420888,Design of all-phase-change-memory spiking neural network enabled by Ge-Ga-Sb compound,https://doi.org/10.1007/s40843-022-2283-9,2022,18,Science China Materials
W4384283069,Robust Mutual Synchronization in Long Spin Hall Nano-oscillator Chains,https://doi.org/10.1021/acs.nanolett.3c02036,2023,31,Nano Letters
W4407150872,Transmembrane voltage-gated nanopores controlled by electrically tunable in-pore chemistry,https://doi.org/10.1038/s41467-025-56052-0,2025,20,Nature Communications
W4304187434,Challenges for Nanoscale CMOS Logic Based on Two-Dimensional Materials,https://doi.org/10.3390/nano12203548,2022,40,Nanomaterials
W4404724730,Implantable Self‐Powered Systems for Electrical Stimulation Medical Devices,https://doi.org/10.1002/advs.202412044,2024,46,Advanced Science
W4406838600,Mechano-gated iontronic piezomemristor for temporal-tactile neuromorphic plasticity,https://doi.org/10.1038/s41467-025-56393-w,2025,18,Nature Communications
W3092962601,Optimization of a Diamond Nitrogen Vacancy Centre Magnetometer for Sensing of Biological Signals,https://doi.org/10.3389/fphy.2020.522536,2020,41,Frontiers in Physics
W4385060985,Recent advances in endogenous neural stem/progenitor cell manipulation for spinal cord injury repair,https://doi.org/10.7150/thno.84133,2023,75,Theranostics
W3058437445,Advances in Functional Nanomaterials Science,https://doi.org/10.1002/andp.202000015,2020,27,Annalen der Physik
W3216295893,Boosting in-plane anisotropy by periodic phase engineering in two-dimensional VO2 single crystals,https://doi.org/10.1016/j.fmre.2021.11.020,2021,19,Fundamental Research
W3163809129,2021 Roadmap on Neuromorphic Computing and Engineering,https://doi.org/10.13016/m2n6ua-rira,2021,45,arXiv (Cornell University)
W4366386844,Electrical stimulation for therapeutic approach,https://doi.org/10.1002/inmd.20230003,2023,54,Interdisciplinary medicine
W3121160143,Long- and Short-Term Conductance Control of Artificial Polymer Wire Synapses,https://doi.org/10.3390/polym13020312,2021,11,Polymers
W4378715918,Neuromorphic Photonics Based on Phase Change Materials,https://doi.org/10.3390/nano13111756,2023,24,Nanomaterials
W4409712866,In-sensor compressing via programmable optoelectronic sensors based on van der Waals heterostructures for intelligent machine vision,https://doi.org/10.1038/s41467-025-59104-7,2025,41,Nature Communications
W4399744108,Small Feature‐Size Transistors Based on Low‐Dimensional Materials: From Structure Design to Nanofabrication Techniques,https://doi.org/10.1002/advs.202400500,2024,14,Advanced Science
W4285495317,Advances in visual prostheses: engineering and biological challenges,https://doi.org/10.1088/2516-1091/ac812c,2022,47,Progress in Biomedical Engineering
W4380050853,Functional Heterointerfaces of Quantum Materials by Design,https://doi.org/10.1002/pssr.202300153,2023,1,physica status solidi (RRL) - Rapid Research Letters
W4387265305,Generative complex networks within a dynamic memristor with intrinsic variability,https://doi.org/10.1038/s41467-023-41921-3,2023,22,Nature Communications
W4399391441,Brain-inspired computing systems: a systematic literature review,https://doi.org/10.1140/epjb/s10051-024-00703-6,2024,28,The European Physical Journal B
W3095637976,<i>In Vivo</i> Photopharmacology Enabled by Multifunctional Fibers,https://doi.org/10.1021/acschemneuro.0c00577,2020,45,ACS Chemical Neuroscience
W3097748916,Device Based on Polymer Schottky Junctions and Their Applications: A Review,https://doi.org/10.1109/access.2020.3030644,2020,27,IEEE Access
W3109058715,Methodologies and Challenges for CRISPR/Cas9 Mediated Genome Editing of the Mammalian Brain,https://doi.org/10.3389/fgeed.2020.602970,2020,23,Frontiers in Genome Editing
W4297036110,Modulation of Amyloid-β and Tau in Alzheimer’s Disease Plasma Neuronal-Derived Extracellular Vesicles by Cerebrolysin® and Donepezil,https://doi.org/10.3233/jad-220575,2022,21,Journal of Alzheimer s Disease
W4387613025,Flexible multilevel nonvolatile biocompatible memristor with high durability,https://doi.org/10.1186/s12951-023-02117-5,2023,20,Journal of Nanobiotechnology
W4328019469,Selenium nanomaterials enabled flexible and wearable electronics,https://doi.org/10.20517/cs.2022.33,2023,17,Chemical Synthesis
W4404347071,Roadmap for Schottky barrier transistors,https://doi.org/10.1088/2399-1984/ad92d1,2024,13,Nano Futures
W4412641526,Advances in Organic In‐Sensor Neuromorphic Computing: from Material Mechanisms to Applications,https://doi.org/10.1002/aidi.202500053,2025,4,Advanced Intelligent Discovery
W3114546146,"Direct Observation of the Electrically Triggered Insulator-Metal Transition in <mml:math xmlns:mml=""http://www.w3.org/1998/Math/MathML"" display=""inline""><mml:mrow><mml:msub><mml:mrow><mml:mi mathvariant=""normal"">V</mml:mi></mml:mrow><mml:mrow><mml:mn>3</mml:mn></mml:mrow></mml:msub><mml:msub><mml:mrow><mml:mi mathvariant=""normal"">O</mml:mi></mml:mrow><mml:mrow><mml:mn>5</mml:mn></mml:mrow></mml:msub></mml:mrow></mml:math> Far below the Transition Temperature",https://doi.org/10.1103/physrevx.12.011025,2022,26,Physical Review X
W4394734852,An extremely low-power-consumption reconfigurable two-dimensional tellurene artificial synapse for bio-inspired wearable edge computing,https://doi.org/10.1039/d4tc00530a,2024,22,Journal of Materials Chemistry C
W4384936792,Revolutionizing self-powered robotic systems with triboelectric nanogenerators,https://doi.org/10.1016/j.nanoen.2023.108729,2023,103,Nano Energy
W2999201084,A Novel Characterization and Performance Measurement of Memristor Devices for Synaptic Emulators in Advanced Neuro-Computing,https://doi.org/10.3390/mi11010089,2020,17,Micromachines
W4389946503,Recent advances in bio-integrated electrochemical sensors for neuroengineering,https://doi.org/10.1016/j.fmre.2023.11.012,2023,17,Fundamental Research
W4389474782,Silicon–van der Waals heterointegration for CMOS-compatible logic-in-memory design,https://doi.org/10.1126/sciadv.adk1597,2023,16,Science Advances
W3042862317,Dual PN Source/Drain Reconfigurable FET for Fast and Low-Voltage Reprogrammable Logic,https://doi.org/10.1109/access.2020.3009967,2020,15,IEEE Access
W4366587412,Biocompatible memristive device based on an agarose@gold nanoparticle-nanocomposite layer obtained from nature for neuromorphic computing,https://doi.org/10.1038/s41598-023-32860-6,2023,16,Scientific Reports
W4401607711,Microtubule-Stabilizer Epothilone B Delays Anesthetic-Induced Unconsciousness in Rats,https://doi.org/10.1523/eneuro.0291-24.2024,2024,21,eNeuro
W4285501434,Spin-orbit torque switching of magnetic tunnel junctions for memory applications,https://doi.org/10.1016/j.jmmm.2022.169692,2022,109,Journal of Magnetism and Magnetic Materials
W3004938331,Size-Dependent Switching Properties of Spin-Orbit Torque MRAM With Manufacturing-Friendly 8-Inch Wafer-Level Uniformity,https://doi.org/10.1109/jeds.2020.2971892,2020,20,IEEE Journal of the Electron Devices Society
W4308256620,Emerging 2D Metal Oxides: From Synthesis to Device Integration,https://doi.org/10.1002/adma.202207774,2022,110,Advanced Materials
W4213142607,Lab-on-Chip Microsystems for Ex Vivo Network of Neurons Studies: A Review,https://doi.org/10.3389/fbioe.2022.841389,2022,23,Frontiers in Bioengineering and Biotechnology
W4365802197,Streamlining the interface between electronics and neural systems for bidirectional electrochemical communication,https://doi.org/10.1039/d3sc00338h,2023,13,Chemical Science
W4403948216,Atomically thin bioelectronics,https://doi.org/10.1038/s41578-024-00728-4,2024,28,Nature Reviews Materials
W4389102901,An Electromagnetic Perspective of Artificial Intelligence Neuromorphic Chips,https://doi.org/10.23919/emsci.2023.0015,2023,40,Electromagnetic Science
W3164287616,Domain wall dynamics in (Co/Ni)n nanowire with anisotropy energy gradient for neuromorphic computing applications,https://doi.org/10.1016/j.jmmm.2021.168131,2021,14,Journal of Magnetism and Magnetic Materials
W4381804405,Ordering of room-temperature magnetic skyrmions in a polar van der Waals magnet,https://doi.org/10.1038/s41467-023-39442-0,2023,42,Nature Communications
W4411567880,"Recent Advances in Resistive Gas Sensors: Fundamentals, Material and Device Design, and Intelligent Applications",https://doi.org/10.3390/chemosensors13070224,2025,33,Chemosensors
W4400813540,Beyond 25 years of biomedical innovation in nano-bioelectronics,https://doi.org/10.1016/j.device.2024.100401,2024,19,Device
W4384914661,Organic–inorganic hybrid perovskite materials and their application in transistors,https://doi.org/10.1039/d3qm00697b,2023,27,Materials Chemistry Frontiers
W3028016103,State dependence and temporal evolution of resistance in projected phase change memory,https://doi.org/10.1038/s41598-020-64826-3,2020,22,Scientific Reports
W4386830854,Ultra-low power neuromorphic obstacle detection using a two-dimensional materials-based subthreshold transistor,https://doi.org/10.1038/s41699-023-00422-z,2023,18,npj 2D Materials and Applications
W4328137208,Stable in-vivo electrochemical sensing of tonic serotonin levels using PEDOT/CNT-coated glassy carbon flexible microelectrode arrays.,https://doi.org/10.1016/j.bios.2023.115242,2023,46,Biosensors and Bioelectronics
W4405191957,Ga2O3-Based Optoelectronic Memristor and Memcapacitor Synapse for In-Memory Sensing and Computing Applications,https://doi.org/10.3390/nano14231972,2024,18,Nanomaterials
W4288084836,New ternary inverter with memory function using silicon feedback field-effect transistors,https://doi.org/10.1038/s41598-022-17035-z,2022,14,Scientific Reports
W4383499707,Peripheral nerves directly mediate the transneuronal translocation of silver nanomaterials from the gut to central nervous system,https://doi.org/10.1126/sciadv.adg2252,2023,38,Science Advances
W4296741719,Recent Advances in Flexible Resistive Random Access Memory,https://doi.org/10.3390/asi5050091,2022,14,Applied System Innovation
W4309263628,Experimental and Modeling Study of Metal–Insulator Interfaces to Control the Electronic Transport in Single Nanowire Memristive Devices,https://doi.org/10.1021/acsami.2c11022,2022,12,ACS Applied Materials & Interfaces
W4323924910,Urinary exosomal microRNAs as predictive biomarkers for persistent psychotic-like experiences,https://doi.org/10.1038/s41537-023-00340-5,2023,17,Schizophrenia
W4385347117,Nanostructured Vanadium Dioxide Materials for Optical Sensing Applications,https://doi.org/10.3390/s23156715,2023,19,Sensors
W4280605391,"The century-old picture of a nerve spike is wrong: filaments fire, before membrane",https://doi.org/10.1080/19420889.2022.2071101,2022,14,Communicative & Integrative Biology
W4404500211,Advances in Metal Halide Perovskite Memristors: A Review from a Co‐Design Perspective,https://doi.org/10.1002/advs.202409291,2024,41,Advanced Science
W4361009099,Research Process of Carbon Dots in Memristors,https://doi.org/10.1002/aelm.202201195,2023,22,Advanced Electronic Materials
W4360615485,Recent Progress and Perspectives on Neural Chip Platforms Integrating PDMS-Based Microfluidic Devices and Microelectrode Arrays,https://doi.org/10.3390/mi14040709,2023,18,Micromachines
W4320713287,Back-End-of-Line-Compatible Fin-Gate ZnO Ferroelectric Field-Effect Transistors,https://doi.org/10.1109/ted.2023.3242852,2023,20,IEEE Transactions on Electron Devices
W4364379184,Review on Resistive Switching Devices Based on Multiferroic BiFeO3,https://doi.org/10.3390/nano13081325,2023,23,Nanomaterials
W4323364574,Ferroelectric Hf0.5Zr0.5O2-gated synaptic transistors with large conductance dynamic range and multilevel states,https://doi.org/10.1007/s40843-022-2359-6,2023,14,Science China Materials
W3093159007,Generation of Pure OAM Beams with a Single State of Polarization by Antenna-Decorated Microdisk Resonators,https://doi.org/10.1021/acsphotonics.0c01081,2020,31,ACS Photonics
W4398146880,A reversible implantable memristor for health monitoring applications,https://doi.org/10.1016/j.mtbio.2024.101096,2024,21,Materials Today Bio
W4311678012,Operating region-dependent characteristics of weight updates in synaptic In–Ga–Zn–O thin-film transistors,https://doi.org/10.1038/s41598-022-26123-z,2022,14,Scientific Reports
W4205965801,Recent Advances in Chemical Sensors for Soil Analysis: A Review,https://doi.org/10.3390/chemosensors10010035,2022,119,Chemosensors
W4406477905,Exploring quantum materials and applications: a review,https://doi.org/10.1186/s40712-024-00202-7,2025,33,Journal of Materials Science Materials in Engineering
W4383535174,Biomimetic Flexible Sensors and Their Applications in Human Health Detection,https://doi.org/10.3390/biomimetics8030293,2023,21,Biomimetics
W4285027404,Overview of Memristor-Based Neural Network Design and Applications,https://doi.org/10.3389/fphy.2022.839243,2022,35,Frontiers in Physics
W4388895537,Plasmonics for neuroengineering,https://doi.org/10.1038/s43246-023-00429-5,2023,22,Communications Materials
W4392467172,Laser Technology for Perovskite: Fabrication and Applications,https://doi.org/10.1002/admt.202302033,2024,33,Advanced Materials Technologies
W4386056884,Recent advancements in non-enzymatic electrochemical sensor development for the detection of organophosphorus pesticides in food and environment,https://doi.org/10.1016/j.heliyon.2023.e19299,2023,39,Heliyon
W3016070854,"Microbial acetylcholinesterase inhibitors for Alzheimer’s therapy: recent trends on extraction, detection, irradiation-assisted production improvement and nano-structured drug delivery",https://doi.org/10.1007/s00253-020-10560-9,2020,40,Applied Microbiology and Biotechnology
W3167867709,Carrier-capture-assisted optoelectronics based on van der Waals materials to imitate medicine-acting metaplasticity,https://doi.org/10.1038/s41699-021-00241-0,2021,14,npj 2D Materials and Applications
W3213577936,Vertical organic transistors with short channels for multifunctional optoelectronic devices,https://doi.org/10.1039/d1tc05055a,2021,21,Journal of Materials Chemistry C
W3032089875,Vacancy-induced resistive switching and synaptic behavior in flexible BST@Cf memristor crossbars,https://doi.org/10.1016/j.ceramint.2020.05.262,2020,12,Ceramics International
W4399773773,Investigation of the transient photo-response and switching window of an Al/indigo/Al device: unveiling negative photoconductivity and the photo-enhanced memory window,https://doi.org/10.1039/d4ma00302k,2024,11,Materials Advances
W4401933904,Recent Advances of Stretchable Nanomaterial-Based Hydrogels for Wearable Sensors and Electrophysiological Signals Monitoring,https://doi.org/10.3390/nano14171398,2024,31,Nanomaterials
W3176979027,Neural network-crow search model for the prediction of functional properties of nano TiO2 coated cotton composites,https://doi.org/10.1038/s41598-021-93108-9,2021,29,Scientific Reports
W4387568489,High‐Hole‐Mobility Fiber Organic Electrochemical Transistors for Next‐Generation Adaptive Neuromorphic Bio‐Hybrid Technologies,https://doi.org/10.1002/adma.202305371,2023,28,Advanced Materials
W4399029753,"Understanding the Resistive Switching Behaviors of Top Electrode (Au, Cu, and Al)-Dependent TiO<sub>2</sub>-Based Memristive Devices",https://doi.org/10.1021/acsomega.4c00320,2024,15,ACS Omega
W4387439890,A scalable solution recipe for a Ag-based neuromorphic device,https://doi.org/10.1186/s11671-023-03906-5,2023,9,Discover Nano
W4405828408,Soft Artificial Synapse Electronics,https://doi.org/10.34133/research.0582,2024,11,Research
W4200044291,Rapid Fluorescence Lifetime Imaging Reveals That TRPV4 Channels Promote Dysregulation of Neuronal Na<sup>+</sup>in Ischemia,https://doi.org/10.1523/jneurosci.0819-21.2021,2021,38,Journal of Neuroscience
W4283396059,Recent Technical Advances in Sample Preparation for Single-Particle Cryo-EM,https://doi.org/10.3389/fmolb.2022.892459,2022,33,Frontiers in Molecular Biosciences
W4403625180,Evidence for π-Shifted Cooper Quartets and Few-Mode Transport in PbTe Nanowire Three-Terminal Josephson Junctions,https://doi.org/10.1021/acs.nanolett.4c02414,2024,13,Nano Letters
W4399304513,Miniaturized Electrochemical Sensing Platforms for Quantitative Monitoring of Glutamate Dynamics in the Central Nervous System,https://doi.org/10.1002/anie.202406867,2024,23,Angewandte Chemie International Edition
W4402862057,Introductory Review of Soft Implantable Bioelectronics Using Conductive and Functional Hydrogels and Hydrogel Nanocomposites,https://doi.org/10.3390/gels10100614,2024,23,Gels
W4413241168,Advances and perspectives in fiber-based electronic devices for next-generation soft systems,https://doi.org/10.1038/s41528-025-00465-w,2025,28,npj Flexible Electronics
W4399212192,Synapses based on lead-free perovskite in artificial intelligence,https://doi.org/10.1016/j.matt.2024.05.001,2024,16,Matter
W4400082752,Two-dimensional material-based memristive devices for alternative computing,https://doi.org/10.1186/s40580-024-00432-7,2024,24,Nano Convergence
W4393239787,Graphene oxide–DNA/graphene oxide–PDDA sandwiched membranes with neuromorphic function,https://doi.org/10.1039/d3nh00570d,2024,14,Nanoscale Horizons
W4399118682,Toward Practical Single‐Molecule/Atom Switches,https://doi.org/10.1002/advs.202400877,2024,49,Advanced Science
W4405456558,"Brain-like hardware, do we need it?",https://doi.org/10.3389/fnins.2024.1465789,2024,9,Frontiers in Neuroscience
W4388945055,"Recent Uses of Lipid Nanoparticles, Cell-Penetrating and Bioactive Peptides for the Development of Brain-Targeted Nanomedicines against Neurodegenerative Disorders",https://doi.org/10.3390/nano13233004,2023,47,Nanomaterials
W4294613138,An ab initio study on resistance switching in hexagonal boron nitride,https://doi.org/10.1038/s41699-022-00340-6,2022,28,npj 2D Materials and Applications
W4210858261,Exponential Escape Rate of Filamentary Incubation in Mott Spiking Neurons,https://doi.org/10.1103/physrevapplied.17.024028,2022,33,Physical Review Applied
W4411259639,Fully screen-printed paper-based ZnO synaptic transistor arrays for visual perception and neuromorphic computing,https://doi.org/10.1038/s41528-025-00425-4,2025,11,npj Flexible Electronics
W4385758403,From Enzymatic Dopamine Biosensors to OECT Biosensors of Dopamine,https://doi.org/10.3390/bios13080806,2023,33,Biosensors
W3036893429,A Single-Neuron: Current Trends and Future Prospects,https://doi.org/10.3390/cells9061528,2020,48,Cells
W3217414476,Ultrastructural Analysis of Neuroimplant-Parenchyma Interfaces Uncover Remarkable Neuroregeneration Along-With Barriers That Limit the Implant Electrophysiological Functions,https://doi.org/10.3389/fnins.2021.764448,2021,11,Frontiers in Neuroscience
W3095231557,Multiplicity of α-Synuclein Aggregated Species and Their Possible Roles in Disease,https://doi.org/10.3390/ijms21218043,2020,55,International Journal of Molecular Sciences
W4387825804,Artificial synaptic characteristics of PVA:ZnO nanocomposite memristive devices,https://doi.org/10.1063/5.0165205,2023,8,APL Materials
W3211823426,Concepts and Application of DNA Origami and DNA Self-Assembly: A Systematic Review,https://doi.org/10.1155/2021/9112407,2021,27,Applied Bionics and Biomechanics
W4224271815,"Back-End, CMOS-Compatible Ferroelectric FinFET for Synaptic Weights",https://doi.org/10.3389/femat.2022.849879,2022,11,Frontiers in Electronic Materials
W4397002470,Dynamic Manipulation of Chiral Domain Wall Spacing for Advanced Spintronic Memory and Logic Devices,https://doi.org/10.1021/acsnano.4c02024,2024,12,ACS Nano
W4412612567,2D computational photodetectors enabling multidimensional optical information perception,https://doi.org/10.1038/s41467-025-61924-6,2025,19,Nature Communications
W4381952333,Aggregation structure and glass transition of intrinsically stretchable semiconducting polymers,https://doi.org/10.1016/j.matt.2023.05.042,2023,37,Matter
W3006971738,Advanced Near‐Infrared Light for Monitoring and Modulating the Spatiotemporal Dynamics of Cell Functions in Living Systems,https://doi.org/10.1002/advs.201903783,2020,194,Advanced Science
W4213262456,Stochastic Resonance in Organic Electronic Devices,https://doi.org/10.3390/polym14040747,2022,10,Polymers
W4281562044,Monolithic In2Se3–In2O3 heterojunction for multibit non-volatile memory and logic operations using optoelectronic inputs,https://doi.org/10.1038/s41699-022-00309-5,2022,15,npj 2D Materials and Applications
W4390740051,Selenium Nanoparticles in Protecting the Brain from Stroke: Possible Signaling and Metabolic Mechanisms,https://doi.org/10.3390/nano14020160,2024,32,Nanomaterials
W4400921536,Synaptic plasticity in zinc oxide-based flexible invisible transparent memristor by modulating oxygen concentration,https://doi.org/10.1063/5.0214225,2024,13,Journal of Applied Physics
W4214758002,New Era of Electroceuticals: Clinically Driven Smart Implantable Electronic Devices Moving towards Precision Therapy,https://doi.org/10.3390/mi13020161,2022,27,Micromachines
W4367051501,Position-reconfigurable pinning for magnetic domain wall motion,https://doi.org/10.1038/s41598-023-34040-y,2023,9,Scientific Reports
W4395673593,Reconfigurable memlogic long wave infrared sensing with superconductors,https://doi.org/10.1038/s41377-024-01424-2,2024,11,Light Science & Applications
W3133659747,Polystyrene Nanopillars with Inbuilt Carbon Nanotubes Enable Synaptic Modulation and Stimulation in Interfaced Neuronal Networks,https://doi.org/10.1002/admi.202002121,2021,16,Advanced Materials Interfaces
W3137901703,Advances in the development paradigm of biosample‐based biosensors for early ultrasensitive detection of alzheimer’s disease,https://doi.org/10.1186/s12951-021-00814-7,2021,50,Journal of Nanobiotechnology
W4309471931,Modulating cell signalling in vivo with magnetic nanotransducers,https://doi.org/10.1038/s43586-022-00170-2,2022,38,Nature Reviews Methods Primers
W3009652413,Developing Conductive Highly Ordered Zinc Oxide Nanorods by Acetylacetonate-Assisted Growth,https://doi.org/10.3390/ma13051136,2020,13,Materials
W4400066191,Advances in electroactive biomaterials: Through the lens of electrical stimulation promoting bone regeneration strategy,https://doi.org/10.1016/j.jot.2024.06.009,2024,53,Journal of Orthopaedic Translation
W4392018187,Hybrid chips to enable a sustainable internet of things technology: opportunities and challenges,https://doi.org/10.1007/s43939-024-00074-w,2024,70,Discover Materials
W4385541643,Electric Double Layer Based Epidermal Electronics for Healthcare and Human-Machine Interface,https://doi.org/10.3390/bios13080787,2023,18,Biosensors
W4377563879,Multi-Terminal Nonwoven Stochastic Memristive Devices Based on Polyamide-6 and Polyaniline for Neuromorphic Computing,https://doi.org/10.3390/biomimetics8020189,2023,15,Biomimetics
W3127193468,Noise Tailoring in Memristive Filaments,https://doi.org/10.1021/acsami.0c21156,2021,28,ACS Applied Materials & Interfaces
W3165760699,Nanotechnology Facilitated Cultured Neuronal Network and Its Applications,https://doi.org/10.3390/ijms22115552,2021,8,International Journal of Molecular Sciences
W4410198092,CMOS-integrated organic neuromorphic imagers for high-resolution dual-modal imaging,https://doi.org/10.1038/s41467-025-59446-2,2025,14,Nature Communications
W3204322107,SPICE Simulation of RRAM-Based Cross-Point Arrays Using the Dynamic Memdiode Model,https://doi.org/10.3389/fphy.2021.735021,2021,14,Frontiers in Physics
W4408101895,Extracellular vesicles: new horizons in neurodegeneration,https://doi.org/10.1016/j.ebiom.2025.105605,2025,33,EBioMedicine
W4319811786,Mesoporous silica nanoparticles: Their potential as drug delivery carriers and nanoscavengers in Alzheimer's and Parkinson's diseases,https://doi.org/10.1016/j.jsps.2023.01.009,2023,41,Saudi Pharmaceutical Journal
W4220969600,"Small but Mighty—Exosomes, Novel Intercellular Messengers in Neurodegeneration",https://doi.org/10.3390/biology11030413,2022,38,Biology
W4393564527,<i>In Situ</i> TEM Investigation of Thermally Induced Modifications of Cluster-Assembled Gold Films Undergoing Resistive Switching: Implications for Nanostructured Neuromorphic Devices,https://doi.org/10.1021/acsanm.3c06261,2024,17,ACS Applied Nano Materials
W4411094334,Design Strategies and Emerging Applications of Perovskite‐Based Sensors,https://doi.org/10.1002/smm2.70022,2025,26,SmartMat
W4292299166,Recent progresses in novel in vitro models of primary neurons: A biomaterial perspective,https://doi.org/10.3389/fbioe.2022.953031,2022,22,Frontiers in Bioengineering and Biotechnology
W4395032441,Exploring Present and Future Directions in Nano-Enhanced Optoelectronic Neuromodulation,https://doi.org/10.1021/acs.accounts.4c00086,2024,19,Accounts of Chemical Research
W4401809424,The rise of electrically tunable metasurfaces,https://doi.org/10.1126/sciadv.ado8964,2024,84,Science Advances
W4317831441,A stretchable and reconfigurable synaptic transistor,https://doi.org/10.1002/smm2.1179,2023,12,SmartMat
W4407456821,Biomolecule sensors based on organic electrochemical transistors,https://doi.org/10.1038/s41528-025-00383-x,2025,55,npj Flexible Electronics
W4400079444,"Targeting Microglia in Neuroinflammation: H3 Receptor Antagonists as a Novel Therapeutic Approach for Alzheimer’s Disease, Parkinson’s Disease, and Autism Spectrum Disorder",https://doi.org/10.3390/ph17070831,2024,25,Pharmaceuticals
W4280536703,Tunable superconducting neurons for networks based on radial basis functions,https://doi.org/10.3762/bjnano.13.37,2022,29,Beilstein Journal of Nanotechnology
W3106606518,Cellulose Composites with Graphene for Tissue Engineering Applications,https://doi.org/10.3390/ma13235347,2020,68,Materials
W3034978418,On the Interaction between 1D Materials and Living Cells,https://doi.org/10.3390/jfb11020040,2020,14,Journal of Functional Biomaterials
W4225141058,Biomaterials to enhance stem cell transplantation,https://doi.org/10.1016/j.stem.2022.04.002,2022,152,Cell stem cell
W4389237622,Mechanisms and applications of neuromorphic sensors for intelligent visual perception,https://doi.org/10.1007/s40843-023-2655-0,2023,12,Science China Materials
W4390822623,Synergizing Machine Learning Algorithm with Triboelectric Nanogenerators for Advanced Self-Powered Sensing Systems,https://doi.org/10.3390/nano14020165,2024,34,Nanomaterials
W4391993154,A hybrid transistor with transcriptionally controlled computation and plasticity,https://doi.org/10.1038/s41467-024-45759-1,2024,21,Nature Communications
W4400481686,Computational elements based on coupled VO2 oscillators via tunable thermal triggering,https://doi.org/10.1038/s41467-024-49925-3,2024,12,Nature Communications
W3088494419,Enhancing Short-Term Plasticity by Inserting a Thin TiO2 Layer in WOx-Based Resistive Switching Memory,https://doi.org/10.3390/coatings10090908,2020,13,Coatings
W4206653550,Solid-Ionic Memory in a van der Waals Heterostructure,https://doi.org/10.1021/acsnano.1c05841,2022,16,ACS Nano
W3182377452,An active dendritic tree can mitigate fan-in limitations in superconducting neurons,https://doi.org/10.1063/5.0077142,2021,12,Applied Physics Letters
W3121214141,Graphene glial-interfaces: challenges and perspectives,https://doi.org/10.1039/d0nr07824g,2021,31,Nanoscale
W3187971136,Advancement in Nanostructure-Based Tissue-Engineered Biomaterials for Retinal Degenerative Diseases,https://doi.org/10.3390/biomedicines9081005,2021,16,Biomedicines
W4399042565,Progress in Spin Logic Devices Based on Domain-Wall Motion,https://doi.org/10.3390/mi15060696,2024,11,Micromachines
W4317569323,A comprehensive deep learning method for empirical spectral prediction and its quantitative validation of nano-structured dimers,https://doi.org/10.1038/s41598-023-28076-3,2023,31,Scientific Reports
W3214900078,Low-Power Adaptive Integrate-and-Fire Neuron Circuit Using Positive Feedback FET Co-Integrated With CMOS,https://doi.org/10.1109/access.2021.3131743,2021,12,IEEE Access
W4393161793,Design and Performance Assessment of a Label- free Biosensor utilizing a Novel TFET Configuration,https://doi.org/10.29292/jics.v19i1.784,2024,14,Journal of Integrated Circuits and Systems
W4405483957,Light-Mediated Multilevel Neuromorphic Switching in a Hybrid Organic–Inorganic Memristor,https://doi.org/10.1021/acsomega.4c09401,2024,8,ACS Omega
W3137375269,Emulating Artificial Synaptic Plasticity Characteristics from SiO2-Based Conductive Bridge Memories with Pt Nanoparticles,https://doi.org/10.3390/mi12030306,2021,16,Micromachines
W4290852310,Distributed interfacing by nanoscale photodiodes enables single-neuron light activation and sensory enhancement in 3D spinal explants,https://doi.org/10.1126/sciadv.abp9257,2022,13,Science Advances
W4408026191,Mg‐doped α‐Ga<sub>2</sub>O<sub>3</sub> Nanorods for the Construction of Photoelectrochemical‐Type Self‐Powered Solar Blind UV Photodetectors and Underwater Imaging Application,https://doi.org/10.1002/advs.202413074,2025,28,Advanced Science
W4226441478,Mnemonic-opto-synaptic transistor for in-sensor vision system,https://doi.org/10.1038/s41598-022-05944-y,2022,8,Scientific Reports
W3159081599,Hybrid Memristor–CMOS Implementation of Combinational Logic Based on X-MRL,https://doi.org/10.3390/electronics10091018,2021,24,Electronics
W4376275353,Triboelectric Nanogenerators Based on 2D Materials: From Materials and Devices to Applications,https://doi.org/10.3390/mi14051043,2023,43,Micromachines
W4403766855,Site-Selective Nanowire Synthesis and Fabrication of Printed Memristor Arrays with Ultralow Switching Voltages on Flexible Substrate,https://doi.org/10.1021/acsami.4c07172,2024,10,ACS Applied Materials & Interfaces
W3019987750,"Synchronous, Crosstalk-free Correlative AFM and Confocal Microscopies/Spectroscopies",https://doi.org/10.1038/s41598-020-62529-3,2020,22,Scientific Reports
W4376875082,Cross-shape reconfigurable field effect transistor for flexible signal routing,https://doi.org/10.1016/j.mtelec.2023.100040,2023,9,Materials Today Electronics
W3195294457,Advances in materials and devices for mimicking sensory adaptation,https://doi.org/10.1039/d1mh01111a,2021,31,Materials Horizons
W3107460517,"Nanoscale Patterning of Carbon Nanotubes: Techniques, Applications, and Future",https://doi.org/10.1002/advs.202001778,2020,94,Advanced Science
W4388451721,Recent advancements in implantable neural links based on organic synaptic transistors,https://doi.org/10.1002/exp.20220150,2023,21,Exploration
W4396934921,Biomimetic bone-periosteum scaffold for spatiotemporal regulated innervated bone regeneration and therapy of osteosarcoma,https://doi.org/10.1186/s12951-024-02430-7,2024,48,Journal of Nanobiotechnology
W4386979871,"Understanding exosomes: Part 1—Characterization, quantification and isolation techniques",https://doi.org/10.1111/prd.12520,2023,73,Periodontology 2000
W3196284517,Emerging Artificial Neuron Devices for Probabilistic Computing,https://doi.org/10.3389/fnins.2021.717947,2021,22,Frontiers in Neuroscience
W4321021021,Spintronic Heterostructures for Artificial Intelligence: A Materials Perspective,https://doi.org/10.1002/pssr.202200493,2023,17,physica status solidi (RRL) - Rapid Research Letters
W4368342586,Highly cyclable voltage control of magnetism in cobalt ferrite nanopillars for memory and neuromorphic applications,https://doi.org/10.1063/5.0147665,2023,12,APL Materials
W4403532948,Network of artificial olfactory receptors for spatiotemporal monitoring of toxic gas,https://doi.org/10.1126/sciadv.adr2659,2024,14,Science Advances
W3002071151,The antioxidant and neuroprotective effects of Zolpidem on acrylamide-induced neurotoxicity using Wistar rat primary neuronal cortical culture,https://doi.org/10.1016/j.toxrep.2020.01.010,2020,23,Toxicology Reports
W4392285161,"Advances in growth, doping, and devices and applications of zinc oxide",https://doi.org/10.1116/6.0003171,2024,29,Journal of Vacuum Science & Technology A Vacuum Surfaces and Films
W4307026350,TEGylated Double-Walled Carbon Nanotubes as Platforms to Engineer Neuronal Networks,https://doi.org/10.1021/acsami.2c16808,2022,18,ACS Applied Materials & Interfaces
W4387299436,Effect of oxygen vacancy and Si doping on the electrical properties of Ta2O5 in memristor characteristics,https://doi.org/10.1038/s41598-023-43888-z,2023,24,Scientific Reports
W4281726447,"Exosomal Composition, Biogenesis and Profiling Using Point-of-Care Diagnostics—Implications for Cardiovascular Disease",https://doi.org/10.3389/fcell.2022.853451,2022,52,Frontiers in Cell and Developmental Biology
W4392295676,Emerging roles of nerve‐bone axis in modulating skeletal system,https://doi.org/10.1002/med.22031,2024,51,Medicinal Research Reviews
W4308507326,WS2 Nanorod as a Remarkable Acetone Sensor for Monitoring Work/Public Places,https://doi.org/10.3390/s22228609,2022,18,Sensors
W3129205889,Optimizing Calcium Detection Methods in Animal Systems: A Sandbox for Synthetic Biology,https://doi.org/10.3390/biom11030343,2021,31,Biomolecules
W4386807500,Recent progress of hafnium oxide-based ferroelectric devices for advanced circuit applications,https://doi.org/10.1007/s11432-023-3780-7,2023,21,Science China Information Sciences
W4410409920,Synaptic Plasticity and Memory Retention in ZnO–CNT Nanocomposite Optoelectronic Synaptic Devices,https://doi.org/10.3390/ma18102293,2025,11,Materials
W4401057358,Physical neural networks with self-learning capabilities,https://doi.org/10.1007/s11433-024-2403-x,2024,9,Science China Physics Mechanics and Astronomy
W3068900602,&lt;p&gt;Short Communication: An Updated Design to Implement Artificial Neuron Synaptic Behaviors in One Device with a Control Gate&lt;/p&gt;,https://doi.org/10.2147/ijn.s223651,2020,8,International Journal of Nanomedicine
W4400438649,Volatile tin oxide memristor for neuromorphic computing,https://doi.org/10.1016/j.isci.2024.110479,2024,13,iScience
W4390916690,A Low‐Toxic Colloidal Quantum Dots Sensitized IGZO Phototransistor Array for Neuromorphic Vision Sensors,https://doi.org/10.1002/adom.202302451,2024,18,Advanced Optical Materials
W4379537298,Generic dynamic molecular devices by quantitative non-steady-state proton/water-coupled electron transport kinetics,https://doi.org/10.1073/pnas.2304506120,2023,13,Proceedings of the National Academy of Sciences
W3127655755,Information and Communication Theoretical Understanding and Treatment of Spinal Cord Injuries: State-of-the-art and Research Challenges,,2021,13,"White Rose Research Online (University of Leeds, The University of Sheffield, University of York)"
W4393148535,Emerging ferroelectric materials ScAlN: applications and prospects in memristors,https://doi.org/10.1039/d3mh01942j,2024,16,Materials Horizons
W4226203193,Structural basis for the mechanisms of human presequence protease conformational switch and substrate recognition,https://doi.org/10.1038/s41467-022-29322-4,2022,21,Nature Communications
W4361986678,Enhancing memristor fundamentals through instrumental characterization and understanding reliability issues,https://doi.org/10.1039/d3ma00069a,2023,45,Materials Advances
W4404063102,Meta-structure of amorphous-inspired 65.1Co28.2Cr5.3Mo lattices augmented by artificial intelligence,https://doi.org/10.1007/s42114-024-01039-6,2024,28,Advanced Composites and Hybrid Materials
W3202012849,Detecting subtle yet fast skeletal muscle contractions with ultrasoft and durable graphene-based cellular materials,https://doi.org/10.1093/nsr/nwab184,2021,13,National Science Review
W4386590673,Advances in micro-nano biosensing platforms for intracellular electrophysiology,https://doi.org/10.1631/jzus.a2300267,2023,7,Journal of Zhejiang University. Science A
W4393254795,A Self-Powered Lactate Sensor Based on the Piezoelectric Effect for Assessing Tumor Development,https://doi.org/10.3390/s24072161,2024,11,Sensors
W4379471030,Far-field super-resolution chemical microscopy,https://doi.org/10.1038/s41377-023-01182-7,2023,27,Light Science & Applications
W3111367661,IR-QNN Framework: An IR Drop-Aware Offline Training of Quantized Crossbar Arrays,https://doi.org/10.1109/access.2020.3044652,2020,31,IEEE Access
W4298314925,Advances in Photoelectric Detection Units for Imaging Based on Perovskite Materials,https://doi.org/10.1002/lpor.202100713,2022,38,Laser & Photonics Review
W4290990041,A distributed nanocluster based multi-agent evolutionary network,https://doi.org/10.1038/s41467-022-32497-5,2022,12,Nature Communications
W4390897274,Geometrical properties of 3D crossed nanowire networks,https://doi.org/10.48550/arxiv.2401.06158,2023,0,arXiv (Cornell University)
W3022859098,Autaptic Cultures: Methods and Applications,https://doi.org/10.3389/fnsyn.2020.00018,2020,17,Frontiers in Synaptic Neuroscience
W4401464586,Performance Limits and Advancements in Single 2D Transition Metal Dichalcogenide Transistor,https://doi.org/10.1007/s40820-024-01461-x,2024,50,Nano-Micro Letters
W4206619126,Red Light Optogenetics in Neuroscience,https://doi.org/10.3389/fncel.2021.778900,2022,67,Frontiers in Cellular Neuroscience
W4387939577,From conductor to semiconductor: Diameter tuning of electrospun ITO nanowire for low-cost electronics,https://doi.org/10.1007/s40843-023-2596-1,2023,7,Science China Materials
W4386224099,Leakage function in magnetic domain wall based artificial neuron using stray field,https://doi.org/10.1063/5.0166419,2023,8,Applied Physics Letters
W4379114965,Effects of the voltage ramp rate on the conduction characteristics of HfO<sub>2</sub>-based resistive switching devices,https://doi.org/10.1088/1361-6463/acdae0,2023,13,Journal of Physics D Applied Physics
W4387037164,Device design principles and bioelectronic applications for flexible organic electrochemical transistors,https://doi.org/10.1088/2631-7990/acfd69,2023,29,International Journal of Extreme Manufacturing
W4365479884,Roadmap of spin-orbit torques,https://doi.org/10.48550/arxiv.2104.11459,2021,33,PubMed
W3198366221,Novel Trends in Electrochemical Biosensors for Early Diagnosis of Alzheimer’s Disease,https://doi.org/10.1155/2021/9984876,2021,24,International Journal of Analytical Chemistry
W4392622729,Drift of Schottky Barrier Height in Phase Change Materials,https://doi.org/10.1021/acsnano.3c11019,2024,13,ACS Nano
W4288041706,Electrodeposited Magnetic Nanowires with Radial Modulation of Composition,https://doi.org/10.3390/nano12152565,2022,9,Nanomaterials
W3205282343,Ferroelectric-Like Non-Volatile FET With Amorphous Gate Insulator for Supervised Learning Applications,https://doi.org/10.1109/jeds.2021.3120924,2021,10,IEEE Journal of the Electron Devices Society
W4412509235,Advances in MXene‐Based Electronics via Surface and Structural Redesigning and Beyond,https://doi.org/10.1002/aelm.202500321,2025,24,Advanced Electronic Materials
W4200287153,Mapping the BCPNN Learning Rule to a Memristor Model,https://doi.org/10.3389/fnins.2021.750458,2021,13,Frontiers in Neuroscience
W4383877150,Self-Organized Memristive Ensembles of Nanoparticles Below the Percolation Threshold: Switching Dynamics and Phase Field Description,https://doi.org/10.3390/nano13142039,2023,9,Nanomaterials
W4317725731,Study of Nitrogen-Doped Carbon Nanotubes for Creation of Piezoelectric Nanogenerator,https://doi.org/10.3390/jlpea13010011,2023,11,Journal of Low Power Electronics and Applications
W3180545856,Nanogenerator-based self-powered sensors for data collection,https://doi.org/10.3762/bjnano.12.54,2021,27,Beilstein Journal of Nanotechnology
W3203504785,Influence of Implantation Depth on the Performance of Intracortical Probe Recording Sites,https://doi.org/10.3390/mi12101158,2021,21,Micromachines
W4403467498,Organic Electrochemical Transistors: From Lithography to Large‐Scale Printing,https://doi.org/10.1002/aelm.202400474,2024,18,Advanced Electronic Materials
W3202181906,Therapeutic Potential and Main Methods of Obtaining Selenium Nanoparticles,https://doi.org/10.3390/ijms221910808,2021,85,International Journal of Molecular Sciences
W4394619343,Self-assembly of stabilized droplets from liquid–liquid phase separation for higher-order structures and functions,https://doi.org/10.1038/s42004-024-01168-5,2024,54,Communications Chemistry
W4292370349,Common methods in mitochondrial research (Review),https://doi.org/10.3892/ijmm.2022.5182,2022,47,International Journal of Molecular Medicine
W4411885773,Experimental demonstration of third-order memristor-based artificial sensory nervous system for neuro-inspired robotics,https://doi.org/10.1038/s41467-025-60818-x,2025,11,Nature Communications
W4289781088,Functionalization strategies of polymeric nanoparticles for drug delivery in Alzheimer’s disease: Current trends and future perspectives,https://doi.org/10.3389/fnins.2022.939855,2022,64,Frontiers in Neuroscience
W4381512173,Recent Advances and Opportunities in Low‐Dimensional Layered Perovskites for Emergent Applications beyond Photovoltaics,https://doi.org/10.1002/admt.202300400,2023,39,Advanced Materials Technologies
W4390886684,"Spike rate dependent synaptic characteristics in lamellar, multilayered alpha-MoO <sub>3</sub> based two-terminal devices – efficient way to control the synaptic amplification",https://doi.org/10.1039/d3ra07757h,2024,9,RSC Advances
W4376849814,Effective Current-Driven Memory Operations for Low-Power ReRAM Applications,https://doi.org/10.1109/access.2023.3276825,2023,10,IEEE Access
W4387116219,Digital image processing realized by memristor-based technologies,https://doi.org/10.1186/s11671-023-03901-w,2023,14,Discover Nano
W4321495739,Femtosecond Laser-Induced Nano-Joining of Volatile Tellurium Nanotube Memristor,https://doi.org/10.3390/nano13050789,2023,8,Nanomaterials
W4411917402,Low Energy Consumption Photoelectric Memristors with Multi-Level Linear Conductance Modulation in Artificial Visual Systems Application,https://doi.org/10.1007/s40820-025-01816-y,2025,11,Nano-Micro Letters
W3134714044,Tissue Engineering Strategies for Retina Regeneration,https://doi.org/10.3390/app11052154,2021,43,Applied Sciences
W4280605047,Bioelectric Potential in Next-Generation Organoids: Electrical Stimulation to Enhance 3D Structures of the Central Nervous System,https://doi.org/10.3389/fcell.2022.901652,2022,46,Frontiers in Cell and Developmental Biology
W4395466884,3D integration of 2D electronics,https://doi.org/10.1038/s44287-024-00038-5,2024,95,Nature Reviews Electrical Engineering
W4389681725,Advances in Multi‐Terminal Transistors as Reconfigurable Interconnections for Neuromorphic Sensing and Processing,https://doi.org/10.1002/aelm.202300540,2023,20,Advanced Electronic Materials
W4324030725,Molecularly imprinted polymers for the recognition of biomarkers of certain neurodegenerative diseases,https://doi.org/10.1016/j.jpba.2023.115343,2023,50,Journal of Pharmaceutical and Biomedical Analysis
W4365138013,"Multifunctional ZnO nanostructures: a next generation nanomedicine for cancer therapy, targeted drug delivery, bioimaging, and tissue regeneration",https://doi.org/10.1088/1361-6528/accc35,2023,29,Nanotechnology
W4388877145,Neuromorphic devices realised using self-forming hierarchical Al and Ag nanostructures: towards energy-efficient and wide ranging synaptic plasticity,https://doi.org/10.1039/d3mh01367g,2023,13,Materials Horizons
W4402821212,Enhancing Long-Term Memory in Carbon-Nanotube-Based Optoelectronic Synaptic Devices for Neuromorphic Computing,https://doi.org/10.3390/nano14181501,2024,17,Nanomaterials
W4400589204,WS<sub>2</sub> Nanotube Transistor for Photodetection and Optoelectronic Memory Applications,https://doi.org/10.1002/smll.202403965,2024,24,Small
W4412365330,"Multifunctional Chiral Halide Perovskites: Advancing Chiro‐Optics, Chiro‐Optoelectronics, and Spintronics",https://doi.org/10.1002/advs.202509155,2025,16,Advanced Science
W4408467080,Single-fluorogen imaging reveals distinct environmental and structural features of biomolecular condensates,https://doi.org/10.1038/s41567-025-02827-7,2025,37,Nature Physics
W4320492272,Metal doped polyaniline as neuromorphic circuit elements for in-materia computing,https://doi.org/10.1080/14686996.2023.2178815,2023,11,Science and Technology of Advanced Materials
W4410333992,InGaZnO Optoelectronic Synaptic Transistor for Reservoir Computing and LSTM‐Based Prediction Model,https://doi.org/10.1002/adom.202500634,2025,14,Advanced Optical Materials
W4285726192,Dynamical stochastic simulation of complex electrical behavior in neuromorphic networks of metallic nanojunctions,https://doi.org/10.1038/s41598-022-15996-9,2022,8,Scientific Reports
W4305072347,Atomic-scale study on the dopant distribution in phosphorus and boron-doped Si nanocrystals/SiO2 multilayers,https://doi.org/10.1016/j.apsusc.2022.155260,2022,11,Applied Surface Science
W4378801788,Dielectrics for Two-Dimensional Transition-Metal Dichalcogenide Applications,https://doi.org/10.1021/acsnano.3c03455,2023,52,ACS Nano
W4402757233,Facile formation of van der Waals metal contact with III-nitride semiconductors,https://doi.org/10.1016/j.scib.2024.09.028,2024,11,Science Bulletin
W4401519891,Unique Coexistence of Two Resistive Switching Modes in a Memristor Device Enables Multifunctional Neuromorphic Computing Properties,https://doi.org/10.1021/acsami.4c07820,2024,13,ACS Applied Materials & Interfaces
W4376615135,Graphene-based cardiac sensors and actuators,https://doi.org/10.3389/fbioe.2023.1168667,2023,16,Frontiers in Bioengineering and Biotechnology
W3198125730,Information processing dynamics in neural networks of macaque cerebral cortex reflect cognitive state and behavior,https://doi.org/10.1101/2021.09.05.458983,2021,9,bioRxiv (Cold Spring Harbor Laboratory)
W4399868535,CNS cell-derived exosome signatures as blood-based biomarkers of neurodegenerative diseases,https://doi.org/10.3389/fnins.2024.1426700,2024,18,Frontiers in Neuroscience
W3165672605,Graphene-based 3D XNOR-VRRAM with ternary precision for neuromorphic computing,https://doi.org/10.1038/s41699-021-00236-x,2021,11,npj 2D Materials and Applications
W4307292466,"Large-scale, closed-loop interrogation of neural circuits underlying cognition",https://doi.org/10.1016/j.tins.2022.10.003,2022,23,Trends in Neurosciences
W4226360384,Four-Terminal Ferroelectric Schottky Barrier Field Effect Transistors as Artificial Synapses for Neuromorphic Applications,https://doi.org/10.1109/jeds.2022.3166449,2022,7,IEEE Journal of the Electron Devices Society
W4365513695,Organic thin-film transistors and related devices in life and health monitoring,https://doi.org/10.1007/s12274-023-5606-1,2023,11,Nano Research
W4379144898,A Brief Review on Flexible Electronics for IoT: Solutions for Sustainability and New Perspectives for Designers,https://doi.org/10.3390/s23115264,2023,42,Sensors
W3080790547,Low-Power Binary Neuron Circuit With Adjustable Threshold for Binary Neural Networks Using NAND Flash Memory,https://doi.org/10.1109/access.2020.3018226,2020,9,IEEE Access
W4223488563,Precise and Prompt Analyte Detection via Ordered Orientation of Receptor in WSe2-Based Field Effect Transistor,https://doi.org/10.3390/nano12081305,2022,17,Nanomaterials
W4404315858,Stable Millivolt Range Resistive Switching in Percolating Molybdenum Nanoparticle Networks,https://doi.org/10.1021/acsami.4c12051,2024,9,ACS Applied Materials & Interfaces
W4388840449,Emerging optoelectronic architectures in carbon nanotube photodetector technologies,https://doi.org/10.1016/j.fmre.2023.11.001,2023,9,Fundamental Research
W4320913809,Large-scale nano-biosensing technologies,https://doi.org/10.3389/fnano.2023.1127363,2023,9,Frontiers in Nanotechnology
W3138021489,All-Electrical Control of Scaled Spin Logic Devices Based on Domain Wall Motion,https://doi.org/10.1109/ted.2021.3061523,2021,11,IEEE Transactions on Electron Devices
W4402578064,Nanoionics enabled atomic point contact construction and quantum conductance effects,https://doi.org/10.1039/d4mh00916a,2024,8,Materials Horizons
W4293733547,Recent Progress on Triboelectric Nanogenerators for Vibration Energy Harvesting and Vibration Sensing,https://doi.org/10.3390/nano12172960,2022,99,Nanomaterials
W4399185899,Recent Advances in Smart Fabric-Type Wearable Electronics toward Comfortable Wearing,https://doi.org/10.3390/en17112627,2024,21,Energies
W4413950138,Recent Advances in Optoelectronic Synaptic Devices for Neuromorphic Computing,https://doi.org/10.3390/biomimetics10090584,2025,6,Biomimetics
W4388673744,The Multiple Realizability of Sentience in Living Systems and Beyond,https://doi.org/10.1523/eneuro.0375-23.2023,2023,18,eNeuro
W4404990591,Supra- and sub-threshold intracellular-like recording of 2D and 3D neuronal networks using nanopillar electrode arrays,https://doi.org/10.1038/s41378-024-00817-y,2024,10,Microsystems & Nanoengineering
W3093590247,Aspirin Eugenol Ester Attenuates Paraquat-Induced Hepatotoxicity by Inhibiting Oxidative Stress,https://doi.org/10.3389/fphys.2020.582801,2020,18,Frontiers in Physiology
W3138070740,Review of nanotheranostics for molecular mechanisms underlying psychiatric disorders and commensurate nanotherapeutics for neuropsychiatry: The mind knockout,https://doi.org/10.7150/ntno.49619,2021,16,Nanotheranostics
W4410779414,Alcohol‐sensitive <scp>MoS<sub>2</sub></scp> optoelectronic synapses for mimicking human‐like visual adaptation,https://doi.org/10.1002/inf2.70019,2025,10,InfoMat
W4211233340,High-Performance IGZO Nanowire-Based Field-Effect Transistors with Random-Network Channels by Electrospun PVP Nanofiber Template Transfer,https://doi.org/10.3390/polym14030651,2022,9,Polymers
W3183264943,Frugal discrete memristive device based on potassium permanganate solution,https://doi.org/10.1088/2053-1591/ac14fe,2021,7,Materials Research Express
W4377137017,High sensitivity and wide response range artificial synapse based on polyimide with embedded graphene quantum dots,https://doi.org/10.1038/s41598-023-35183-8,2023,9,Scientific Reports
W4385445512,"Nanomembranes-Affiliated Water Remediation: Chronology, Properties, Classification, Challenges and Future Prospects",https://doi.org/10.3390/membranes13080713,2023,47,Membranes
W4397293237,One‐Shot Remote Integration of Macromolecular Synaptic Elements on a Chip for Ultrathin Flexible Neural Network System,https://doi.org/10.1002/adma.202402361,2024,15,Advanced Materials
W4396993001,Photoacoustic: A Versatile Nongenetic Method for High-Precision Neuromodulation,https://doi.org/10.1021/acs.accounts.4c00119,2024,18,Accounts of Chemical Research
W3164511760,Neuro-Inspired Signal Processing in Ferromagnetic Nanofibers,https://doi.org/10.3390/biomimetics6020032,2021,7,Biomimetics
W4387088698,Device physics recipe to make spiking neurons,https://doi.org/10.1063/5.0145391,2023,23,Chemical Physics Reviews
W4385172482,Next-Generation Nanomedicine Approaches for the Management of Retinal Diseases,https://doi.org/10.3390/pharmaceutics15072005,2023,32,Pharmaceutics
W4316590728,A multilevel electrolyte-gated artificial synapse based on ruthenium-doped cobalt ferrite,https://doi.org/10.1088/1361-6528/acb35a,2023,7,Nanotechnology
W4403687990,Solution-Processed Thin Film Transparent Photovoltaics: Present Challenges and Future Development,https://doi.org/10.1007/s40820-024-01547-6,2024,26,Nano-Micro Letters
W4324057648,Photobiomodulation in Alzheimer’s Disease—A Complementary Method to State-of-the-Art Pharmaceutical Formulations and Nanomedicine?,https://doi.org/10.3390/pharmaceutics15030916,2023,30,Pharmaceutics
W4393235919,Neuromorphic Computing of Optoelectronic Artificial BFCO/AZO Heterostructure Memristors Synapses,https://doi.org/10.3390/nano14070583,2024,10,Nanomaterials
W4413267096,Reconfigurable single-walled carbon nanotube ferroelectric field-effect transistors,https://doi.org/10.1038/s41467-025-62827-2,2025,11,Nature Communications
W3196301812,Technological advances in electrochemical biosensors for the detection of disease biomarkers,https://doi.org/10.1007/s13534-021-00204-w,2021,132,Biomedical Engineering Letters
W4327954659,Cerebrolysin in Patients with TBI: Systematic Review and Meta-Analysis,https://doi.org/10.3390/brainsci13030507,2023,19,Brain Sciences
W4393993353,A Reliability Investigation of VDMOS Transistors: Performance and Degradation Caused by Bias Temperature Stress,https://doi.org/10.3390/mi15040503,2024,12,Micromachines
W4409440811,Integrating Hard Silicon for High-Performance Soft Electronics via Geometry Engineering,https://doi.org/10.1007/s40820-025-01724-1,2025,13,Nano-Micro Letters
W3004620775,Wireless Epidermal Electromyogram Sensing System,https://doi.org/10.3390/electronics9020269,2020,24,Electronics
W4306839897,Antifungal Effect of Nanoparticles against COVID-19 Linked Black Fungus: A Perspective on Biomedical Applications,https://doi.org/10.3390/ijms232012526,2022,32,International Journal of Molecular Sciences
W4293716277,Improved Ferroelectric Properties in Hf0.5Zr0.5O2 Thin Films by Microwave Annealing,https://doi.org/10.3390/nano12173001,2022,16,Nanomaterials
W4390615251,Surface Modification Progress for PLGA-Based Cell Scaffolds,https://doi.org/10.3390/polym16010165,2024,34,Polymers
W4394806281,Chiral Materials for Optics and Electronics: Ready to Rise?,https://doi.org/10.3390/mi15040528,2024,11,Micromachines
W4389615490,Metal-Oxide Heterojunction: From Material Process to Neuromorphic Applications,https://doi.org/10.3390/s23249779,2023,10,Sensors
W4391813450,Flexible metallic core–shell nanostructured electrodes for neural interfacing,https://doi.org/10.1038/s41598-024-53719-4,2024,7,Scientific Reports
W3033653577,Nanoscopic insights into the surface conformation of neurotoxic amyloid β oligomers,https://doi.org/10.1039/d0ra03799k,2020,25,RSC Advances
W4386898108,Printing flexible thin-film transistors,https://doi.org/10.1063/5.0150361,2023,13,Applied Physics Reviews
W4390726451,Transistor-Based Synaptic Devices for Neuromorphic Computing,https://doi.org/10.3390/cryst14010069,2024,12,Crystals
W7116774345,Gallium Nitride Nanowire Array-Based Optoelectronic Synapses for Biorealistic Neuromorphic Functions,https://doi.org/10.1109/ipc65510.2025.11282169,2025,0,
W4407041414,Reconfigurable Magnetic Inhibitor for Domain Wall Logic and Neuronal Devices,https://doi.org/10.1021/acsnano.4c12503,2025,9,ACS Nano
W4292212880,The exosome: a review of current therapeutic roles and capabilities in human reproduction,https://doi.org/10.1007/s13346-022-01225-3,2022,74,Drug Delivery and Translational Research
W4390814836,Analysis fin field-effect transistor design with high-k insulators,https://doi.org/10.5377/nexo.v36i06.17445,2023,11,Nexo Revista Científica
W4390724338,Non-Faradaic optoelectrodes for safe electrical neuromodulation,https://doi.org/10.1038/s41467-023-44635-8,2024,17,Nature Communications
W4394999757,Nanoarchitectonics-based electrochemical aptasensors for highly efficient exosome detection,https://doi.org/10.1080/14686996.2024.2345041,2024,33,Science and Technology of Advanced Materials
W4225256836,Modeling and characterization of stochastic resistive switching in single Ag2S nanowires,https://doi.org/10.1038/s41598-022-09893-4,2022,6,Scientific Reports
W4361771409,Filled carbon-nanotube heterostructures: from synthesis to application,https://doi.org/10.20517/microstructures.2023.07,2023,12,Microstructures
W4392851040,Heterostructure-Based Optoelectronic Neuromorphic Devices,https://doi.org/10.3390/electronics13061076,2024,7,Electronics
W3172242883,Inkjet-Printed and Electroplated 3D Electrodes for Recording Extracellular Signals in Cell Culture,https://doi.org/10.3390/s21123981,2021,24,Sensors
W4362512864,"Compact, Fast Blinking Cd-Free Quantum Dots for Super-Resolution Fluorescence Imaging",https://doi.org/10.1021/cbmi.3c00018,2023,19,Chemical & Biomedical Imaging
W4295480317,Structural plasticity driven by task performance leads to criticality signatures in neuromorphic oscillator networks,https://doi.org/10.1038/s41598-022-19386-z,2022,13,Scientific Reports
W3213035248,Fluorescent Biosensors Based on Silicon Nanowires,https://doi.org/10.3390/nano11112970,2021,10,Nanomaterials
W4403915828,Neuromorphic neuromodulation: Towards the next generation of closed-loop neurostimulation,https://doi.org/10.1093/pnasnexus/pgae488,2024,17,PNAS Nexus
W4387949078,A Nanozyme‐Based Electrode for High‐Performance Neural Recording,https://doi.org/10.1002/adma.202304297,2023,50,Advanced Materials
W4389728862,Brain dysfunctions and neurotoxicity induced by psychostimulants in experimental models and humans: an overview of recent findings,https://doi.org/10.4103/1673-5374.390971,2023,18,Neural Regeneration Research
W4386286152,Challenges to Optimize Charge Trapping Non-Volatile Flash Memory Cells: A Case Study of HfO2/Al2O3 Nanolaminated Stacks,https://doi.org/10.3390/nano13172456,2023,18,Nanomaterials
W4381165225,A New Pelican Optimization Algorithm for the Parameter Identification of Memristive Chaotic System,https://doi.org/10.3390/sym15061279,2023,13,Symmetry
W4401011290,Antiferromagnetic domain wall memory with neuromorphic functionality,https://doi.org/10.1038/s44306-024-00027-2,2024,10,npj Spintronics
W4386448337,Spatially-Resolved Thermometry of Filamentary Nanoscale Hot Spots in TiO<sub>2</sub> Resistive Random Access Memories to Address Device Variability,https://doi.org/10.1021/acsaelm.3c00782,2023,11,ACS Applied Electronic Materials
W4308291431,Stable retention in SrTiO3/SrRuO3 heterostructure-based memristive devices,https://doi.org/10.1007/s40843-022-2228-3,2022,15,Science China Materials
W4392708956,High-Performance Memristive Synapse Composed of Ferroelectric ZnVO-Based Schottky Junction,https://doi.org/10.3390/nano14060506,2024,9,Nanomaterials
W4383912353,Tunable Resistive Switching Behaviors and Mechanism of the W/ZnO/ITO Memory Cell,https://doi.org/10.3390/molecules28145313,2023,9,Molecules
W4386573702,Perspective: Zinc‐Tin Oxide Based Memristors for Sustainable and Flexible In‐Memory Computing Edge Devices,https://doi.org/10.1002/aelm.202300286,2023,15,Advanced Electronic Materials
W3205419965,Nano-Thermal Analysis of Defect-Induced Surface Pre-Melting in 2D Tellurium,https://doi.org/10.3390/nano11102735,2021,10,Nanomaterials
W3181507455,"Exploiting random phenomena in magnetic materials for data security, logics, and neuromorphic computing: Challenges and prospects",https://doi.org/10.1063/5.0055400,2021,13,APL Materials
W4307336630,2D Layers of Group VA Semiconductors: Fundamental Properties and Potential Applications,https://doi.org/10.1002/advs.202203956,2022,37,Advanced Science
W4413826877,Recent Advances in Dielectric and Ferroelectric Behavior of Ceramic Nanocomposites: Structure Property Relationships and Processing Strategies,https://doi.org/10.3390/nano15171329,2025,31,Nanomaterials
W4398248453,Flexible Electrolyte-Gated Transistor Based on Inznsno Nanowires for Self-Adaptive Applications,https://doi.org/10.2139/ssrn.4833227,2024,0,SSRN Electronic Journal
W4281704670,Multiscale simulation analysis of passive and active micro/nanoelectrodes for CMOS-based <i>in vitro</i> neural sensing devices,https://doi.org/10.1098/rsta.2021.0013,2022,6,Philosophical Transactions of the Royal Society A Mathematical Physical and Engineering Sciences
W4406903219,Resistive switching and synaptic characteristics in ZnO@β-SiC composite-based RRAM for neuromorphic computing,https://doi.org/10.1063/5.0246384,2025,6,Journal of Applied Physics
W4400005650,"Artificial Manganese Metalloenzymes with Laccase-like Activity: Design, Synthesis, and Characterization",https://doi.org/10.1021/acsabm.4c00571,2024,9,ACS Applied Bio Materials
W4405419464,Innovating beyond electrophysiology through multimodal neural interfaces,https://doi.org/10.1038/s44287-024-00121-x,2024,15,Nature Reviews Electrical Engineering
W4313217386,"Biological Effects, Applications and Design Strategies of Medical Polyurethanes Modified by Nanomaterials",https://doi.org/10.2147/ijn.s393207,2022,23,International Journal of Nanomedicine
W3203955672,Physical Cues of Matrices Reeducate Nerve Cells,https://doi.org/10.3389/fcell.2021.731170,2021,13,Frontiers in Cell and Developmental Biology
W4415590012,High-performance organic semiconductor near-infrared and shortwave-infrared photodetectors: a materials and device roadmap,https://doi.org/10.1039/d5sc06197k,2025,11,Chemical Science
W4362607190,Pulse-stream impact on recognition accuracy of reservoir computing from SiO2-based low power memory devices,https://doi.org/10.1063/5.0131524,2023,10,APL Machine Learning
W4402801906,Patterning of Organic Semiconductors Leads to Functional Integration: From Unit Device to Integrated Electronics,https://doi.org/10.3390/polym16182613,2024,9,Polymers
W4381884393,Bioinspired Vertical Transistors from Artificial Synapse to Neuromorphic System,https://doi.org/10.1002/pssr.202300181,2023,9,physica status solidi (RRL) - Rapid Research Letters
W4416290400,Highly aligned polymer nanowire-based fin architecture for enhanced functionality of organic electrochemical transistors in neuromorphic computing,https://doi.org/10.1039/d5tc03449c,2025,0,Journal of Materials Chemistry C
W4393012008,Nanoparticle-based optical interfaces for retinal neuromodulation: a review,https://doi.org/10.3389/fncel.2024.1360870,2024,15,Frontiers in Cellular Neuroscience
W3047005007,Reinforcement learning in synthetic gene circuits,https://doi.org/10.1042/bst20200008,2020,11,Biochemical Society Transactions
W4283743468,A High Spatiotemporal Iontronic Single-Cell Viscometer,https://doi.org/10.34133/2022/9859101,2022,13,Research
W4367623703,Impact of Magnetite Nanowires on In Vitro Hippocampal Neural Networks,https://doi.org/10.3390/biom13050783,2023,5,Biomolecules
W4389891844,Scalable production of homogeneous cardiac organoids derived from human pluripotent stem cells,https://doi.org/10.1016/j.crmeth.2023.100666,2023,13,Cell Reports Methods
W4413402383,Molecular Dynamics Simulation on Orientation-Dependent Mechanical Behaviors of ZnO Single Crystals Under Nanoindentation,https://doi.org/10.3390/ma18163905,2025,11,Materials
W4390236362,Advances in Physical Unclonable Functions Based on New Technologies: A Comprehensive Review,https://doi.org/10.3390/math12010077,2023,18,Mathematics
W4401027361,"Sensory Nervous System‐Inspired Self‐Classifying, Decoupled, Multifunctional Sensor with Resistive‐Capacitive Operation Using Silver Nanomaterials",https://doi.org/10.1002/adfm.202405687,2024,18,Advanced Functional Materials
W4404054711,High-Performance Gate-Voltage-Tunable Photodiodes Based on Nb <sub>2</sub> Pd <sub>3</sub> Se <sub>8</sub> /WSe <sub>2</sub> Mixed-Dimensional Heterojunctions,https://doi.org/10.1021/acsami.4c09682,2024,9,ACS Applied Materials & Interfaces
W3158958113,Memristive Behavior of Mixed Oxide Nanocrystal Assemblies,https://doi.org/10.1021/acsami.1c03722,2021,12,ACS Applied Materials & Interfaces
W3107339428,Flexible organic ion-gated transistors with low operating voltage and light-sensing application,https://doi.org/10.1088/2515-7639/abd018,2020,11,Journal of Physics Materials
W4310704875,Turing patterns with high-resolution formed without chemical reaction in thin-film solution of organic semiconductors,https://doi.org/10.1038/s41467-022-35162-z,2022,14,Nature Communications
W4389333894,Interface potentials inside solid-state batteries: Origins and implications,https://doi.org/10.1557/s43577-023-00625-1,2023,13,MRS Bulletin
W4386965204,Roadmap for phase change materials in photonics and beyond,https://doi.org/10.1016/j.isci.2023.107946,2023,103,iScience
W4312095111,Lumenal components of cytoplasmic microtubules,https://doi.org/10.1042/bst20220851,2022,13,Biochemical Society Transactions
W4363651564,LiNbO3 dynamic memristors for reservoir computing,https://doi.org/10.3389/fnins.2023.1177118,2023,8,Frontiers in Neuroscience
W4395004620,"High-Density, Nonvolatile, Flexible Multilevel Organic Memristor Using Multilayered Polymer Semiconductors",https://doi.org/10.1021/acsami.4c03111,2024,14,ACS Applied Materials & Interfaces
W4281718586,The archetypal molecular patterns of conscious experience are quantum analogs.,https://doi.org/10.56280/1531676736,2022,9,Journal of Multiscale Neuroscience
W4392958524,Non-equilibrium defect chemistry in oxygen-rich zinc oxide nano-tetrapods synthesized using atmospheric pressure microplasma,https://doi.org/10.1039/d3ta06821h,2024,13,Journal of Materials Chemistry A
W4361284700,Chemical Influence of Carbon Interface Layers in Metal/Oxide Resistive Switches,https://doi.org/10.1021/acsami.3c00920,2023,13,ACS Applied Materials & Interfaces
W4386931109,Memristive dynamics enabled neuromorphic computing systems,https://doi.org/10.1007/s11432-023-3739-0,2023,17,Science China Information Sciences
W4385666396,Diffusion-Limited Processes in Hydrogels with Chosen Applications from Drug Delivery to Electronic Components,https://doi.org/10.3390/molecules28155931,2023,103,Molecules
W4410255641,"Fibre-based organic electrochemical transistors: principle, evaluation, and application",https://doi.org/10.1038/s41528-025-00417-4,2025,11,npj Flexible Electronics
W4406378334,Electrically Active Biomaterials for Stimulation and Regeneration in Tissue Engineering,https://doi.org/10.1002/jbm.a.37871,2025,20,Journal of Biomedical Materials Research Part A
W4415171304,Aligned conjugated polymer nanowires for enhanced performance in organic transistors and neuromorphic devices,https://doi.org/10.1039/d5nr03612g,2025,0,Nanoscale
W4402446810,"Inorganic film materials for flexible electronics: A brief overview, properties, and applications",https://doi.org/10.1002/eng2.13006,2024,11,Engineering Reports
W3026480140,A Temperature-Controlled Patch Clamp Platform Demonstrated on Jurkat T Lymphocytes and Human Induced Pluripotent Stem Cell-Derived Neurons,https://doi.org/10.3390/bioengineering7020046,2020,13,Bioengineering
W4377043431,From 1D to 2D to 3D: Electrospun Microstructures towards Wearable Sensing,https://doi.org/10.3390/chemosensors11050295,2023,20,Chemosensors
W4388036810,Nanomaterials as drug delivery agents for overcoming the blood-brain barrier: A comprehensive review,https://doi.org/10.5599/admet.2043,2023,29,ADMET & DMPK
W4414071071,Bioinspired porous Ti&lt;sub&gt;2&lt;/sub&gt;CT&lt;sub&gt;X&lt;/sub&gt;/Si&lt;sub&gt;3&lt;/sub&gt;N&lt;sub&gt;4&lt;/sub&gt; composites with aligned lamellar structure for efficient microwave absorption,https://doi.org/10.20517/ss.2025.63,2025,20,Soft Science
W4406673662,Direct on-Chip Optical Communication between Nano Optoelectronic Devices,https://doi.org/10.1021/acsphotonics.4c01375,2025,7,ACS Photonics
W4323045234,Hyaluronic acid-based bioink improves the differentiation and network formation of neural progenitor cells,https://doi.org/10.3389/fbioe.2023.1110547,2023,29,Frontiers in Bioengineering and Biotechnology
W3093295602,"Proteomics of Extracellular Vesicles: Update on Their Composition, Biological Roles and Potential Use as Diagnostic Tools in Atherosclerotic Cardiovascular Diseases",https://doi.org/10.3390/diagnostics10100843,2020,53,Diagnostics
W4411569602,Synaptic Function in Memristor Devices for Neuromorphic Circuit Applications,https://doi.org/10.1002/aelm.202400903,2025,15,Advanced Electronic Materials
W4303969101,Reservoir Computing-Based Design of ZnO Memristor-Type Digital Identification Circuits,https://doi.org/10.3390/mi13101700,2022,8,Micromachines
W4392294292,Advanced visual components inspired by animal eyes,https://doi.org/10.1515/nanoph-2024-0014,2024,11,Nanophotonics
W4207038693,Assessing the Feasibility of Developing in vivo Neuroprobes for Parallel Intracellular Recording and Stimulation: A Perspective,https://doi.org/10.3389/fnins.2021.807797,2022,6,Frontiers in Neuroscience
W4411431532,"Recent Progress of Electrospun Nanofiber-Based Composite Materials for Monitoring Physical, Physiological, and Body Fluid Signals",https://doi.org/10.1007/s40820-025-01804-2,2025,41,Nano-Micro Letters
W4404699169,High-Performance Memristive Synapse Based on Space-Charge-Limited Conduction in LiNbO3,https://doi.org/10.3390/nano14231884,2024,6,Nanomaterials
W4391947838,Pursuing Superhydrophobic Flexible Strain Sensors: From Design to Applications,https://doi.org/10.1002/admt.202301983,2024,23,Advanced Materials Technologies
W4412085400,Metal halide perovskites: a platform for next-generation multifunctional devices,https://doi.org/10.1007/s44405-025-00011-2,2025,19,Advances in Industrial and Engineering Chemistry
W4406670400,"IGZO-Based Electronic Device Application: Advancements in Gas Sensor, Logic Circuit, Biosensor, Neuromorphic Device, and Photodetector Technologies",https://doi.org/10.3390/mi16020118,2025,13,Micromachines
W4391382005,Improved Organic Electrochemical Transistors via Directed Crystallizable Small Molecule Templating,https://doi.org/10.1021/acs.chemmater.3c02489,2024,13,Chemistry of Materials
W4211028806,Synapse-Neuron-Aware Training Scheme of Defect-Tolerant Neural Networks with Defective Memristor Crossbars,https://doi.org/10.3390/mi13020273,2022,9,Micromachines
W4406923272,Organic Mixed Conductors for Neural Biomimicry and Biointerfacing,https://doi.org/10.1146/annurev-chembioeng-082323-114810,2025,12,Annual Review of Chemical and Biomolecular Engineering
W4406237323,Harnessing spatiotemporal transformation in magnetic domains for nonvolatile physical reservoir computing,https://doi.org/10.1126/sciadv.adr5262,2025,14,Science Advances
W4393316349,Inkjet printed IGZO memristors with volatile and non-volatile switching,https://doi.org/10.1038/s41598-024-58228-y,2024,12,Scientific Reports
W4405592125,"Memristors based on two-dimensional h-BN materials: synthesis, mechanism, optimization and application",https://doi.org/10.1038/s41699-024-00519-z,2024,20,npj 2D Materials and Applications
W4213009193,Recent Advances in Nanoplatforms for the Treatment of Osteosarcoma,https://doi.org/10.3389/fonc.2022.805978,2022,44,Frontiers in Oncology
W4353076848,Artificial-intelligence-assisted mass fabrication of nanocantilevers from randomly positioned single carbon nanotubes,https://doi.org/10.1038/s41378-023-00507-1,2023,9,Microsystems & Nanoengineering
W4390702952,Applications of Raman spectroscopy in clinical medicine,https://doi.org/10.1002/fft2.335,2024,40,Food Frontiers
W4396925922,Optimisation Challenge for a Superconducting Adiabatic Neural Network That Implements XOR and OR Boolean Functions,https://doi.org/10.3390/nano14100854,2024,8,Nanomaterials
W4323359343,Rethinking glutamine metabolism and the regulation of glutamine addiction by oncogenes in cancer,https://doi.org/10.3389/fonc.2023.1143798,2023,48,Frontiers in Oncology
W4394770078,Mechanical communication and function regulation of immune cells,https://doi.org/10.1016/j.fmre.2024.04.008,2024,11,Fundamental Research
W4407979559,MXenes and MXene-based composites for biomedical applications,https://doi.org/10.1039/d4tb02834a,2025,56,Journal of Materials Chemistry B
W4389787978,Monitoring time domain characteristics of Parkinson’s disease using 3D memristive neuromorphic system,https://doi.org/10.3389/fncom.2023.1274575,2023,11,Frontiers in Computational Neuroscience
W3168700358,Construction and Application of Graphene Oxide-Bovine Serum Albumin Modified Extended Gate Field Effect Transistor Chiral Sensor,https://doi.org/10.3390/s21113921,2021,17,Sensors
W4402914998,Artificial olfactory memory system based on conductive metal-organic frameworks,https://doi.org/10.1038/s41467-024-52567-0,2024,11,Nature Communications
W3209089523,Overcoming the Data Deluge Challenges with Greener Electronics,https://doi.org/10.1109/esscirc53450.2021.9567836,2021,8,
W4386218435,Flexible optoelectronic synaptic transistors for neuromorphic visual systems,https://doi.org/10.1063/5.0163926,2023,12,APL Machine Learning
W4401960617,Photocatalytic Edge Growth of Conductive Gold Lines On Microstructured TiO<sub>2</sub>–ITO Substrates,https://doi.org/10.1021/acs.langmuir.4c02106,2024,7,Langmuir
W4321438913,Wireless in vivo recording of cortical activity by an ion-sensitive field effect transistor,https://doi.org/10.1016/j.snb.2023.133549,2023,7,Sensors and Actuators B Chemical
W3210832108,Recent Trends in Biofabrication Technologies for Studying Skeletal Muscle Tissue-Related Diseases,https://doi.org/10.3389/fbioe.2021.782333,2021,16,Frontiers in Bioengineering and Biotechnology
W4363652142,Bioinorganic Nanoparticles for the Remediation of Environmental Pollution: Critical Appraisal and Potential Avenues,https://doi.org/10.1155/2023/2409642,2023,26,Bioinorganic Chemistry and Applications
W4283737510,Physical Stimulation Combined with Biomaterials Promotes Peripheral Nerve Injury Repair,https://doi.org/10.3390/bioengineering9070292,2022,21,Bioengineering
W4285166295,A narrative review of cortical visual prosthesis systems: the latest progress and significance of nanotechnology for the future,https://doi.org/10.21037/atm-22-2858,2022,28,Annals of Translational Medicine
W4406382568,"Forming and compliance-free operation of low-energy, fast-switching HfO<sub><i>x</i></sub>S<sub><i>y</i></sub>/HfS<sub>2</sub> memristors",https://doi.org/10.1039/d4nh00508b,2025,10,Nanoscale Horizons
W4402994013,Quantum Dots for Resistive Switching Memory and Artificial Synapse,https://doi.org/10.3390/nano14191575,2024,11,Nanomaterials
W4327972742,Graphene-Related Nanomaterials for Biomedical Applications,https://doi.org/10.3390/nano13061092,2023,48,Nanomaterials
W4309845618,Quercetin Derivatives in Combating Spinal Cord Injury: A Mechanistic and Systematic Review,https://doi.org/10.3390/life12121960,2022,23,Life
W3215442925,Engineering of Intrinsic Chiral Torques in Magnetic Thin Films Based on the Dzyaloshinskii-Moriya Interaction,https://doi.org/10.1103/physrevapplied.16.054049,2021,7,Physical Review Applied
W3085434568,Investigation of Monolithic 3D Integrated Circuit Inverter with Feedback Field Effect Transistors Using TCAD Simulation,https://doi.org/10.3390/mi11090852,2020,10,Micromachines
W4313890272,Functional Two-Dimensional Materials for Bioelectronic Neural Interfacing,https://doi.org/10.3390/jfb14010035,2023,18,Journal of Functional Biomaterials
W4388978374,Photoelectronic synaptic transistor with tunable plasticity for neuromorphic computing system,https://doi.org/10.1117/12.3005283,2023,0,
W4399785516,An ultra high-endurance memristor using back-end-of-line amorphous SiC,https://doi.org/10.1038/s41598-024-64499-2,2024,13,Scientific Reports
W4403583532,Perspectives on non-genetic optoelectronic modulation biointerfaces for advancing healthcare,https://doi.org/10.1007/s44258-024-00030-6,2024,7,Med-X
W4402859051,High-Performance Red Transparent Quantum Dot Light-Emitting Diodes via Fully Solution-Processed MXene/Ag NWs Top Electrode,https://doi.org/10.1021/acsami.4c11431,2024,8,ACS Applied Materials & Interfaces
W4313398233,Recent Development of Neural Microelectrodes with Dual-Mode Detection,https://doi.org/10.3390/bios13010059,2022,16,Biosensors
W4388848609,The Major Hypotheses of Alzheimer’s Disease: Related Nanotechnology-Based Approaches for Its Diagnosis and Treatment,https://doi.org/10.3390/cells12232669,2023,17,Cells
W4396857957,Extracellular vesicles as nanotheranostic platforms for targeted neurological disorder interventions,https://doi.org/10.1186/s40580-024-00426-5,2024,20,Nano Convergence
W4400088741,Topical administration of GLP-1 eyedrops improves retinal ganglion cell function by facilitating presynaptic GABA release in early experimental diabetes,https://doi.org/10.4103/nrr.nrr-d-24-00001,2024,11,Neural Regeneration Research
W4321128194,Recent Progress in Organic-Based Photonic Synapses,https://doi.org/10.56767/jfpe.2022.1.2.155,2022,7,Journal of Flexible and Printed Electronics
W4405455344,Laser-induced phase segregation of inorganic halide perovskite alloy nanowires for optical switch,https://doi.org/10.26599/nr.2025.94907119,2024,6,Nano Research
W4319924655,Recent Advances in Perceptive Intelligence for Soft Robotics,https://doi.org/10.1002/aisy.202200329,2023,68,Advanced Intelligent Systems
W4225302780,Conventional and Nonconventional Sources of Exosomes–Isolation Methods and Influence on Their Downstream Biomedical Application,https://doi.org/10.3389/fmolb.2022.846650,2022,52,Frontiers in Molecular Biosciences
W4395082443,AlGaN/GaN MOS-HEMT enabled optoelectronic artificial synaptic devices for neuromorphic computing,https://doi.org/10.1063/5.0194083,2024,5,APL Machine Learning
W4406575595,Multi-gate neuron-like transistors based on ensembles of aligned nanowires on flexible substrates,https://doi.org/10.1186/s40580-024-00472-z,2025,6,Nano Convergence
W3004167009,Porous Si-SiO2 UV Microcavities to Modulate the Responsivity of a Broadband Photodetector,https://doi.org/10.3390/nano10020222,2020,20,Nanomaterials
W4289223581,Spatial confinement: A spur for axonal growth,https://doi.org/10.1016/j.semcdb.2022.07.006,2022,13,Seminars in Cell and Developmental Biology
W4386214631,Fabrication and Statistical Analysis of Large-Scale ZnO NW Based Synaptic Transistors,https://doi.org/10.1109/fleps57599.2023.10220358,2023,0,
W4213250312,Electroactive Scaffolds to Improve Neural Stem Cell Therapy for Spinal Cord Injury,https://doi.org/10.3389/fmedt.2022.693438,2022,26,Frontiers in Medical Technology
W4391142409,Applications of Emerging Metal and Covalent Organic Frameworks in Perovskite Photovoltaics: Materials and Devices,https://doi.org/10.1002/aenm.202304027,2024,44,Advanced Energy Materials
W4401964838,Artificial optoelectronic synapse based on CdSe nanobelt photosensitized MoS <sub>2</sub> transistor with long retention time for neuromorphic application,https://doi.org/10.1515/nanoph-2024-0368,2024,6,Nanophotonics
W4292787928,Revealing Fast Cu-Ion Transport and Enhanced Conductivity at the CuInP<sub>2</sub>S<sub>6</sub>–In<sub>4/3</sub>P<sub>2</sub>S<sub>6</sub> Heterointerface,https://doi.org/10.1021/acsnano.2c06992,2022,24,ACS Nano
W4396626788,Synthesis of composite films for ZnO-based memristors with superior stability,https://doi.org/10.1088/2053-1591/ad4777,2024,5,Materials Research Express
W4405649561,Localized Conduction Channels in Memristors,https://doi.org/10.1021/acs.chemrev.4c00454,2024,18,Chemical Reviews
W4412197297,Photoresponsive dual-mode memory transistor for optoelectronic computing: charge storage and synaptic signal processing,https://doi.org/10.1038/s41528-025-00444-1,2025,7,npj Flexible Electronics
W3013325484,Short-Term Long-Term Compute-in-Memory Architecture: A Hybrid Spin/CMOS Approach Supporting Intrinsic Consolidation,https://doi.org/10.1109/jxcdc.2020.2983450,2020,10,IEEE Journal on Exploratory Solid-State Computational Devices and Circuits
W4407080922,"Self‐Compliant, Variation‐Suppressed Memristor Implemented with Carbon Nanotube/hBN/Silver Nanowire Cross‐Point Structure",https://doi.org/10.1002/adfm.202424131,2025,11,Advanced Functional Materials
W4200176595,"Biological, physical and chemical synthesis of silver nanoparticles and their non-toxic bio-chemical application: A brief review",https://doi.org/10.19045/bspab.2022.110042,2021,13,Pure and Applied Biology
W4396972991,Bi-sigmoid spike-timing dependent plasticity learning rule for magnetic tunnel junction-based SNN,https://doi.org/10.3389/fnins.2024.1387339,2024,5,Frontiers in Neuroscience
W3173890526,Scaling Up the Production of Electrodeposited Nanowires: A Roadmap towards Applications,https://doi.org/10.3390/nano11071657,2021,6,Nanomaterials
W4367052540,A Review on Integrated ZnO-Based SERS Biosensors and Their Potential in Detecting Biomarkers of Neurodegenerative Diseases,https://doi.org/10.3390/bios13050499,2023,22,Biosensors
W4399973444,Fabrication and Optimisation of Alumina Nanoporous Membranes for Drug Delivery Applications: A Comparative Study,https://doi.org/10.3390/nano14131078,2024,13,Nanomaterials
W4380087810,"The mechanical, optical, and thermal properties of graphene influencing its pre-clinical use in treating neurological diseases",https://doi.org/10.3389/fnins.2023.1162493,2023,17,Frontiers in Neuroscience
W4414000937,Bioinspired flexible photonic sensing chips for wearable multiparameter monitoring,https://doi.org/10.1002/flm2.70007,2025,18,FlexMat.
W4386615871,Improved Uniformity of TaOx-Based Resistive Switching Memory Device by Inserting Thin SiO2 Layer for Neuromorphic System,https://doi.org/10.3390/ma16186136,2023,6,Materials
W4308821816,All-ferroelectric implementation of reservoir computing,https://doi.org/10.21203/rs.3.rs-2249835/v1,2022,8,Research Square
W4312284968,"A perspective vision of micro/nano systems and technologies as enablers of 6g, super-iot, and tactile internet [point of view]",https://doi.org/10.1109/jproc.2022.3223791,2022,28,Proceedings of the IEEE
W4322774949,Different Ways to Die: Cell Death Pathways and Their Association With Spinal Cord Injury,https://doi.org/10.14245/ns.2244976.488,2023,39,Neurospine
W4405370620,Printing semiconductor-based devices and circuits for flexible electronic skin,https://doi.org/10.1063/5.0217297,2024,17,Applied Physics Reviews
W3181736585,Replace and repair: Biomimetic bioprinting for effective muscle engineering,https://doi.org/10.1063/5.0040764,2021,19,APL Bioengineering
W4322629094,SET Kinetics of Ag/HfO2-Based Diffusive Memristors under Various Counter-Electrode Materials,https://doi.org/10.3390/mi14030571,2023,10,Micromachines
W4366824459,Ferroelectret nanogenerators for the development of bioengineering systems,https://doi.org/10.1016/j.xcrp.2023.101388,2023,12,Cell Reports Physical Science
W3007501451,Promising opportunities and potential risk of nanoparticle on the society,https://doi.org/10.1049/iet-nbt.2019.0303,2020,28,IET Nanobiotechnology
W4312085418,A micropatterned thermoplasmonic substrate for neuromodulation of in vitro neuronal networks,https://doi.org/10.1016/j.actbio.2022.12.036,2022,14,Acta Biomaterialia
W4388693936,Celestial compass sensor mimics the insect eye for navigation under cloudy and occluded skies,https://doi.org/10.1038/s44172-023-00132-w,2023,11,Communications Engineering
W4414446231,Machine learning facilitated gesture recognition using structural optimized wearable yarn-based strain sensor,https://doi.org/10.26599/nr.2025.94908084,2025,11,Nano Research
W4206831541,Flexible and Stretchable Memristive Arrays for in-Memory Computing,https://doi.org/10.3389/fnano.2021.821687,2022,9,Frontiers in Nanotechnology
W4413257640,High-order dynamics in an ultra-adaptive neuromorphic vision device,https://doi.org/10.1038/s41565-025-01984-3,2025,14,Nature Nanotechnology
W4410197042,Flexible self-rectifying synapse array for energy-efficient edge multiplication in electrocardiogram diagnosis,https://doi.org/10.1038/s41467-025-59589-2,2025,11,Nature Communications
W3105461634,Biosensors for Studies on Adhesion-Mediated Cellular Responses to Their Microenvironment,https://doi.org/10.3389/fbioe.2020.597950,2020,17,Frontiers in Bioengineering and Biotechnology
W4391466734,"Criticality in FitzHugh-Nagumo oscillator ensembles: Design, robustness, and spatial invariance",https://doi.org/10.1038/s42005-024-01530-y,2024,11,Communications Physics
W4407256311,Ion-conducting polymer thin films <i>via</i> chemical vapor deposition polymerization,https://doi.org/10.1039/d4sm01346h,2025,10,Soft Matter
W3135388533,Self-Learning Machines Based on Hamiltonian Echo Backpropagation,https://doi.org/10.1103/physrevx.13.031020,2023,24,Physical Review X
W3108726540,Neuromorphic Spatiotemporal Information Processing Using Neuro-Photodetector Systems,https://doi.org/10.3390/app10238358,2020,5,Applied Sciences
W4386607724,Current Trends and Promising Electrode Materials in Micro-Supercapacitor Printing,https://doi.org/10.3390/ma16186133,2023,19,Materials
W4366428521,Poly(<scp>l</scp>‐Lactic Acid) Nanofiber‐Based Multilayer Film for the Electrical Stimulation of Nerve Cells,https://doi.org/10.1002/admi.202202474,2023,25,Advanced Materials Interfaces
W3176877846,Engineering Micro–Nanomaterials for Biomedical Translation,https://doi.org/10.1002/anbr.202100002,2021,49,Advanced NanoBiomed Research
W3208346636,Resistance Switching Effect of Memory Device Based on All-Inorganic Cspbbri2 Perovskite,https://doi.org/10.3390/ma14216629,2021,8,Materials
W3038038570,Reconstitution and real-time quantification of membrane remodeling by single proteins and protein complexes,https://doi.org/10.1038/s41596-020-0337-1,2020,16,Nature Protocols
W4323316357,Nanotopographic micro-nano forces finely tune the conformation of macrophage mechanosensitive membrane protein integrin β2 to manipulate inflammatory responses,https://doi.org/10.1007/s12274-023-5550-0,2023,11,Nano Research
W4367845206,Choose your tools carefully: a comparative evaluation of deterministic vs. stochastic and binary vs. analog neuron models for implementing emerging computing paradigms,https://doi.org/10.3389/fnano.2023.1146852,2023,8,Frontiers in Nanotechnology
W4412655115,Recent Advances in Conductive Hydrogels for Electronic Skin and Healthcare Monitoring,https://doi.org/10.3390/bios15070463,2025,13,Biosensors
W3205451058,Hardware functional obfuscation with ferroelectric active interconnects,https://doi.org/10.1038/s41467-022-29795-3,2022,15,Nature Communications
W3213410147,Hopfield neural network in magnetic textures with intrinsic Hebbian learning,https://doi.org/10.1103/physrevb.104.l180405,2021,16,Physical review. B./Physical review. B
W3216784823,Memristive applications of metal oxide nanofibers,https://doi.org/10.1016/b978-0-12-820629-4.00018-7,2021,0,Elsevier eBooks
W4410090818,A balanced view of ion migration in halide perovskite electronics,https://doi.org/10.1016/j.newton.2025.100096,2025,12,Newton
W4401487196,"Morphology-controlled synthesis, growth mechanism, and applications of tellurium nanostructures",https://doi.org/10.1039/d4ma00572d,2024,7,Materials Advances
W4404712849,Ultra-fast photoelectron transfer in bimetallic porphyrin optoelectrode for single neuron modulation,https://doi.org/10.1038/s41467-024-54325-8,2024,7,Nature Communications
W4324378576,Progress and Insight of Van der Waals Heterostructures Containing Interlayer Transition for Near Infrared Photodetectors,https://doi.org/10.1002/adfm.202300686,2023,86,Advanced Functional Materials
W4389337989,Towards Energy-Efficient Spiking Neural Networks: A Robust Hybrid CMOS-Memristive Accelerator,https://doi.org/10.1145/3635165,2023,12,ACM Journal on Emerging Technologies in Computing Systems
W4410628946,2D transition metal dichalcogenides for energy-efficient two-terminal optoelectronic synaptic devices,https://doi.org/10.1016/j.device.2025.100805,2025,10,Device
W4415648550,A quantum resistance memristor for an intrinsically traceable International System of Units standard,https://doi.org/10.1038/s41565-025-02037-5,2025,7,Nature Nanotechnology
W3183140628,Carbon Nanostructures Decorated with Titania: Morphological Control and Applications,https://doi.org/10.3390/app11156814,2021,11,Applied Sciences
W3195797718,Ferroic alternation in methylammonium lead triiodide perovskite,https://doi.org/10.1002/eom2.12131,2021,20,EcoMat
W4322502845,Amyloid–Gold Nanoparticle Hybrids for Biocompatible Memristive Devices,https://doi.org/10.3390/ma16051884,2023,7,Materials
W4387606545,Microfabrication and lab-on-a-chip devices promote <i>in vitro</i> modeling of neural interfaces for neuroscience researches and preclinical applications,https://doi.org/10.1088/1758-5090/ad032a,2023,7,Biofabrication
W4387433662,Alzheimer's Disease: Status of Low‐Dimensional Nanotherapeutic Materials,https://doi.org/10.1002/adfm.202302015,2023,14,Advanced Functional Materials
W4413337877,"Non-genetic neuromodulation with graphene optoelectronic actuators for disease models, stem cell maturation, and biohybrid robotics",https://doi.org/10.1038/s41467-025-62637-6,2025,6,Nature Communications
W3216823327,Shape-Dependent Multi-Weight Magnetic Artificial Synapses for Neuromorphic Computing,https://doi.org/10.21203/rs.3.rs-1104630/v1,2022,7,Research Square
W4389476371,SUSHI: Ultra-High-Speed and Ultra-Low-Power Neuromorphic Chip Using Superconducting Single-Flux-Quantum Circuits,https://doi.org/10.1145/3613424.3623787,2023,7,
W4410381931,"Bias Sweep-Induced Analog Memristor Behavior, Using a Cuprous Iodide Thin Film, for Neuromorphic Computing",https://doi.org/10.1021/acsaelm.5c00529,2025,7,ACS Applied Electronic Materials
W4406912418,Advancements in Ocular Neuro-Prosthetics: Bridging Neuroscience and Information and Communication Technology for Vision Restoration,https://doi.org/10.3390/biology14020134,2025,9,Biology
W4387952752,Smart Textile Optoelectronics for Human‐Interfaced Logic Systems,https://doi.org/10.1002/adfm.202308136,2023,24,Advanced Functional Materials
W4385483065,Neurological Applications of Celery (Apium graveolens): A Scoping Review,https://doi.org/10.3390/molecules28155824,2023,10,Molecules
W4205791885,Second Harmonic Generation Exploiting Ultra-Stable Resistive Switching Devices for Secure Hardware Systems,https://doi.org/10.1109/tnano.2021.3135713,2021,7,IEEE Transactions on Nanotechnology
W4292986067,Neuroprotective effects of quercetin on the cerebellum of zinc oxide nanoparticles (ZnoNps)-exposed rats,https://doi.org/10.1080/21688370.2022.2115273,2022,18,Tissue Barriers
W4313648719,Enhanced Synaptic Properties in Biocompatible Casein Electrolyte via Microwave-Assisted Efficient Solution Synthesis,https://doi.org/10.3390/polym15020293,2023,7,Polymers
W4406310897,"Employing Triphenylene-Based, Layered, Conductive Metal–Organic Framework Materials as Electrochemical Sensors for Nitric Oxide in Aqueous Media",https://doi.org/10.1021/acssensors.4c03229,2025,15,ACS Sensors
W4412451652,Functional Nanomaterials for Advanced Bioelectrode Interfaces: Recent Advances in Disease Detection and Metabolic Monitoring,https://doi.org/10.3390/s25144412,2025,13,Sensors
W4413971596,Filamentary Resistive Switching Mechanism in CuO Thin Film-Based Memristor,https://doi.org/10.3390/ma18163820,2025,6,Materials
W4407551521,"Additive Manufacturing of Organic Electrochemical Transistors: Methods, Device Architectures, and Emerging Applications",https://doi.org/10.1002/smll.202410499,2025,20,Small
W4207082004,The perspectives of broadband metasurfaces and photo‐electric tweezer applications,https://doi.org/10.1515/nanoph-2021-0711,2022,14,Nanophotonics
W4365483736,"Nanotechnology Approaches for Prevention and Treatment of Chemotherapy‐Induced Neurotoxicity, Neuropathy, and Cardiomyopathy in Breast and Ovarian Cancer Survivors",https://doi.org/10.1002/smll.202300744,2023,29,Small
W4388698618,Quantum Transport Properties of Nanosized Ta<sub>2</sub>O<sub>5</sub> Resistive Switches: Variable Transmission Atomic Synapses for Neuromorphic Electronics,https://doi.org/10.1021/acsanm.3c04769,2023,5,ACS Applied Nano Materials
W3159918546,Infochemistry and the Future of Chemical Information Processing,https://doi.org/10.1146/annurev-chembioeng-122120-023514,2021,9,Annual Review of Chemical and Biomolecular Engineering
W4389370913,Self-Organizing Mapping Neural Network Implementation Based on 3-D NAND Flash for Competitive Learning,https://doi.org/10.1109/jeds.2023.3337399,2023,5,IEEE Journal of the Electron Devices Society
W4391350047,Recent Advances in Self-Powered Electronic Skin Based on Triboelectric Nanogenerators,https://doi.org/10.3390/en17030638,2024,20,Energies
W3083032173,Wafer-scale fabrication of isolated luminescent silicon quantum dots using standard CMOS technology,https://doi.org/10.1088/1361-6528/abb556,2020,7,Nanotechnology
W4401112314,Recent Progress in Artificial Neurons for Neuromodulation,https://doi.org/10.3390/jfb15080214,2024,5,Journal of Functional Biomaterials
W4387744253,Role of Nanoparticle-Conjugates and Nanotheranostics in Abrogating Oxidative Stress and Ameliorating Neuroinflammation,https://doi.org/10.3390/antiox12101877,2023,25,Antioxidants
W4386050839,Projective Synchronization of Delayed Uncertain Coupled Memristive Neural Networks and Their Application,https://doi.org/10.3390/e25081241,2023,13,Entropy
W3186667066,Super-Selective Reconstruction of Causal and Direct Connectivity With Application to in vitro iPSC Neuronal Networks,https://doi.org/10.3389/fnins.2021.647877,2021,6,Frontiers in Neuroscience
W4317934196,Two-dimensional-Ti3C2 magnetic nanocomposite for targeted cancer chemotherapy,https://doi.org/10.3389/fbioe.2023.1097631,2023,19,Frontiers in Bioengineering and Biotechnology
W4401818358,Vapor Growth of All-Inorganic 2D Ruddlesden–Popper Lead- and Tin-Based Perovskites,https://doi.org/10.1021/acsami.4c05329,2024,6,ACS Applied Materials & Interfaces
W4408320954,Biointerfacing with AgBiS<sub>2</sub> Quantum Dots for Pseudocapacitive Photostimulation,https://doi.org/10.1002/adfm.202422083,2025,9,Advanced Functional Materials
W4414334593,Dual Stimuli‐Responsive a‐GaO <sub>x</sub> /ZnO Heterojunction Nanowire Arrays Artificial Optoelectronic Synapse for Mimicking Visual Nociceptor Plasticity,https://doi.org/10.1002/lpor.202501727,2025,0,Laser & Photonics Review
W4281680489,Enhanced Photoelectrocatalytic Activity of TiO2 Nanowire Arrays via Copolymerized G-C3N4 Hybridization,https://doi.org/10.3390/en15124180,2022,5,Energies
W4401919512,Recent developments of artificial intelligence in MXene-based devices: from synthesis to applications,https://doi.org/10.1039/d4nr03050h,2024,38,Nanoscale
W4391752216,A highly adsorptive electrochemical fiber sensor for real-time and accurate detection of intracranial nitric oxide,https://doi.org/10.1007/s40843-024-2808-2,2024,11,Science China Materials
W4399805479,"Compliance-free, analog RRAM devices based on SnOx",https://doi.org/10.1038/s41598-024-64662-9,2024,6,Scientific Reports
W3209263500,An Open-Source Wireless Electrophysiological Complex for In Vivo Recording Neuronal Activity in the Rodent’s Brain,https://doi.org/10.3390/s21217189,2021,7,Sensors
W3169539615,A Grating Coupler Design for Optical Vortex Mode Generation in Rectangular Waveguides,https://doi.org/10.1109/jphot.2021.3089664,2021,14,IEEE photonics journal
W4403424619,Tissue engineering strategies for ocular regeneration; from bench to the bedside,https://doi.org/10.1016/j.heliyon.2024.e39398,2024,8,Heliyon
W3026750576,Neural Stimulation in vitro and in vivo by Photoacoustic Nanotransducers,https://doi.org/10.1101/2020.05.20.106898,2020,6,bioRxiv (Cold Spring Harbor Laboratory)
W4400098339,Defect‐Driven Light Perception and Memristor Storage with Phase Transition in Vanadium Dioxide,https://doi.org/10.1002/aelm.202400006,2024,15,Advanced Electronic Materials
W4324053454,Effect of Titanium Cation Doping on the Performance of In2O3 Thin Film Transistors Grown via Atomic Layer Deposition,https://doi.org/10.3390/coatings13030605,2023,10,Coatings
W3212663920,Considerations and recent advances in nanoscale interfaces with neuronal and cardiac networks,https://doi.org/10.1063/5.0052666,2021,13,Applied Physics Reviews
W3005413353,Multi-level anomalous Hall resistance in a single Hall cross for the applications of neuromorphic device,https://doi.org/10.1038/s41598-020-58223-z,2020,5,Scientific Reports
W4392766776,Transparent vertical nanotube electrode arrays on graphene for cellular recording and optical imaging,https://doi.org/10.1038/s41427-024-00532-0,2024,6,NPG Asia Materials
W4402332298,Short‐Term and Long‐Term Memory Functionality of a Brain‐Like Device Built from Nanoparticle Atomic Switch Networks,https://doi.org/10.1002/aelm.202400360,2024,7,Advanced Electronic Materials
W4400509711,Volatile and Nonvolatile Dual‐Mode Switching Operations in an Ag‐Ag<sub>2</sub>S Core‐Shell Nanoparticle Atomic Switch Network,https://doi.org/10.1002/aelm.202300709,2024,7,Advanced Electronic Materials
W4412786049,"Memristor Emulator Circuits: Recent Advances in Design Methodologies, Healthcare Applications, and Future Prospects",https://doi.org/10.3390/mi16070818,2025,12,Micromachines
W4386505311,Functional nanoparticle-enabled non-genetic neuromodulation,https://doi.org/10.1186/s12951-023-02084-x,2023,14,Journal of Nanobiotechnology
W4415783594,Closed‐Loop Haptic–Thermal Perception with Memristor‐Based Spiking Neurons for Embodied Neuromorphic Intelligence,https://doi.org/10.1002/adfm.202523270,2025,6,Advanced Functional Materials
W3163043315,Intelligent Shape-Morphing Micromachines,https://doi.org/10.34133/2021/9806463,2021,11,Research
W4412700817,"Photomediated ion dynamics enables multi-modal learning, memory and sensing in ultralow-voltage organic electrochemical device",https://doi.org/10.1038/s41467-025-61783-1,2025,5,Nature Communications
W4412150456,Revolutionizing brain‒computer interfaces: overcoming biocompatibility challenges in implantable neural interfaces,https://doi.org/10.1186/s12951-025-03573-x,2025,13,Journal of Nanobiotechnology
W4402920018,Achieving liquid processors by colloidal suspensions for reservoir computing,https://doi.org/10.1038/s43246-024-00653-7,2024,6,Communications Materials
W4400854552,Dynamic Memristors for Temporal Signal Processing,https://doi.org/10.1002/admt.202400764,2024,5,Advanced Materials Technologies
W4386851191,Bio-Inspired Information Pathways,https://doi.org/10.1007/978-3-031-36705-2,2023,5,Springer series on bio- and neurosystems
W4319791701,Nanotherapeutic and Stem Cell Therapeutic Strategies in Neurodegenerative Diseases: A Promising Therapeutic Approach,https://doi.org/10.2147/ijn.s395010,2023,48,International Journal of Nanomedicine
W4306871110,Comparison of fractal and grid electrodes for studying the effects of spatial confinement on dissociated retinal neuronal and glial behavior,https://doi.org/10.1038/s41598-022-21742-y,2022,5,Scientific Reports
W4280613285,"Wearable Near-Field Communication Sensors for Healthcare: Materials, Fabrication and Application",https://doi.org/10.3390/mi13050784,2022,46,Micromachines
W4400680749,A silicon diode–based optoelectronic interface for bidirectional neural modulation,https://doi.org/10.1073/pnas.2404164121,2024,7,Proceedings of the National Academy of Sciences
W4415583864,"Organophosphate pesticides: a review on classification, synthesis, toxicity, remediation and analysis",https://doi.org/10.1039/d5ra05552k,2025,18,RSC Advances
W4296286882,Multiscale Pseudoatomistic Quantum Transport Modeling for van der Waals Heterostructures,https://doi.org/10.1103/physrevapplied.18.034045,2022,12,Physical Review Applied
W4327955875,Modeling and Simulation Investigation of Ferroelectric-Based Electrostatic Doping for Tunnelling Field-Effect Transistor,https://doi.org/10.3390/mi14030672,2023,5,Micromachines
W4402542656,Lanthanide ion-doped upconversion nanoparticles for low-energy super-resolution applications,https://doi.org/10.1038/s41377-024-01547-6,2024,56,Light Science & Applications
W4405721735,Role of en-APTAS Membranes in Enhancing the NO2 Gas-Sensing Characteristics of Carbon Nanotube/ZnO-Based Memristor Gas Sensors,https://doi.org/10.3390/bios14120635,2024,12,Biosensors
W4402456884,Bio‐Plausible Multimodal Learning with Emerging Neuromorphic Devices,https://doi.org/10.1002/advs.202406242,2024,14,Advanced Science
W4411441361,Towards energy-autonomous wearables: Multimodal harvesting technologies and sustainable applications,https://doi.org/10.59717/j.xinn-mater.2025.100143,2025,10,The Innovation Materials
W4389360634,Biohybrid nanointerfaces for neuromodulation,https://doi.org/10.1016/j.nantod.2023.102094,2023,15,Nano Today
W4400920331,A memristive-photoconductive transduction methodology for accurately nondestructive memory readout,https://doi.org/10.1038/s41377-024-01519-w,2024,8,Light Science & Applications
W4409474206,Biomimetic Robotics and Intelligence: A Survey,https://doi.org/10.1002/smb2.12010,2025,17,SmartBot
W3035975148,Multisensor Systems and Arrays for Medical Applications Employing Naturally-Occurring Compounds and Materials,https://doi.org/10.3390/s20123551,2020,23,Sensors
W4365511814,Neuromorphic Computing between Reality and Future Needs,https://doi.org/10.5772/intechopen.110097,2023,5,Artificial intelligence
W4402373270,2D and Quasi-2D Halide Perovskite-Based Resistive Switching Memory Systems,https://doi.org/10.3390/electronics13173572,2024,24,Electronics
W3168689319,Prediction of functional properties of nano $$\hbox {TiO}_2$$ coated cotton composites by artificial neural network,https://doi.org/10.1038/s41598-021-91733-y,2021,19,Scientific Reports
W4319319682,Hybrid Fiber Materials according to the Manufacturing Technology Methods and IOT Materials: A Systematic Review,https://doi.org/10.3390/ma16041351,2023,10,Materials
W4412599165,Analog Resistive Switching Phenomena in Titanium Oxide Thin-Film Memristive Devices,https://doi.org/10.3390/ma18153454,2025,7,Materials
W4323668704,Phenomenological model of superconducting optoelectronic loop neurons,https://doi.org/10.1103/physrevresearch.5.013164,2023,6,Physical Review Research
W4284898369,Versatile <scp>aza‐BODIPY</scp>‐based <scp>low‐bandgap</scp> conjugated small molecule for light harvesting and <scp>near‐infrared</scp> photodetection,https://doi.org/10.1002/inf2.12345,2022,17,InfoMat
W3036763586,Control of electrical resistance and magnetoresistance by electric-field-driven oxygen ion migration in a single GdOx wire,https://doi.org/10.1038/s41427-020-0222-y,2020,5,NPG Asia Materials
W4411575650,A Comprehensive Review of Advanced Sensor Technologies for Fire Detection with a Focus on Gasistor-Based Sensors,https://doi.org/10.3390/chemosensors13070230,2025,13,Chemosensors
W3134520991,The Future of Neuroscience: Flexible and Wireless Implantable Neural Electronics,https://doi.org/10.1002/advs.202002693,2021,108,Advanced Science
W4402368842,"Axonal Regeneration after Spinal Cord Injury: Molecular Mechanisms, Regulatory Pathways, and Novel Strategies",https://doi.org/10.3390/biology13090703,2024,14,Biology
W4390910777,The impact of local pinning sites in magnetic tunnel junctions with non-homogeneous free layers,https://doi.org/10.1038/s43246-023-00423-x,2024,9,Communications Materials
W4214564736,Use of an Artificial Neural Network for Tensile Strength Prediction of Nano Titanium Dioxide Coated Cotton,https://doi.org/10.3390/polym14050937,2022,15,Polymers
W4402138690,"Polymer Dielectric-Based Emerging Devices: Advancements in Memory, Field-Effect Transistor, and Nanogenerator Technologies",https://doi.org/10.3390/mi15091115,2024,16,Micromachines
W4411799924,"A Bionic Eye with Color Vision, Environmental Adaptivity and Neuromorphic Signal Processing Functions",https://doi.org/10.1109/edtm61175.2025.11041157,2025,0,
W4404120883,Surface-modified CMOS biosensors,https://doi.org/10.3389/fbioe.2024.1441430,2024,6,Frontiers in Bioengineering and Biotechnology
W3040379931,Effects of Graphene-Based Materials on the Behavior of Neural Stem Cells,https://doi.org/10.1155/2020/2519105,2020,19,Journal of Nanomaterials
W4386186357,Vertical 3-Terminal Artificial Synaptic Devices,https://doi.org/10.56767/jfpe.2023.2.1.1,2023,3,Journal of Flexible and Printed Electronics
W4391315517,Graphene Magnetoresistance Control by Photoferroelectric Substrate,https://doi.org/10.1021/acsnano.3c07277,2024,9,ACS Nano
W4406243333,Recent Progress in Self-Healing Triboelectric Nanogenerators for Artificial Skins,https://doi.org/10.3390/bios15010037,2025,17,Biosensors
W4413265202,Continuous Monitoring with AI-Enhanced BioMEMS Sensors: A Focus on Sustainable Energy Harvesting and Predictive Analytics,https://doi.org/10.3390/mi16080902,2025,7,Micromachines
W4380986294,Research Progress of Photoelectric Resistive Switching Mechanism of Halide Perovskite,https://doi.org/10.15541/jim20230132,2023,7,Journal of Inorganic Materials
W4409037385,Emerging fiber-based neural interfaces with conductive composites,https://doi.org/10.1039/d4mh01854k,2025,12,Materials Horizons
W4413112716,Stimuli‐Responsive Materials for Biomedical Applications,https://doi.org/10.1002/adma.202507559,2025,46,Advanced Materials
W4408041142,"Synergistic effects of polymer integration on the properties, stability, and applications of MXenes",https://doi.org/10.1039/d4ta08094g,2025,81,Journal of Materials Chemistry A
W4367049374,Effect of Oxygen Exchange between Two Oxide Layers of a Memristive Bilayer Valence-Change Memory Cell on the Switching Polarity,https://doi.org/10.1103/physrevapplied.19.044084,2023,9,Physical Review Applied
W3042679386,Sensitive Detection of Motor Neuron Disease Derived Exosomal miRNA Using Electrocatalytic Activity of Gold‐Loaded Superparamagnetic Ferric Oxide Nanocubes,https://doi.org/10.1002/celc.202000828,2020,24,ChemElectroChem
W4391350364,Strongly stable resistive random access memory based on quasi-two-dimensional perovskites,https://doi.org/10.1007/s40843-023-2738-5,2024,6,Science China Materials
W4390906576,Synaptic Plasticity Modulation of Neuromorphic Transistors through Phosphorus Concentration in Phosphosilicate Glass Electrolyte Gate,https://doi.org/10.3390/nano14020203,2024,5,Nanomaterials
W4410041092,Adhesive bioelectronics for closed-loop therapy,https://doi.org/10.1007/s44258-025-00055-5,2025,7,Med-X
W4319317096,Exhaled Biomarkers for Point-of-Care Diagnosis: Recent Advances and New Challenges in Breathomics,https://doi.org/10.3390/mi14020391,2023,32,Micromachines
W4367680672,Functional bioengineered tissue models of neurodegenerative diseases,https://doi.org/10.1016/j.biomaterials.2023.122143,2023,8,Biomaterials
W4411964949,Bio-inspired optoelectronic devices and systems for energy-efficient in-sensor computing,https://doi.org/10.1038/s44335-025-00031-7,2025,8,npj Unconventional Computing
W4385753387,Multifunctional starch-based double-network hydrogels as electronic skin,https://doi.org/10.1088/1361-6463/acef34,2023,7,Journal of Physics D Applied Physics
W4320891003,Scalable pattern formation of skeletal myotubes by synergizing microtopographic cues and chiral nematics of cells,https://doi.org/10.1088/1758-5090/acbc4d,2023,8,Biofabrication
W4385665605,Living-Neuron-Based Autogenerator,https://doi.org/10.3390/s23167016,2023,7,Sensors
W4413111707,Unraveling the dynamics of conductive filaments in MoS2-based memristors by operando transmission electron microscopy,https://doi.org/10.1038/s41467-025-62592-2,2025,10,Nature Communications
W4391536214,Sex‐dependent improvement in traumatic brain injury outcomes after liposomal delivery of dexamethasone in mice,https://doi.org/10.1002/btm2.10647,2024,13,Bioengineering & Translational Medicine
W4407011985,Flexible and stretchable bioelectronics for organoids,https://doi.org/10.1007/s44258-024-00046-y,2025,8,Med-X
W4410840878,Serotonergic Regulation in Alzheimer’s Disease,https://doi.org/10.3390/ijms26115218,2025,12,International Journal of Molecular Sciences
W4311724325,Potential therapeutic strategies for photoreceptor degeneration: the path to restore vision,https://doi.org/10.1186/s12967-022-03738-4,2022,21,Journal of Translational Medicine
W4387694009,Implementation of Physical Reservoir Computing in a TaOx/FTO-Based Memristor Device,https://doi.org/10.3390/math11204325,2023,5,Mathematics
W4406708109,The Multifaceted Role of 3D Printed Conducting Polymers in Next-Generation Energy Devices: A Critical Perspective,https://doi.org/10.1021/jacsau.4c00796,2025,22,JACS Au
W3013752928,Protein assembly systems in natural and synthetic biology,https://doi.org/10.1186/s12915-020-0751-4,2020,76,BMC Biology
W4412597844,Non-volatile electric-field control of room-temperature ferromagnetism in Fe3GaTe2 heterostructures,https://doi.org/10.1038/s41467-025-62159-1,2025,9,Nature Communications
W3165180335,Memristors: A Journey from Material Engineering to Beyond Von-Neumann Computing,https://doi.org/10.29292/jics.v16i1.479,2021,8,Journal of Integrated Circuits and Systems
W4200120963,A locally Active Discrete Memristor Model and Its Application in a Hyperchaotic Map,https://doi.org/10.21203/rs.3.rs-1007111/v1,2021,5,Research Square
W4391022973,Ginkgolide A attenuated apoptosis via inhibition of oxidative stress in mice with traumatic brain injury,https://doi.org/10.1016/j.heliyon.2024.e24759,2024,9,Heliyon
W4390463111,2D nanostructures: Potential in diagnosis and treatment of Alzheimer’s disease,https://doi.org/10.1016/j.biopha.2023.116070,2023,19,Biomedicine & Pharmacotherapy
W4413250481,High-performance flexible circularly polarized light photodetectors based on chiral n-type naphthalenediimide-bithiophene polymers,https://doi.org/10.1038/s41528-025-00443-2,2025,6,npj Flexible Electronics
W4414622414,Ultra-highly linear Ga2O3-based cascade heterojunctions optoelectronic synapse with thousands of conductance states for neuromorphic visual system,https://doi.org/10.1038/s41377-025-01897-9,2025,5,Light Science & Applications
W4388771455,A Perspective on Prosthetic Hands Control: From the Brain to the Hand,https://doi.org/10.3390/prosthesis5040083,2023,13,Prosthesis
W4383105750,Implementation of Highly Stable Memristive Characteristics in an Organic–Inorganic Hybrid Resistive Switching Layer of Chitosan-Titanium Oxide with Microwave-Assisted Oxidation,https://doi.org/10.3390/molecules28135174,2023,5,Molecules
W4388971489,Mercury Chalcogenide Colloidal Quantum Dots for Infrared Photodetectors,https://doi.org/10.3390/ma16237321,2023,9,Materials
W4403237639,Organoid intelligence for developmental neurotoxicity testing,https://doi.org/10.3389/fncel.2024.1480845,2024,11,Frontiers in Cellular Neuroscience
W4389252553,Waveguide-Integrated Plasmonic Photodetectors and Activation Function Units With Phase Change Materials,https://doi.org/10.1109/jphot.2023.3338415,2023,9,IEEE photonics journal
W4385332531,Investigating on sensing mechanism of MoS<sub>2</sub>-FET biosensors in response to proteins,https://doi.org/10.1088/1361-6528/aceb6a,2023,5,Nanotechnology
W4402781128,"Cellular Nanointerface of Vertical Nanostructures: Impact of Size‐Modulated Nanopillar Arrays on Neuronal Morphology, Maturation, and Synapse Formation",https://doi.org/10.1002/sstr.202400314,2024,5,Small Structures
W3005919009,"A Skin-Conformal, Stretchable, and Breathable Fiducial Marker Patch for Surgical Navigation Systems",https://doi.org/10.3390/mi11020194,2020,9,Micromachines
W2999884783,Multi-Terminal Transistor-Like Devices Based on Strongly Correlated Metallic Oxides for Neuromorphic Applications,https://doi.org/10.3390/ma13020281,2020,5,Materials
W4378468922,"Single point mutations at the S129 residue of α-synuclein and their effect on structure, aggregation, and neurotoxicity",https://doi.org/10.3389/fchem.2023.1145877,2023,7,Frontiers in Chemistry
W3096804668,Contributions of Molecular and Optical Techniques to the Clinical Diagnosis of Alzheimer’s Disease,https://doi.org/10.3390/brainsci10110815,2020,12,Brain Sciences
W4414602163,Constructing artificial neurons with functional parameters comprehensively matching biological values,https://doi.org/10.1038/s41467-025-63640-7,2025,3,Nature Communications
W4387385818,Theoretical Study on the Role of Gating and Photoconduction on Ga <sub>2</sub> O <sub>3</sub> Phototransistors,https://doi.org/10.1109/jsen.2023.3320797,2023,5,IEEE Sensors Journal
W4306391577,A Vertical Single Transistor Neuron with Core–Shell Dual-Gate for Excitatory–Inhibitory Function and Tunable Firing Threshold Voltage,https://doi.org/10.3390/mi13101740,2022,3,Micromachines
W3144820203,Euxanthone inhibits traumatic spinal cord injury via anti-oxidative stress and suppression of p38 and PI3K/Akt signaling pathway in a rat model,https://doi.org/10.1515/tnsci-2021-0012,2021,17,Translational Neuroscience
W4304184366,"Activation-Inhibition Coordination in Neuron, Brain, and Behavior Sequencing/Organization: Implications for Laterality and Lateralization",https://doi.org/10.3390/sym14102051,2022,9,Symmetry
W4282577381,High-density individually addressable platinum nanoelectrodes for biomedical applications,https://doi.org/10.1007/s43939-022-00027-1,2022,4,Discover Materials
W4385458037,Incorporating structural plasticity into self-organization recurrent networks for sequence learning,https://doi.org/10.3389/fnins.2023.1224752,2023,4,Frontiers in Neuroscience
W3207057352,Protective multi‑target effects of DL‑3‑n‑butylphthalide combined with 3‑methyl‑1‑phenyl‑2‑pyrazolin‑5‑one in mice with ischemic stroke,https://doi.org/10.3892/mmr.2021.12490,2021,7,Molecular Medicine Reports
W4413419852,Highly Ordered Conducting Polymers: Fabrication Strategies and Applications,https://doi.org/10.1021/accountsmr.5c00136,2025,7,Accounts of Materials Research
W4404721603,Advancements in wearable heart sounds devices for the monitoring of cardiovascular diseases,https://doi.org/10.1002/smm2.1311,2024,32,SmartMat
W4405047676,Revealing the Effect of Crystalline Self-Assembled Monolayer in Biomimetic Photosynapse with Ultraviolet Light Protection Capability,https://doi.org/10.1021/acsami.4c14221,2024,4,ACS Applied Materials & Interfaces
W4400405497,Wafer scale WS<sub>2</sub> based ultrafast photosensing and memory computing devices for neuromorphic computing,https://doi.org/10.1088/1361-6528/ad6006,2024,5,Nanotechnology
W4384298352,Iontronic and electrochemical investigations of 2D tellurene in aqueous electrolytes,https://doi.org/10.1002/smm2.1234,2023,10,SmartMat
W3184703975,Quantum tunneling in two-dimensional van der Waals heterostructures and devices,https://doi.org/10.1007/s40843-021-1685-y,2021,27,Science China Materials
W4385161879,Exploring the Potential of Aptamers in Targeting Neuroinflammation and Neurodegenerative Disorders: Opportunities and Challenges,https://doi.org/10.3390/ijms241411780,2023,18,International Journal of Molecular Sciences
W4390603575,The Artificial Neuron: Built From Nanosheet Transistors to Achieve Ultra Low Power Consumption,https://doi.org/10.1109/access.2024.3350268,2024,5,IEEE Access
W3041460528,Multiscale engineering of functional organic polymer interfaces for neuronal stimulation and recording,https://doi.org/10.1039/d0qm00279h,2020,8,Materials Chemistry Frontiers
W4391249312,Quantum Conductance and Temperature Effects in Titanium Oxide-Based Memristive Devices,https://doi.org/10.1109/ted.2024.3354868,2024,5,IEEE Transactions on Electron Devices
W3179558193,Complementary switching in single Nb3O7(OH) nanowires,https://doi.org/10.1063/5.0052589,2021,3,APL Materials
W4382786876,Dynamic residual deep learning with photoelectrically regulated neurons for immunological classification,https://doi.org/10.1016/j.xcrp.2023.101481,2023,5,Cell Reports Physical Science
W4200134590,A Review on Solution-Processed Organic Phototransistors and Their Recent Developments,https://doi.org/10.20944/preprints202112.0096.v1,2021,4,Preprints.org
W3009734414,Topological Properties of Neuromorphic Nanowire Networks,https://doi.org/10.3389/fnins.2020.00184,2020,64,Frontiers in Neuroscience
W3083666883,Dynamic Electrical Pathway Tuning in Neuromorphic Nanowire Networks,https://doi.org/10.1002/adfm.202003679,2020,53,Advanced Functional Materials
W3008083675,Associative routing through neuromorphic nanowire networks,https://doi.org/10.1063/1.5140579,2020,36,AIP Advances
W3137061032,"Neuromorphic nanowire networks: principles, progress and future prospects for neuro-inspired information processing",https://doi.org/10.1080/23746149.2021.1894234,2021,49,Advances in Physics X
W3089449982,Neuromorphic Information Processing with Nanowire Networks,https://doi.org/10.1109/iscas45731.2020.9181034,2020,22,
W4404068246,Advancements in Nanowire-Based Devices for Neuromorphic Computing: A Review,https://doi.org/10.1021/acsnano.4c10170,2024,22,ACS Nano
W3095076060,Sleep-Dependent Memory Consolidation in a Neuromorphic Nanowire Network,https://doi.org/10.1021/acsami.0c11157,2020,21,ACS Applied Materials & Interfaces
W3010339880,Neuromorphic nanoelectronic materials,https://doi.org/10.1038/s41565-020-0647-z,2020,865,Nature Nanotechnology
W4413956589,Universal Core–Shell Nanowire Memristor Platform with Quasi‐2D Filament Confinement for Scalable Neuromorphic Applications,https://doi.org/10.1002/adfm.202518764,2025,31,Advanced Functional Materials
W4295119433,A superconducting nanowire-based architecture for neuromorphic computing,https://doi.org/10.1088/2634-4386/ac86ef,2022,14,Neuromorphic Computing and Engineering
W4294233625,Co-existence of bipolar nonvolatile and volatile resistive switching based on WO3 nanowire for applications in neuromorphic computing and selective memory,https://doi.org/10.1063/5.0113433,2022,29,Applied Physics Letters
W3206608228,MNIST classification using Neuromorphic Nanowire Networks,https://doi.org/10.1145/3477145.3477162,2021,11,
W4408386249,Self‐organized Criticality in Neuromorphic Nanowire Networks With Tunable and Local Dynamics,https://doi.org/10.1002/adfm.202423903,2025,14,Advanced Functional Materials
W4312568621,Speech recognition through physical reservoir computing with neuromorphic nanowire networks,https://doi.org/10.1109/ijcnn55064.2022.9892078,2022,10,2022 International Joint Conference on Neural Networks (IJCNN)
W4287736033,A Junctionless Single Transistor Neuron With Vertically Stacked Multiple Nanowires for Highly Scalable Neuromorphic Hardware,https://doi.org/10.1109/ted.2022.3167622,2022,12,IEEE Transactions on Electron Devices
W4404361778,Emerging Spatiotemporal Dynamics in Multiterminal Neuromorphic Nanowire Networks Through Conductance Matrices and Voltage Maps,https://doi.org/10.1002/aelm.202400750,2024,11,Advanced Electronic Materials
W3203182249,"A Vertical Silicon Nanowire Based Single Transistor Neuron with Excitatory, Inhibitory, and Myelination Functions for Highly Scalable Neuromorphic Hardware",https://doi.org/10.1002/smll.202103775,2021,18,Small
W4282827516,Resistive switching of two-dimensional Ag2S nanowire networks for neuromorphic applications,https://doi.org/10.1116/6.0001867,2022,5,Journal of Vacuum Science & Technology B Nanotechnology and Microelectronics Materials Processing Measurement and Phenomena
W4384787406,Silicon Nanowire Charge Trapping Memory for Energy-Efficient Neuromorphic Computing,https://doi.org/10.1109/tnano.2023.3296673,2023,4,IEEE Transactions on Nanotechnology
W4401953265,Memristive Devices Based on Necklace-like Structure Ag@TiO<sub>2</sub> Nanowire Networks for Neuromorphic Learning and Reservoir Computing,https://doi.org/10.1021/acsanm.4c04063,2024,6,ACS Applied Nano Materials
W4408323640,High-Performance Edge-Line Contact Memristors with In-Plane Solid–Liquid–Solid Grown Silicon Nanowires for Probabilistic Neuromorphic Computing,https://doi.org/10.1021/acsnano.4c16583,2025,7,ACS Nano
W4297243441,A memristor-based analogue reservoir computing system for real-time and power-efficient signal processing,https://doi.org/10.1038/s41928-022-00838-3,2022,309,Nature Electronics
W4407379278,Charge Transport and Noise in PVP-Coated Silver Nanowire Networks: Implications for Neuromorphic Applications,https://doi.org/10.1021/acsanm.4c05684,2025,2,ACS Applied Nano Materials
W4393947876,Self-organizing neuromorphic nanowire networks are stochastic dynamical systems,https://doi.org/10.21203/rs.3.rs-4102090/v1,2024,1,Research Square
W3118297279,Intrinsically Conductive Microbial Nanowires for ‘Green’ Electronics with Novel Functions,https://doi.org/10.1016/j.tibtech.2020.12.005,2021,84,Trends in biotechnology
W3109039598,3D Nanomagnetism in Low Density Interconnected Nanowire Networks,https://doi.org/10.1021/acs.nanolett.0c04366,2020,67,Nano Letters
W3213043922,Nanoscale neuromorphic networks and criticality: a perspective,https://doi.org/10.1088/2632-072x/ac3ad3,2021,33,Journal of Physics Complexity
W3027857890,Intrinsic plasticity of silicon nanowire neurotransistors for dynamic memory and learning functions,https://doi.org/10.1038/s41928-020-0412-1,2020,64,Nature Electronics
W4284972389,Reservoir computing with 3D nanowire networks,https://doi.org/10.1016/j.neunet.2022.07.001,2022,49,Neural Networks
W3091420610,Reservoir Computing with Neuromemristive Nanowire Networks,https://doi.org/10.1109/ijcnn48605.2020.9207727,2020,42,
W4400317604,Microbial nanowires for sustainable electronics,https://doi.org/10.1038/s44222-024-00204-2,2024,35,Nature Reviews Bioengineering
W3131051674,Observation of Coherent Spin Waves in a Three-Dimensional Artificial Spin Ice Structure,https://doi.org/10.1021/acs.nanolett.1c00650,2021,72,Nano Letters
W4399261683,Adaptive Processing Enabled by Sodium Alginate Based Complementary Memristor for Neuromorphic Sensory System,https://doi.org/10.1002/adma.202314156,2024,39,Advanced Materials
W4389659035,Fabrication and integration of photonic devices for phase-change memory and neuromorphic computing,https://doi.org/10.1088/2631-7990/ad1575,2023,47,International Journal of Extreme Manufacturing
W2998808807,Threshold switching of non-stoichiometric CuO nanowire for selector application,https://doi.org/10.1063/1.5131733,2020,27,Applied Physics Letters
W4324303501,Hybrid spin Hall nano-oscillators based on ferromagnetic metal/ferrimagnetic insulator heterostructures,https://doi.org/10.1038/s41467-023-37028-4,2023,23,Nature Communications
W4399708700,Development of Bio‐Voltage Operated Humidity‐Sensory Neurons Comprising Self‐Assembled Peptide Memristors,https://doi.org/10.1002/adma.202405145,2024,48,Advanced Materials
W4312095679,"Neuromorphic Gustatory System with Salt-Taste Perception, Information Processing, and Excessive-Intake Warning Capabilities",https://doi.org/10.1021/acs.nanolett.2c02775,2022,51,Nano Letters
W3208927457,A low-dimensional hybrid p-i-n heterojunction neuromorphic transistor with ultra-high UV sensitivity and immediate switchable plasticity,https://doi.org/10.1016/j.apmt.2021.101223,2021,44,Applied Materials Today
W3126229341,Dynamically Driven Emergence in a Nanomagnetic System,https://doi.org/10.1002/adfm.202008389,2021,47,Advanced Functional Materials
W4226097961,Transparent Organic Nonvolatile Memory and Volatile Synaptic Transistors Based on Floating Gate Structure,https://doi.org/10.1109/led.2022.3164090,2022,24,IEEE Electron Device Letters
W4220711214,Connectome of memristive nanowire networks through graph theory,https://doi.org/10.1016/j.neunet.2022.02.022,2022,46,Neural Networks
W3027252204,Nonreciprocal coherent coupling of nanomagnets by exchange spin waves,https://doi.org/10.1007/s12274-020-3251-5,2020,37,Nano Research
W4310952757,3D Interconnected Magnetic Nanowire Networks as Potential Integrated Multistate Memristors,https://doi.org/10.1021/acs.nanolett.2c03616,2022,24,Nano Letters
W3115785747,Nonreciprocal coherent coupling of nanomagnets by exchange spin waves,,2021,36,MPG.PuRe (Max Planck Society)
W3010025050,Piezo/Tribotronics Toward Smart Flexible Sensors,https://doi.org/10.1002/aisy.201900175,2020,48,Advanced Intelligent Systems
W4320002484,Nanowire memristor as artificial synapse in random networks,https://doi.org/10.1016/b978-0-323-85796-3.00008-1,2023,3,Elsevier eBooks
W4404486032,Investigation of resistive switching behavior driven by active and passive electrodes in MoO2–MoS2 core shell nanowire memristors,https://doi.org/10.1063/5.0233927,2024,4,Applied Physics Letters
W4362691978,Effects of Interface Oxidation on Noise Properties and Performance in III–V Vertical Nanowire Memristors,https://doi.org/10.1021/acsami.2c21669,2023,4,ACS Applied Materials & Interfaces
W3039883077,Applications of p-n homojunction ZnO nanowires to one-diode one-memristor RRAM arrays,https://doi.org/10.1016/j.scriptamat.2020.06.061,2020,30,Scripta Materialia
W3017303774,Bioinspired bio-voltage memristors,https://doi.org/10.1038/s41467-020-15759-y,2020,249,Nature Communications
W4386214585,Printed Memristors Using Hydrothermally Grown Zinc Oxide Nanowires,https://doi.org/10.1109/fleps57599.2023.10220222,2023,1,
W3116534044,VO<sub>2</sub> Nanostructures for Batteries and Supercapacitors: A Review,https://doi.org/10.1002/smll.202006651,2020,150,Small
W4387806298,Memristor crossbar with hafnium oxide nanowires in artificial vision system,https://doi.org/10.1063/5.0175081,2023,1,AIP conference proceedings
W4405364767,High performance memristor device from solution processed MnO2 nanowires: Tuning of resistive switching from analog to digital and underlying mechanism,https://doi.org/10.1016/j.memori.2024.100120,2024,1,Memories - Materials Devices Circuits and Systems
W4319788293,High‐Temporal‐Resolution Characterization Reveals Outstanding Random Telegraph Noise and the Origin of Dielectric Breakdown in h‐BN Memristors,https://doi.org/10.1002/adfm.202213816,2023,30,Advanced Functional Materials
W4411799125,Low-Complexity Method for Shortest Path Optimization Problems Based on Nanowire Memristor Network,https://doi.org/10.1109/edtm61175.2025.11041336,2025,0,
W4408363572,HAFNIA (IV) Nanowires Memristor Arrays Manufacturing Supports Artificial Vision Engineering,https://doi.org/10.1007/978-981-96-1285-7_2,2025,0,Algorithms for intelligent systems
W4404761004,Facile Hydrothermal Synthesis and Resistive Switching Mechanism of the α-Fe2O3 Memristor,https://doi.org/10.3390/molecules29235604,2024,5,Molecules
W3136584292,Hardware Security for and beyond CMOS Technology,https://doi.org/10.1145/3439706.3446902,2021,17,
W4304758282,An Effective Sneak‐Path Solution Based on a Transient‐Relaxation Device,https://doi.org/10.1002/adma.202207133,2022,15,Advanced Materials
W4288083501,Hardware Security For and Beyond CMOS Technology,https://doi.org/10.1145/3372780.3378175,2020,22,
W4414347591,Reconfigurable optoelectronic memristive architecture based on doped nanowire array for in-memory parallel perception and computation,https://doi.org/10.1093/nsr/nwaf386,2025,18,National Science Review
W4391019544,Emulating Multimemristive Behavior of Silicon Nanowire-Based Biosensors by Using CMOS-Based Implementations,https://doi.org/10.1109/jsen.2024.3353669,2024,7,IEEE Sensors Journal
W3195529426,ANALYSIS OF DYNAMIC PROCESSES IN NANOELECTRONIC STRUCTURES BASED ON MEMRESISTIVE ELEMENTS,https://doi.org/10.37313/1990-5378-2021-23-2-91-97,2021,1,Izvestiya of Samara Scientific Center of the Russian Academy of Sciences
W4391500635,Multi-ion controllable metal halide ionic structure for selective short- and long-term memorable synaptic devices,https://doi.org/10.1016/j.nantod.2024.102184,2024,10,Nano Today
W4322761833,PbI3− ion abnormal migration in CH3NH3PbI Cl3- ultralong single nanowire for resistive switching memories,https://doi.org/10.1016/j.matchar.2023.112762,2023,12,Materials Characterization
W3089199345,Wrinkled‐Surface‐Induced Memristive Behavior of MoS<sub>2</sub> Wrapped GaN Nanowires,https://doi.org/10.1002/aelm.202000571,2020,7,Advanced Electronic Materials
W3003660931,Self-assembly and growth mechanism of N-polar knotted GaN nanowires on c-plane sapphire substrate by Au-assisted chemical vapor deposition,https://doi.org/10.1016/j.jallcom.2020.154070,2020,9,Journal of Alloys and Compounds
W4384133853,Stable resistive switching behavior of polyvinyl alcohol coating film-based memristor under multiple operating voltages by doping AgNWs,https://doi.org/10.1016/j.colsurfa.2023.132053,2023,9,Colloids and Surfaces A Physicochemical and Engineering Aspects
W4302027720,ZnO Single-Nanowire Schottky Barrier Resistive Switching Memory Assembly with Dielectrophoresis,https://doi.org/10.1007/s11664-022-09959-z,2022,7,Journal of Electronic Materials
W4210780435,Multi-Bandgap Monolithic Metal Nanowire Percolation Network Sensor Integration by Reversible Selective Laser-Induced Redox,https://doi.org/10.1007/s40820-021-00786-1,2022,59,Nano-Micro Letters
W3216935075,Optimization of hydrogen-ion storage performance of tungsten trioxide nanowires by niobium doping,https://doi.org/10.1088/1361-6528/ac3e8e,2021,8,Nanotechnology
W3095488155,Organic Memristive Devices Based on Squaraine Nanowires,https://doi.org/10.1021/acsaelm.0c00652,2020,7,ACS Applied Electronic Materials
W3029690355,"Size Distribution, Mechanical and Electrical Properties of CuO Nanowires Grown by Modified Thermal Oxidation Methods",https://doi.org/10.3390/nano10061051,2020,29,Nanomaterials
W4391467778,<i>N</i>-Doped Graphene/MXene Nanocomposite as a Temperature-Adaptive Neuromorphic Memristor,https://doi.org/10.1021/acsanm.3c05007,2024,10,ACS Applied Nano Materials
W4383710709,Advances in the Application of Perovskite Materials,https://doi.org/10.1007/s40820-023-01140-3,2023,408,Nano-Micro Letters
W3015048984,Defect Analysis and Parallel Testing for 3D Hybrid CMOS-Memristor Memory,https://doi.org/10.1109/tetc.2020.2982830,2020,7,IEEE Transactions on Emerging Topics in Computing
W4403614715,From Solid to Fluid: Novel Approaches in Neuromorphic Engineering,https://doi.org/10.2174/0118722105305259240919074119,2024,3,Recent Patents on Nanotechnology
W4384468978,Au decorated ZnO nanostructures for enhanced visible emission and memory applications,https://doi.org/10.1016/j.jallcom.2023.171368,2023,8,Journal of Alloys and Compounds
W4292482592,Negative Differential Resistance in the Au-Coated CH<sub>3</sub>NH<sub>3</sub>PbBr<sub>3</sub> Perovskite Photodetectors with Fast Response,https://doi.org/10.1021/acs.jpcc.2c03364,2022,3,The Journal of Physical Chemistry C
W3009867521,Deep Learning in Memristive Nanowire Networks,https://doi.org/10.48550/arxiv.2003.02642,2020,2,arXiv (Cornell University)
W4385723707,Exploring reservoir computing: Implementation via double stochastic nanowire networks,https://doi.org/10.1088/1674-1056/aceeea,2023,1,Chinese Physics B
W4229369310,"A Review of the Synthesis, Properties, and Applications of 2D Materials",https://doi.org/10.1002/ppsc.202200031,2022,388,Particle & Particle Systems Characterization
W3126088129,Investigation of switching uniformity in resistive memory via finite element simulation of conductive-filament formation,https://doi.org/10.1038/s41598-021-81896-z,2021,21,Scientific Reports
W4412036741,Optical Memristors Based on Homojunctions of Zinc Oxide Quantum Dots and Nanowires,https://doi.org/10.1021/acsanm.5c01750,2025,0,ACS Applied Nano Materials
W4400089518,Ultrahigh Bipolar Photoresponse in a Self-Powered Ultraviolet Photodetector Based on GaN and In/Sn-Doped Ga<sub>2</sub>O<sub>3</sub> Nanowires pn junction,https://doi.org/10.1021/acsami.4c04812,2024,21,ACS Applied Materials & Interfaces
W3164045745,Real-time sensing of neurotransmitters by functionalized nanopores embedded in a single live cell,https://doi.org/10.1186/s43556-021-00026-3,2021,24,Molecular Biomedicine
W3020126897,Compact Model of Dzyaloshinskii Domain Wall Motion-Based MTJ for Spin Neural Networks,https://doi.org/10.1109/ted.2020.2985115,2020,16,IEEE Transactions on Electron Devices
W3049302853,Fabrication of Waterproof Artificial Compound Eyes with Variable Field of View Based on the Bioinspiration from Natural Hierarchical Micro–Nanostructures,https://doi.org/10.1007/s40820-020-00499-x,2020,110,Nano-Micro Letters
W4308083907,Advances in Magnetic Domain Walls and Their Applications,https://doi.org/10.1109/mnano.2022.3195131,2022,20,IEEE Nanotechnology Magazine
W3010394536,Review on spintronics: Principles and device applications,https://doi.org/10.1016/j.jmmm.2020.166711,2020,1424,Journal of Magnetism and Magnetic Materials
W4389683380,Electrohydrodynamic printing for high resolution patterning of flexible electronics toward industrial applications,https://doi.org/10.1002/inf2.12505,2023,78,InfoMat
W3118957441,Magneto-Transport in Flexible 3D Networks Made of Interconnected Magnetic Nanowires and Nanotubes,https://doi.org/10.3390/nano11010221,2021,25,Nanomaterials
W4366199288,"In-materio reservoir computing based on nanowire networks: fundamental, progress, and perspective",https://doi.org/10.1088/2752-5724/accd87,2023,20,Materials Futures
W4404610263,2025 roadmap on 3D nanomagnetism,https://doi.org/10.1088/1361-648x/ad9655,2024,42,Journal of Physics Condensed Matter
W3000484748,Low-Power Switching through Disorder and Carrier Localization in Bismuth-Doped Germanium Telluride Phase Change Memory Nanowires,https://doi.org/10.1021/acsnano.9b08986,2020,22,ACS Nano
W4280551155,Superconducting Bio-Inspired Au-Nanowire-Based Neurons,https://doi.org/10.3390/nano12101671,2022,23,Nanomaterials
W3022429302,Current-controlled nanomagnetic writing for reconfigurable magnonic crystals,https://doi.org/10.1038/s42005-020-00487-y,2020,16,Communications Physics
W4407040054,Molecular Cocrystal Strategy for Retinamorphic Vision with UV–Vis–NIR Perception and Fast Recognition,https://doi.org/10.1021/acsnano.4c16251,2025,17,ACS Nano
W3047076889,A Novel Transverse Read Technique for Domain-Wall “Racetrack” Memories,https://doi.org/10.1109/tnano.2020.3014091,2020,18,IEEE Transactions on Nanotechnology
W3106648060,Current-controlled nanomagnetic writing for reconfigurable magnonic crystals,https://doi.org/10.17863/cam.60626,2020,21,UCL Discovery (University College London)
W4223520929,Molecular dynamics simulation of nanofilament breakage in neuromorphic nanoparticle networks,https://doi.org/10.1088/1361-6528/ac5e6d,2022,10,Nanotechnology
W4206806799,Stacking Engineered Room Temperature Ferroelectricity in Twisted Germanium Sulfide Nanowires,https://doi.org/10.1002/aelm.202101158,2022,11,Advanced Electronic Materials
W3107364045,Harnessing adaptive dynamics in neuro-memristive nanowire networks for transfer learning,https://doi.org/10.1109/icrc2020.2020.00007,2020,13,
W4386443790,An artificial olfactory sensory neuron for selective gas detection with in-sensor computing,https://doi.org/10.1016/j.device.2023.100063,2023,23,Device
W4307054498,Chiral Spin Textures for Next-Generation Memory and Unconventional Computing,https://doi.org/10.1021/acsaelm.2c01023,2022,20,ACS Applied Electronic Materials
W3045535078,Single-Grain Gate-All-Around Si Nanowire FET Using Low-Thermal-Budget Processes for Monolithic Three-Dimensional Integrated Circuits,https://doi.org/10.3390/mi11080741,2020,12,Micromachines
W4384927104,Easy-plane spin Hall oscillator,https://doi.org/10.1038/s42005-023-01298-7,2023,11,Communications Physics
W4293479353,Resistive Switching of Self‐Assembled Silver Nanowire Networks Governed by Environmental Conditions,https://doi.org/10.1002/aelm.202200631,2022,9,Advanced Electronic Materials
W4295038156,Ultra‐Confined Catalytic Growth Integration of Sub‐10 nm 3D Stacked Silicon Nanowires Via a Self‐Delimited Droplet Formation Strategy,https://doi.org/10.1002/smll.202204390,2022,24,Small
W4391846114,"Ergodicity, lack thereof, and the performance of reservoir computing with memristive networks",https://doi.org/10.1088/2632-959x/ad2999,2024,12,Nano Express
W4377223912,Dynamics of interacting skyrmions in magnetic nano-track,https://doi.org/10.1088/1361-6463/acd78d,2023,10,Journal of Physics D Applied Physics
W4386636878,Brainlike Networks of Nanowires and Nanoparticles: A Change of Perspective,https://doi.org/10.1103/physrevapplied.20.034021,2023,8,Physical Review Applied
W4402428555,Direct visualization of domain wall pinning in sub-100 nm 3D magnetic nanowires with cross-sectional curvature,https://doi.org/10.1039/d4nr02020k,2024,8,Nanoscale
W4401974201,Programmable Analog Circuits with Neuromorphic Nanostructured Platinum Films,https://doi.org/10.1002/aelm.202400434,2024,8,Advanced Electronic Materials
W3013125789,Spin transfer torque induced domain wall oscillations in ferromagnetic nanowire with a nanoscale Dzyaloshinskii–Moriya interaction region,https://doi.org/10.1016/j.jmmm.2020.166807,2020,15,Journal of Magnetism and Magnetic Materials
W4317039400,"Graphene oxide for photonics, electronics and optoelectronics",https://doi.org/10.1038/s41570-022-00458-7,2023,539,Nature Reviews Chemistry
W3127960927,Temperature-dependent collective magnetization reversal in a network of ferromagnetic nanowires,https://doi.org/10.1063/9.0000170,2021,5,AIP Advances
W4389961098,On the Performance of Online Adaptation of Robots Controlled by Nanowire Networks,https://doi.org/10.1109/access.2023.3345224,2023,4,IEEE Access
W4294677009,Augmented tactile-perception and haptic-feedback rings as human-machine interfaces aiming for immersive interactions,https://doi.org/10.1038/s41467-022-32745-8,2022,490,Nature Communications
W3205904135,Magnetic Skyrmions: Recent advances and applications,https://doi.org/10.1109/mnano.2021.3113215,2021,7,IEEE Nanotechnology Magazine
W4414851430,Defect-sensitive high-frequency modes in a three-dimensional artificial magnetic crystal,https://doi.org/10.1038/s41524-025-01784-2,2025,4,npj Computational Materials
W4387216532,Toward monolithic growth integration of nanowire electronics in 3D architecture: a review,https://doi.org/10.1007/s11432-023-3774-y,2023,16,Science China Information Sciences
W4312094140,Energy-adaptive resistive switching with controllable thresholds in insulator–metal transition,https://doi.org/10.1039/d2ra06866d,2022,3,RSC Advances
W4402925106,Stochastic Nature of Large‐Scale Contact Printed ZnO Nanowires Based Transistors,https://doi.org/10.1002/adfm.202412299,2024,7,Advanced Functional Materials
W4200502076,Evolution and modulation of Ag filament dynamics within memristive devices based on necklace-like Ag@TiO <sub>2</sub> nanowire networks,https://doi.org/10.1088/1361-6528/ac43e8,2021,8,Nanotechnology
W3217380699,A stretchable and strain-unperturbed pressure sensor for motion interference–free tactile monitoring on skins,https://doi.org/10.1126/sciadv.abi4563,2021,354,Science Advances
W4282839977,Distinguishing Local Demagnetization Contribution to the Magnetization Process in Multisegmented Nanowires,https://doi.org/10.3390/nano12121968,2022,5,Nanomaterials
W4390984675,Geometric Shape Recognition with an Ultra-High Density Perovskite Nanowire Array-Based Artificial Vision System,https://doi.org/10.1021/acsami.3c18719,2024,8,ACS Applied Materials & Interfaces
W4401963289,Hierarchical self-assembly of Au-nanoparticles into filaments: evolution and break,https://doi.org/10.1039/d4ra04100c,2024,2,RSC Advances
W4324335447,Superior resistive switching performance in SnO2 nanoparticles embedded TiO2 nanorods-based thin films,https://doi.org/10.1016/j.ceramint.2023.03.110,2023,9,Ceramics International
W4387327866,Short spin waves excitation in spin Hall nano-oscillators,https://doi.org/10.1016/j.jmmm.2023.171336,2023,4,Journal of Magnetism and Magnetic Materials
W3144049878,"A Review on MoS2 Properties, Synthesis, Sensing Applications and Challenges",https://doi.org/10.3390/cryst11040355,2021,322,Crystals
W3133966277,The 2021 Magnonics Roadmap,https://doi.org/10.1088/1361-648x/abec1a,2021,554,Journal of Physics Condensed Matter
W4402263031,Numerical Investigation on Structural Topology and Electrical Properties of Neuromorphic Nanowire Networks,https://doi.org/10.1109/eeet61723.2023.00040,2023,0,
W4378675734,High-fidelity moulding growth and cross-section shaping of ultrathin monocrystalline silicon nanowires,https://doi.org/10.1016/j.apsusc.2023.157635,2023,6,Applied Surface Science
W3136745054,Spoken Digit Classification by In-Materio Reservoir Computing with Neuromorphic Atomic Switch Networks,https://doi.org/10.48550/arxiv.2103.12835,2021,2,arXiv (Cornell University)
W4386226916,Memristive Reservoirs Learn to Learn,https://doi.org/10.1145/3589737.3605989,2023,3,
W3044855545,Giant nonlinear optical responses from photon-avalanching nanoparticles,https://doi.org/10.1038/s41586-020-03092-9,2021,294,Nature
W4391232091,Roadmapping the next generation of silicon photonics,https://doi.org/10.1038/s41467-024-44750-0,2024,637,Nature Communications
W4313455502,Prospects and applications of on-chip lasers,https://doi.org/10.1186/s43593-022-00027-x,2023,276,eLight
W3021590278,Spintronic devices for energy-efficient data storage and energy harvesting,https://doi.org/10.1038/s43246-020-0022-5,2020,284,Communications Materials
W4391288094,A complementary ternary inverter based on the line tunneling field effect transistors,https://doi.org/10.1016/j.mejo.2024.106119,2024,4,Microelectronics Journal
W3124053148,Benchmarking monolayer MoS2 and WS2 field-effect transistors,https://doi.org/10.1038/s41467-020-20732-w,2021,570,Nature Communications
W4200422835,"Domain wall nucleation, propagation and annihilation in coupled bent ferromagnetic nanofibers with rotating local input fields",https://doi.org/10.1016/j.jmmm.2021.168925,2021,3,Journal of Magnetism and Magnetic Materials
W4288080734,Microbial biofilms for electricity generation from water evaporation and power to wearables,https://doi.org/10.1038/s41467-022-32105-6,2022,171,Nature Communications
W4386427639,III-V Nanowire Based Neuromorphic Nanophotonic Circuits,https://doi.org/10.1109/cleo/europe-eqec57999.2023.10232449,2023,0,
W4315927895,A guide for the characterization of organic electrochemical transistors and channel materials,https://doi.org/10.1039/d2cs00920j,2023,293,Chemical Society Reviews
W4412379260,Quantized Conductance and Multilevel Memory Operation in Mn<sub>3</sub>O<sub>4</sub> Nanowire Network Devices Combined with Low Voltage Operation and Oxygen Vacancy Induced Resistive Switching,https://doi.org/10.1002/aelm.202500159,2025,1,Advanced Electronic Materials
W3130686177,Smart Design of Resistive Switching Memory by an In Situ Current‐Induced Oxidization Process on a Single Crystalline Metallic Nanowire,https://doi.org/10.1002/aelm.202000252,2021,3,Advanced Electronic Materials
W4367175856,Converging-guiding-track design enables 100% growth deployment rate of ultrathin monocrystalline silicon nanowire channels,https://doi.org/10.1063/5.0142492,2023,5,Applied Physics Letters
W4413100834,Curvature Induced Modifications of Chirality and Magnetic Configuration in Perpendicular Films,https://doi.org/10.1021/acsnano.5c08926,2025,3,ACS Nano
W4322183414,"Environment‐tolerant ionic hydrogel–elastomer hybrids with robust interfaces, high transparence, and biocompatibility for a mechanical–thermal multimode sensor",https://doi.org/10.1002/inf2.12409,2023,222,InfoMat
W4408783320,Machine learning and explainable-AI based prediction of gate-all-around ferroelectric-FET: how ML models influence XAI,https://doi.org/10.1088/1402-4896/adc499,2025,8,Physica Scripta
W3212553220,Integrated polarization-sensitive amplification system for digital information transmission,https://doi.org/10.1038/s41467-021-26919-z,2021,134,Nature Communications
W4416945714,Retina‐Mimetic In‐Sensor Visual Processing via Bidirectional Photoconductivity in Encapsulated Tellurium Nanowire Devices,https://doi.org/10.1002/adfm.202525952,2025,1,Advanced Functional Materials
W4410035780,Neuromorphic Readout for Hadron Calorimeters,https://doi.org/10.3390/particles8020052,2025,1,Particles
W4324149520,Resistive switching properties of SnO<sub>2</sub> nanowires fabricated by chemical vapor deposition,https://doi.org/10.1088/1674-1056/acc3fd,2023,3,Chinese Physics B
W3217475140,Optical meta-waveguides for integrated photonics and beyond,https://doi.org/10.1038/s41377-021-00655-x,2021,431,Light Science & Applications
W4410154533,Spatial Patterns in Fibrous Materials: A Metrological Framework for Pores and Junctions,https://doi.org/10.3390/metrology5020026,2025,1,Metrology
W4317932616,Third-Order Optical Nonlinearities of 2D Materials at Telecommunications Wavelengths,https://doi.org/10.3390/mi14020307,2023,137,Micromachines
W3092743927,Progress in<scp>TENG</scp>technology—A journey from energy harvesting to nanoenergy and nanosystem,https://doi.org/10.1002/eom2.12058,2020,345,EcoMat
W4396909943,A Self-Powered Multimodal Sen-Memory System,https://doi.org/10.1109/led.2024.3400949,2024,6,IEEE Electron Device Letters
W4312391094,Dynamically Reconfigurable Cryogenic Spiking Neuron based on Superconducting Memristor,https://doi.org/10.1109/nano54668.2022.9928634,2022,10,2022 IEEE 22nd International Conference on Nanotechnology (NANO)
W3208408859,Brain-inspired Cognition in Next-generation Racetrack Memories,https://doi.org/10.1145/3524071,2022,8,ACM Transactions on Embedded Computing Systems
W2969845773,Non-thermal resistive switching in Mott insulator nanowires,https://doi.org/10.1038/s41467-020-16752-1,2020,116,Nature Communications
W3160912662,Emerging Technologies: Challenges and Opportunities for Logic Synthesis,https://doi.org/10.1109/ddecs52668.2021.9417062,2021,3,
W4413607988,Lead-free halide perovskite memristors for scalable crossbar arrays,https://doi.org/10.1186/s40580-025-00507-z,2025,4,Nano Convergence
W4384038181,Synthesis and Characterization of Nanomaterials for Application in Cost-Effective Electrochemical Devices,https://doi.org/10.3390/su151410891,2023,290,Sustainability
W3052229291,Nonvolatile Multistates Memories for High-Density Data Storage,https://doi.org/10.1021/acsami.0c10184,2020,162,ACS Applied Materials & Interfaces
W4408731501,Optimization of Developed Memristive Silicon Nanowire using Heuristic Search Algorithms,https://doi.org/10.1007/s12633-025-03288-6,2025,1,Silicon
W3002930111,"Hardware Security for and beyond CMOS Technology: An Overview on Fundamentals, Applications, and Challenges",,2020,2,arXiv (Cornell University)
W3084428097,Non-equilibrium chiral domain wall dynamics excited by transverse magnetic field pulses,https://doi.org/10.1088/1361-648x/abb64f,2020,3,Journal of Physics Condensed Matter
W3131706224,Metal–Oxide Nanowire Molecular Sensors and Their Promises,https://doi.org/10.3390/chemosensors9020041,2021,48,Chemosensors
W4285036697,Tactile Near‐Sensor Analogue Computing for Ultrafast Responsive Artificial Skin,https://doi.org/10.1002/adma.202201962,2022,119,Advanced Materials
W4200207899,Modeling and Characterization of Stochastic Resistive Switching in Single Ag2S Nanowires,https://doi.org/10.21203/rs.3.rs-1096723/v1,2021,1,Research Square
W4365815462,Dynamic machine vision with retinomorphic photomemristor-reservoir computing,https://doi.org/10.1038/s41467-023-37886-y,2023,113,Nature Communications
W4395044100,"Wide Bandgap Semiconductors for Ultraviolet Photodetectors: Approaches, Applications, and Prospects",https://doi.org/10.34133/research.0385,2024,120,Research
W3036667467,Domain-wall engineering and topological defects in ferroelectric and ferroelastic materials,https://doi.org/10.1038/s42254-020-0235-z,2020,327,Nature Reviews Physics
W3028335507,Continuously controllable photoconductance in freestanding BiFeO3 by the macroscopic flexoelectric effect,https://doi.org/10.1038/s41467-020-16465-5,2020,162,Nature Communications
W3194659645,Progress in ZnO Nanosensors,https://doi.org/10.3390/s21165502,2021,100,Sensors
W4407753521,Role of the oxide in memristive quasi-1D silicon nanowires,https://doi.org/10.1039/d5nr00104h,2025,1,Nanoscale
W3206452593,Classifications and Applications of Inkjet Printing Technology: A Review,https://doi.org/10.1109/access.2021.3119219,2021,264,IEEE Access
W3113820668,All-inorganic perovskite quantum dot light-emitting memories,https://doi.org/10.1038/s41467-021-24762-w,2021,122,Nature Communications
W4387417127,A Deep Dive Into the Design Space of a Dynamically Reconfigurable Cryogenic Spiking Neuron,https://doi.org/10.1109/tnano.2023.3322138,2023,4,IEEE Transactions on Nanotechnology
W3170662839,Highly Sensitive Pseudocapacitive Iontronic Pressure Sensor with Broad Sensing Range,https://doi.org/10.1007/s40820-021-00664-w,2021,157,Nano-Micro Letters
W3170157348,Highly sensitive active pixel image sensor array driven by large-area bilayer MoS2 transistor circuitry,https://doi.org/10.1038/s41467-021-23711-x,2021,161,Nature Communications
W4320486502,Echo state graph neural networks with analogue random resistive memory arrays,https://doi.org/10.1038/s42256-023-00609-5,2023,81,Nature Machine Intelligence
W4226354009,Electronic Waste Reduction Through Devices and Printed Circuit Boards Designed for Circularity,https://doi.org/10.1109/jflex.2022.3159258,2022,108,IEEE Journal on Flexible Electronics
W3125859300,"Recent Progress on Vanadium Dioxide Nanostructures and Devices: Fabrication, Properties, Applications and Perspectives",https://doi.org/10.3390/nano11020338,2021,140,Nanomaterials
W4229055935,Emergent ferroelectricity in subnanometer binary oxide films on silicon,https://doi.org/10.1126/science.abm8642,2022,180,Science
W4282000530,Discrete Memristor and Discrete Memristive Systems,https://doi.org/10.3390/e24060786,2022,71,Entropy
W4394885840,Intelligent perceptual textiles based on ionic-conductive and strong silk fibers,https://doi.org/10.1038/s41467-024-47665-y,2024,119,Nature Communications
W3194204240,Application of intrinsically conducting polymers in flexible electronics,https://doi.org/10.1002/smm2.1059,2021,181,SmartMat
W3100547764,Topology and control of self-assembled domain patterns in low-dimensional ferroelectrics,https://doi.org/10.1038/s41467-020-19519-w,2020,90,Nature Communications
W3124528511,An on-demand plant-based actuator created using conformable electrodes,https://doi.org/10.1038/s41928-020-00530-4,2021,145,Nature Electronics
W4293464737,Smart Eutectic Gallium–Indium: From Properties to Applications,https://doi.org/10.1002/adma.202203391,2022,259,Advanced Materials
W4387937364,Electrical and Thermal Conductivities of Single CuxO Nanowires,https://doi.org/10.3390/nano13212822,2023,9,Nanomaterials
W4321782508,Spintronic leaky-integrate-fire spiking neurons with self-reset and winner-takes-all for neuromorphic computing,https://doi.org/10.1038/s41467-023-36728-1,2023,89,Nature Communications
W3082958226,Conduction Mechanism and Performance Evaluation of Advance Nanoscale Semiconductor Devices,https://doi.org/10.1201/9781003082859-9,2020,1,Nanotechnology
W4411087493,Leaf-based energy harvesting and storage utilizing hygroscopic iron hydrogel for continuous power generation,https://doi.org/10.1038/s41467-025-60341-z,2025,117,Nature Communications
W4380184611,Experimental demonstration of a skyrmion-enhanced strain-mediated physical reservoir computing system,https://doi.org/10.1038/s41467-023-39207-9,2023,72,Nature Communications
W3080351406,Writing 3D Nanomagnets Using Focused Electron Beams,https://doi.org/10.3390/ma13173774,2020,101,Materials
W3048058190,Flexible Waterproof Piezoresistive Pressure Sensors with Wide Linear Working Range Based on Conductive Fabrics,https://doi.org/10.1007/s40820-020-00498-y,2020,104,Nano-Micro Letters
W4308298189,Anisotropic charge trapping in phototransistors unlocks ultrasensitive polarimetry for bionic navigation,https://doi.org/10.1038/s41467-022-34421-3,2022,71,Nature Communications
W4321604929,Recent progress with one-dimensional metal halide perovskites: from rational synthesis to optoelectronic applications,https://doi.org/10.1038/s41427-023-00465-0,2023,96,NPG Asia Materials
W4281693315,Ferroelectric domain-wall logic units,https://doi.org/10.1038/s41467-022-30983-4,2022,95,Nature Communications
W4291222780,Imbibition-induced selective wetting of liquid metal,https://doi.org/10.1038/s41467-022-32259-3,2022,89,Nature Communications
W4205465748,Integrated Hybrid VO<sub>2</sub>–Silicon Optical Memory,https://doi.org/10.1021/acsphotonics.1c01410,2022,67,ACS Photonics
W4387906791,FAULT-TOLERANT SELT-TIMED COUNTERS,https://doi.org/10.29003/m3614.mmmsec-2023/167-170,2023,41,
W4380050697,Recent Progress in Micro- and Nanotechnology-Enabled Sensors for Biomedical and Environmental Challenges,https://doi.org/10.3390/s23125406,2023,175,Sensors
W3014668567,Thermal scanning probe lithography—a review,https://doi.org/10.1038/s41378-019-0124-8,2020,155,Microsystems & Nanoengineering
W4392459489,Metal Oxide-Based Sensors for Ecological Monitoring: Progress and Perspectives,https://doi.org/10.3390/chemosensors12030042,2024,45,Chemosensors
W4383102419,Pattern recognition in reciprocal space with a magnon-scattering reservoir,https://doi.org/10.1038/s41467-023-39452-y,2023,60,Nature Communications
W4224214361,Plasmonic Biosensors: Review,https://doi.org/10.3390/biology11050621,2022,84,Biology
W3137642084,Rational design of high-quality 2D/3D perovskite heterostructure crystals for record-performance polarization-sensitive photodetection,https://doi.org/10.1093/nsr/nwab044,2021,59,National Science Review
W4372337386,Distinguishing artificial spin ice states using magnetoresistance effect for neuromorphic computing,https://doi.org/10.1038/s41467-023-38286-y,2023,43,Nature Communications
W3175680574,Operando optical tracking of single-particle ion dynamics in batteries.,https://doi.org/10.17863/cam.69529,2021,213,Apollo (University of Cambridge)
W3198368683,Thermal transport in defective and disordered materials,https://doi.org/10.1063/5.0055593,2021,104,Applied Physics Reviews
W3099803581,REFLECTION SPECTRA OF GE-SB-TE DIFFRACTION GRATING ON A SILICON-ON-INSULATOR WAVEGUIDE,https://doi.org/10.29003/m1603.silicon-2020/211-214,2020,87,"International Forum “Microelectronics – 2020”. Joung Scientists Scholarship “Microelectronics – 2020”. XIII International conference «Silicon – 2020». XII young scientists scholarship for silicon nanostructures and devices physics, material science, process and analysis"
W4225329124,The era of nano-bionic: 2D materials for wearable and implantable body sensors,https://doi.org/10.1016/j.addr.2022.114315,2022,40,Advanced Drug Delivery Reviews
W4390204689,Recent advances in enhancing the photodetector performance of 2D materials by combining them with organic thin films,https://doi.org/10.1039/d3tc04206e,2023,60,Journal of Materials Chemistry C
W4285307222,Review and Perspectives of Micro/Nano Technologies as Key-Enablers of 6G,https://doi.org/10.1109/access.2022.3176348,2022,31,IEEE Access
W4368372711,"Electroencephalogram based brain-computer interface: Applications, challenges, and opportunities",https://doi.org/10.1007/s11042-023-15653-x,2023,54,Multimedia Tools and Applications
W4319987125,Roadmap for Unconventional Computing with Nanotechnology,https://doi.org/10.48550/arxiv.2301.06727,2023,10,arXiv (Cornell University)
W4311883793,"Recent Progress in Thin-Film Transistors toward Digital, Analog, and Functional Circuits",https://doi.org/10.3390/mi13122258,2022,14,Micromachines
W4401761135,Interference haptic stimulation and consistent quantitative tactility in transparent electrotactile screen with pressure-sensitive transistors,https://doi.org/10.1038/s41467-024-51593-2,2024,19,Nature Communications
W4406688611,Organic semiconductors based wearable bioelectronics,https://doi.org/10.1016/j.wees.2024.12.003,2025,19,Wearable electronics.
W4384821287,Polyurethanes Modified by Ionic Liquids and Their Applications,https://doi.org/10.3390/ijms241411627,2023,19,International Journal of Molecular Sciences
W4386314743,Surfactant‐Free Ultrasonication‐Assisted Synthesis of 2d Tellurium Based on Metastable 1T'‐MoTe<sub>2</sub>,https://doi.org/10.1002/adma.202306962,2023,15,Advanced Materials
W3029836304,Carbon-Based Smart Materials,https://doi.org/10.1515/9783110479133,2020,14,
W4402194251,Organic Ferroelectrics for Regulation of Electronic and Ionic Transport Toward Neuromorphic Applications,https://doi.org/10.1002/apxr.202400087,2024,12,Advanced Physics Research
W4400364196,Recent Progress in Organic Electrochemical Transistor-Structured Biosensors,https://doi.org/10.3390/bios14070330,2024,11,Biosensors
W4411927774,Bioinspired Adaptive Sensors: A Review on Current Developments in Theory and Application,https://doi.org/10.1002/adma.202505420,2025,9,Advanced Materials
W4395053326,Orthogonal printing of uniform nanocomposite monolayer and oriented organic semiconductor crystals for high-performance nano-crystal floating gate memory,https://doi.org/10.1016/j.jcis.2024.04.160,2024,9,Journal of Colloid and Interface Science
W4206210733,Challenges and emerging opportunities in transistor-based ultrathin electronics: design and fabrication for healthcare applications,https://doi.org/10.1039/d1tc04384f,2022,11,Journal of Materials Chemistry C
W4316362981,Emerging Bio‐Interfacing Wearable Devices for Signal Monitoring: Overview of the Mechanisms and Diverse Sensor Designs to Target Distinct Physiological Bio‐Parameters,https://doi.org/10.1002/adsr.202200049,2023,25,Advanced Sensor Research
